CustomerID,Age,AnnualIncome,Channel,ProductType,ABTestGroup,PropensityScore,AnnualPremium,Converted,CampaignDate
CUST-00001,24,48701,Paid Search,Term Life,Variant A,66,15.0,1,2026-02-22
CUST-00002,28,62499,Email,Term Life,Variant A,8,0.0,0,2026-04-01
CUST-00003,46,102004,Paid Social,Accidental Death,Variant A,10,0.0,0,2026-04-09
CUST-00004,27,77719,Paid Social,Term Life,Variant A,94,15.0,1,2026-01-21
CUST-00005,55,25000,Paid Search,Accidental Death,Control,84,15.0,1,2026-01-20
CUST-00006,41,25000,Paid Search,Term Life,Control,76,15.0,1,2026-01-19
CUST-00007,43,63392,Paid Search,Whole Life,Control,96,0.0,0,2026-02-02
CUST-00008,38,34681,Email,Accidental Death,Control,20,15.0,1,2026-04-30
CUST-00009,51,81213,Paid Social,Term Life,Control,42,0.0,0,2026-03-04
CUST-00010,51,66056,Paid Social,Term Life,Variant A,53,15.0,1,2026-03-09
CUST-00011,46,69134,Paid Search,Term Life,Variant A,65,0.0,0,2026-03-01
CUST-00012,48,47331,Email,Whole Life,Control,69,0.0,0,2026-01-19
CUST-00013,39,108534,Email,Whole Life,Variant A,87,18.11,1,2026-04-26
CUST-00014,48,136064,Paid Search,Whole Life,Variant A,54,0.0,0,2026-04-23
CUST-00015,37,58035,Paid Search,Term Life,Variant A,21,0.0,0,2026-01-28
CUST-00016,42,73825,Paid Search,Term Life,Variant A,32,0.0,0,2026-01-22
CUST-00017,38,67435,Paid Search,Term Life,Control,48,15.0,1,2026-02-20
CUST-00018,36,58507,Paid Social,Term Life,Control,16,0.0,0,2026-03-29
CUST-00019,33,44198,Paid Social,Whole Life,Variant A,74,0.0,0,2026-04-20
CUST-00020,47,37875,Paid Search,Accidental Death,Control,75,0.0,0,2026-03-04
CUST-00021,57,36610,Paid Social,Whole Life,Control,76,0.0,0,2026-03-03
CUST-00022,56,75131,Paid Search,Term Life,Variant A,7,0.0,0,2026-04-04
CUST-00023,26,52008,Paid Search,Accidental Death,Variant A,53,0.0,0,2026-01-29
CUST-00024,57,25000,Paid Search,Whole Life,Control,25,0.0,0,2026-03-15
CUST-00025,38,76121,Paid Social,Accidental Death,Control,12,0.0,0,2026-04-27
CUST-00026,49,64043,Paid Social,Whole Life,Control,68,0.0,0,2026-02-01
CUST-00027,31,98666,Paid Search,Term Life,Control,96,15.0,1,2026-03-14
CUST-00028,43,74328,Paid Social,Term Life,Variant A,63,15.0,1,2026-01-25
CUST-00029,45,28033,Paid Social,Whole Life,Control,34,15.0,1,2026-01-16
CUST-00030,24,25000,Paid Search,Term Life,Variant A,36,0.0,0,2026-01-15
CUST-00031,49,47013,Paid Social,Term Life,Variant A,79,15.0,1,2026-02-28
CUST-00032,58,49372,Paid Search,Whole Life,Variant A,24,0.0,0,2026-02-17
CUST-00033,39,88578,Paid Search,Whole Life,Variant A,20,0.0,0,2026-01-18
CUST-00034,58,64778,Email,Whole Life,Control,29,0.0,0,2026-04-27
CUST-00035,39,93342,Email,Term Life,Variant A,64,0.0,0,2026-01-23
CUST-00036,52,31879,Email,Term Life,Variant A,49,15.0,1,2026-02-24
CUST-00037,18,89131,Paid Search,Whole Life,Variant A,13,0.0,0,2026-02-11
CUST-00038,71,83024,Paid Search,Accidental Death,Control,55,0.0,0,2026-01-03
CUST-00039,59,25000,Paid Social,Whole Life,Control,65,0.0,0,2026-03-12
CUST-00040,38,98065,Paid Social,Accidental Death,Control,44,0.0,0,2026-04-13
CUST-00041,18,67336,Paid Search,Whole Life,Variant A,65,15.0,1,2026-02-21
CUST-00042,45,74801,Paid Social,Whole Life,Variant A,71,15.0,1,2026-01-11
CUST-00043,24,43377,Paid Search,Term Life,Variant A,84,15.0,1,2026-02-24
CUST-00044,47,96881,Email,Whole Life,Variant A,80,0.0,0,2026-03-29
CUST-00045,46,35353,Paid Search,Whole Life,Control,19,0.0,0,2026-04-09
CUST-00046,30,85802,Paid Social,Whole Life,Variant A,57,0.0,0,2026-04-24
CUST-00047,55,85515,Paid Search,Term Life,Variant A,8,0.0,0,2026-01-25
CUST-00048,51,40645,Paid Social,Whole Life,Control,27,15.0,1,2026-04-02
CUST-00049,53,114584,Paid Social,Term Life,Variant A,31,0.0,0,2026-03-17
CUST-00050,42,70788,Paid Search,Whole Life,Variant A,41,0.0,0,2026-03-28
CUST-00051,25,81347,Email,Term Life,Control,81,0.0,0,2026-03-22
CUST-00052,53,26821,Paid Social,Accidental Death,Variant A,47,15.0,1,2026-02-10
CUST-00053,38,117943,Email,Term Life,Variant A,41,0.0,0,2026-02-06
CUST-00054,25,34386,Email,Term Life,Control,89,15.0,1,2026-03-23
CUST-00055,58,90622,Paid Social,Term Life,Control,33,15.0,1,2026-02-24
CUST-00056,67,40130,Email,Whole Life,Control,33,15.0,1,2026-01-09
CUST-00057,41,49525,Paid Search,Term Life,Variant A,53,15.0,1,2026-04-19
CUST-00058,67,84718,Paid Search,Term Life,Control,79,0.0,0,2026-04-09
CUST-00059,43,90688,Paid Search,Whole Life,Control,55,19.37,1,2026-02-05
CUST-00060,37,33217,Paid Search,Term Life,Control,54,0.0,0,2026-02-26
CUST-00061,34,92261,Paid Search,Accidental Death,Control,32,0.0,0,2026-03-04
CUST-00062,61,91124,Paid Search,Accidental Death,Control,78,0.0,0,2026-03-23
CUST-00063,32,41551,Email,Whole Life,Control,9,15.0,1,2026-01-20
CUST-00064,50,104966,Paid Search,Term Life,Control,60,15.0,1,2026-03-26
CUST-00065,35,28578,Paid Search,Whole Life,Control,68,0.0,0,2026-02-16
CUST-00066,36,49380,Paid Social,Term Life,Variant A,93,15.0,1,2026-01-20
CUST-00067,54,76975,Paid Search,Term Life,Variant A,21,15.0,1,2026-04-29
CUST-00068,37,43660,Email,Term Life,Control,93,15.0,1,2026-01-06
CUST-00069,37,71595,Paid Search,Accidental Death,Variant A,59,0.0,0,2026-03-14
CUST-00070,55,71026,Email,Term Life,Variant A,13,0.0,0,2026-04-17
CUST-00071,61,60323,Paid Social,Whole Life,Control,95,15.0,1,2026-04-03
CUST-00072,49,85810,Paid Search,Whole Life,Control,93,0.0,0,2026-01-29
CUST-00073,34,59290,Paid Search,Term Life,Variant A,72,0.0,0,2026-03-18
CUST-00074,35,70788,Email,Term Life,Control,77,0.0,0,2026-04-10
CUST-00075,42,93661,Paid Social,Accidental Death,Variant A,83,15.0,1,2026-04-01
CUST-00076,45,84767,Paid Social,Whole Life,Variant A,20,0.0,0,2026-04-21
CUST-00077,30,84650,Paid Social,Whole Life,Variant A,20,0.0,0,2026-02-18
CUST-00078,50,36270,Paid Search,Term Life,Variant A,17,0.0,0,2026-04-18
CUST-00079,43,78119,Paid Search,Term Life,Variant A,82,15.0,1,2026-01-06
CUST-00080,21,43037,Paid Search,Term Life,Variant A,90,0.0,0,2026-02-08
CUST-00081,30,32964,Email,Term Life,Variant A,89,0.0,0,2026-02-01
CUST-00082,35,63207,Paid Social,Term Life,Control,77,15.0,1,2026-02-18
CUST-00083,41,42392,Paid Search,Accidental Death,Variant A,67,15.0,1,2026-02-12
CUST-00084,64,84765,Paid Search,Term Life,Variant A,45,0.0,0,2026-04-18
CUST-00085,44,85363,Paid Search,Term Life,Variant A,57,15.0,1,2026-01-28
CUST-00086,31,25000,Paid Search,Whole Life,Control,72,0.0,0,2026-02-14
CUST-00087,44,44292,Paid Social,Whole Life,Control,78,0.0,0,2026-03-06
CUST-00088,37,28505,Paid Social,Term Life,Variant A,13,0.0,0,2026-02-19
CUST-00089,45,53434,Email,Whole Life,Variant A,55,0.0,0,2026-02-23
CUST-00090,48,76379,Paid Social,Term Life,Control,52,15.0,1,2026-02-20
CUST-00091,56,58942,Paid Search,Term Life,Control,84,15.0,1,2026-02-12
CUST-00092,41,50256,Paid Social,Term Life,Variant A,53,0.0,0,2026-03-05
CUST-00093,61,97504,Paid Social,Accidental Death,Control,22,0.0,0,2026-04-05
CUST-00094,52,25000,Paid Social,Term Life,Control,14,0.0,0,2026-01-30
CUST-00095,33,95921,Paid Social,Term Life,Variant A,89,15.0,1,2026-04-28
CUST-00096,68,51392,Paid Social,Term Life,Variant A,58,15.0,1,2026-03-23
CUST-00097,45,63047,Paid Social,Accidental Death,Control,83,15.0,1,2026-04-03
CUST-00098,31,51815,Paid Social,Term Life,Variant A,19,0.0,0,2026-02-11
CUST-00099,61,103572,Paid Search,Term Life,Variant A,15,0.0,0,2026-02-07
CUST-00100,66,34225,Paid Search,Term Life,Variant A,44,15.0,1,2026-03-28
CUST-00101,41,65293,Paid Search,Term Life,Control,51,0.0,0,2026-03-27
CUST-00102,35,78185,Paid Social,Whole Life,Control,24,0.0,0,2026-03-07
CUST-00103,39,25000,Paid Search,Whole Life,Control,26,0.0,0,2026-03-10
CUST-00104,50,42002,Paid Social,Term Life,Control,52,0.0,0,2026-04-16
CUST-00105,57,61295,Email,Term Life,Control,86,15.0,1,2026-01-15
CUST-00106,48,42833,Paid Search,Term Life,Control,20,0.0,0,2026-03-02
CUST-00107,43,44610,Paid Social,Term Life,Control,9,0.0,0,2026-04-06
CUST-00108,59,56253,Paid Social,Term Life,Control,69,0.0,0,2026-04-20
CUST-00109,38,81239,Paid Search,Whole Life,Control,87,0.0,0,2026-01-06
CUST-00110,54,56432,Paid Search,Accidental Death,Control,78,0.0,0,2026-03-19
CUST-00111,38,91960,Paid Search,Accidental Death,Variant A,25,0.0,0,2026-01-24
CUST-00112,47,40056,Paid Search,Accidental Death,Control,65,0.0,0,2026-03-26
CUST-00113,40,33701,Email,Whole Life,Control,81,0.0,0,2026-01-14
CUST-00114,41,113158,Email,Whole Life,Control,59,19.68,1,2026-01-12
CUST-00115,37,48551,Paid Social,Term Life,Variant A,28,0.0,0,2026-02-24
CUST-00116,58,32227,Email,Whole Life,Control,27,0.0,0,2026-03-09
CUST-00117,33,25000,Email,Term Life,Variant A,91,0.0,0,2026-02-13
CUST-00118,33,91877,Paid Search,Term Life,Variant A,15,0.0,0,2026-03-26
CUST-00119,67,56467,Email,Whole Life,Control,51,15.0,1,2026-03-22
CUST-00120,53,58657,Paid Social,Term Life,Variant A,6,0.0,0,2026-04-03
CUST-00121,18,61019,Email,Term Life,Variant A,74,15.0,1,2026-02-20
CUST-00122,35,90323,Email,Accidental Death,Control,57,15.0,1,2026-03-21
CUST-00123,20,60511,Paid Search,Term Life,Control,15,0.0,0,2026-03-23
CUST-00124,30,123601,Paid Search,Term Life,Variant A,19,0.0,0,2026-02-07
CUST-00125,18,68344,Paid Search,Accidental Death,Variant A,77,0.0,0,2026-02-10
CUST-00126,40,91544,Paid Social,Whole Life,Control,16,15.0,1,2026-04-25
CUST-00127,28,85130,Email,Whole Life,Control,40,15.0,1,2026-02-13
CUST-00128,42,64088,Email,Term Life,Control,96,15.0,1,2026-03-16
CUST-00129,22,50325,Paid Search,Term Life,Variant A,27,0.0,0,2026-04-06
CUST-00130,42,73299,Paid Social,Accidental Death,Variant A,31,0.0,0,2026-04-02
CUST-00131,37,77752,Paid Social,Whole Life,Control,92,15.0,1,2026-01-16
CUST-00132,60,50685,Paid Search,Whole Life,Variant A,18,0.0,0,2026-04-08
CUST-00133,58,69158,Paid Search,Term Life,Control,58,0.0,0,2026-02-19
CUST-00134,51,95905,Paid Search,Term Life,Variant A,31,0.0,0,2026-04-04
CUST-00135,38,116748,Email,Accidental Death,Control,25,0.0,0,2026-02-07
CUST-00136,65,86359,Paid Search,Term Life,Variant A,53,15.0,1,2026-03-27
CUST-00137,23,111568,Paid Social,Whole Life,Variant A,66,19.74,1,2026-01-05
CUST-00138,25,49265,Paid Social,Term Life,Variant A,81,0.0,0,2026-01-09
CUST-00139,40,82547,Paid Search,Whole Life,Control,76,15.0,1,2026-03-18
CUST-00140,69,98462,Email,Accidental Death,Variant A,48,0.0,0,2026-02-08
CUST-00141,39,42591,Email,Whole Life,Variant A,48,0.0,0,2026-03-28
CUST-00142,39,52860,Paid Search,Term Life,Variant A,65,15.0,1,2026-01-27
CUST-00143,24,108447,Paid Social,Whole Life,Control,46,0.0,0,2026-02-01
CUST-00144,53,40622,Paid Search,Whole Life,Variant A,27,0.0,0,2026-03-05
CUST-00145,53,31471,Paid Search,Term Life,Control,77,0.0,0,2026-04-05
CUST-00146,51,103199,Paid Search,Accidental Death,Control,5,0.0,0,2026-02-02
CUST-00147,34,94919,Paid Social,Whole Life,Control,40,0.0,0,2026-04-16
CUST-00148,33,75803,Paid Social,Accidental Death,Control,59,0.0,0,2026-03-31
CUST-00149,26,63857,Paid Search,Whole Life,Control,20,0.0,0,2026-01-18
CUST-00150,43,54036,Paid Search,Term Life,Control,93,15.0,1,2026-03-17
CUST-00151,29,72048,Email,Term Life,Control,22,0.0,0,2026-03-08
CUST-00152,27,104495,Paid Search,Term Life,Variant A,42,0.0,0,2026-01-05
CUST-00153,36,70964,Paid Search,Accidental Death,Control,71,15.0,1,2026-03-19
CUST-00154,36,119173,Paid Social,Whole Life,Variant A,24,0.0,0,2026-02-28
CUST-00155,35,42551,Email,Whole Life,Variant A,23,0.0,0,2026-04-21
CUST-00156,47,64507,Paid Search,Term Life,Variant A,17,0.0,0,2026-03-17
CUST-00157,42,55673,Paid Social,Term Life,Variant A,21,0.0,0,2026-01-04
CUST-00158,38,37871,Paid Social,Whole Life,Control,82,15.0,1,2026-04-30
CUST-00159,44,61172,Paid Search,Term Life,Variant A,34,0.0,0,2026-01-16
CUST-00160,30,75433,Paid Social,Term Life,Variant A,90,15.0,1,2026-03-16
CUST-00161,43,78105,Paid Search,Whole Life,Variant A,47,15.0,1,2026-04-10
CUST-00162,43,119261,Paid Social,Term Life,Variant A,52,0.0,0,2026-04-12
CUST-00163,23,76611,Paid Social,Term Life,Variant A,47,0.0,0,2026-02-17
CUST-00164,53,93753,Paid Social,Term Life,Control,97,15.0,1,2026-03-07
CUST-00165,31,66652,Paid Search,Term Life,Variant A,70,0.0,0,2026-03-18
CUST-00166,43,106951,Email,Accidental Death,Variant A,57,0.0,0,2026-01-08
CUST-00167,55,124961,Paid Search,Term Life,Control,76,15.0,1,2026-02-13
CUST-00168,53,78277,Paid Search,Term Life,Variant A,82,15.0,1,2026-01-21
CUST-00169,42,40183,Paid Search,Term Life,Variant A,38,0.0,0,2026-01-26
CUST-00170,37,51279,Paid Social,Whole Life,Variant A,81,15.0,1,2026-04-12
CUST-00171,53,72048,Paid Social,Term Life,Variant A,78,15.0,1,2026-02-04
CUST-00172,50,76412,Paid Search,Whole Life,Control,76,0.0,0,2026-01-15
CUST-00173,34,82460,Paid Social,Term Life,Variant A,75,0.0,0,2026-02-09
CUST-00174,32,76504,Paid Search,Term Life,Variant A,17,0.0,0,2026-01-30
CUST-00175,18,65174,Paid Social,Term Life,Variant A,94,15.0,1,2026-03-07
CUST-00176,43,49095,Paid Search,Accidental Death,Control,60,15.0,1,2026-03-21
CUST-00177,41,75028,Paid Social,Accidental Death,Control,63,15.0,1,2026-01-13
CUST-00178,55,111374,Paid Search,Term Life,Variant A,36,15.0,1,2026-01-01
CUST-00179,46,90498,Email,Whole Life,Control,87,15.15,1,2026-02-12
CUST-00180,58,78367,Paid Search,Accidental Death,Variant A,83,15.0,1,2026-01-28
CUST-00181,33,90739,Paid Search,Term Life,Control,58,15.0,1,2026-01-01
CUST-00182,55,55723,Paid Search,Accidental Death,Variant A,6,0.0,0,2026-02-09
CUST-00183,35,52293,Email,Term Life,Control,41,0.0,0,2026-02-03
CUST-00184,51,46305,Email,Accidental Death,Variant A,87,15.0,1,2026-01-13
CUST-00185,24,61867,Paid Search,Whole Life,Variant A,37,0.0,0,2026-03-02
CUST-00186,44,54449,Paid Social,Accidental Death,Control,5,0.0,0,2026-04-27
CUST-00187,18,95206,Email,Whole Life,Variant A,32,0.0,0,2026-03-07
CUST-00188,38,53116,Paid Social,Term Life,Control,21,0.0,0,2026-01-04
CUST-00189,47,44931,Paid Social,Accidental Death,Variant A,61,0.0,0,2026-03-30
CUST-00190,35,113564,Paid Search,Term Life,Variant A,74,15.0,1,2026-04-08
CUST-00191,29,53715,Paid Search,Term Life,Control,56,15.0,1,2026-01-13
CUST-00192,52,68838,Email,Whole Life,Control,48,0.0,0,2026-02-05
CUST-00193,40,76283,Email,Whole Life,Variant A,88,0.0,0,2026-04-06
CUST-00194,36,36582,Paid Social,Accidental Death,Control,51,15.0,1,2026-03-02
CUST-00195,42,95887,Paid Search,Term Life,Control,17,0.0,0,2026-02-27
CUST-00196,73,80927,Paid Search,Whole Life,Variant A,80,15.0,1,2026-03-26
CUST-00197,55,103959,Paid Social,Whole Life,Control,34,0.0,0,2026-03-31
CUST-00198,55,48019,Email,Term Life,Variant A,89,15.0,1,2026-01-15
CUST-00199,47,67478,Email,Term Life,Variant A,70,0.0,0,2026-04-03
CUST-00200,43,65983,Paid Social,Term Life,Control,57,0.0,0,2026-03-31
CUST-00201,18,71597,Paid Social,Term Life,Control,22,15.0,1,2026-03-26
CUST-00202,33,28634,Paid Search,Accidental Death,Variant A,32,15.0,1,2026-01-12
CUST-00203,36,67770,Paid Search,Whole Life,Control,8,0.0,0,2026-03-17
CUST-00204,19,29338,Email,Whole Life,Control,46,0.0,0,2026-03-10
CUST-00205,28,73958,Paid Social,Accidental Death,Variant A,10,0.0,0,2026-03-02
CUST-00206,18,25000,Paid Search,Term Life,Variant A,13,0.0,0,2026-02-11
CUST-00207,41,25000,Paid Search,Accidental Death,Control,24,0.0,0,2026-03-31
CUST-00208,51,85463,Paid Social,Term Life,Variant A,98,15.0,1,2026-02-01
CUST-00209,55,51329,Paid Search,Accidental Death,Variant A,42,15.0,1,2026-01-02
CUST-00210,46,40303,Paid Search,Term Life,Variant A,72,15.0,1,2026-01-08
CUST-00211,30,96771,Paid Social,Accidental Death,Variant A,54,15.0,1,2026-04-01
CUST-00212,18,73190,Paid Social,Term Life,Variant A,64,0.0,0,2026-04-11
CUST-00213,20,86802,Paid Social,Term Life,Control,17,0.0,0,2026-02-23
CUST-00214,26,60843,Paid Search,Whole Life,Control,98,0.0,0,2026-01-08
CUST-00215,31,131990,Paid Social,Term Life,Control,46,0.0,0,2026-03-29
CUST-00216,40,49887,Paid Search,Whole Life,Control,72,15.0,1,2026-01-13
CUST-00217,29,108612,Paid Search,Term Life,Control,29,0.0,0,2026-01-29
CUST-00218,46,63465,Paid Social,Whole Life,Control,35,15.0,1,2026-01-13
CUST-00219,39,25000,Paid Social,Term Life,Variant A,16,0.0,0,2026-02-27
CUST-00220,42,77071,Email,Term Life,Control,68,0.0,0,2026-03-04
CUST-00221,55,72869,Paid Social,Term Life,Variant A,83,0.0,0,2026-03-28
CUST-00222,27,38716,Paid Social,Term Life,Control,65,15.0,1,2026-02-16
CUST-00223,47,41944,Paid Search,Term Life,Variant A,57,0.0,0,2026-03-20
CUST-00224,41,64382,Paid Search,Term Life,Variant A,30,0.0,0,2026-03-29
CUST-00225,37,73743,Paid Search,Term Life,Variant A,65,0.0,0,2026-04-17
CUST-00226,52,25000,Paid Search,Term Life,Variant A,14,0.0,0,2026-03-28
CUST-00227,52,91328,Email,Whole Life,Variant A,16,0.0,0,2026-03-15
CUST-00228,30,52637,Paid Search,Accidental Death,Variant A,26,0.0,0,2026-02-07
CUST-00229,39,31706,Email,Term Life,Control,57,15.0,1,2026-03-10
CUST-00230,45,88526,Paid Social,Whole Life,Variant A,25,0.0,0,2026-03-10
CUST-00231,38,64409,Paid Social,Whole Life,Control,39,0.0,0,2026-04-05
CUST-00232,49,95404,Paid Social,Term Life,Control,75,0.0,0,2026-02-09
CUST-00233,45,75948,Paid Social,Whole Life,Control,86,15.0,1,2026-01-01
CUST-00234,63,64962,Paid Social,Term Life,Control,31,0.0,0,2026-01-02
CUST-00235,23,61181,Paid Search,Whole Life,Control,64,15.0,1,2026-04-23
CUST-00236,40,77067,Paid Social,Term Life,Control,51,15.0,1,2026-01-29
CUST-00237,31,54661,Paid Search,Whole Life,Control,70,0.0,0,2026-01-07
CUST-00238,49,43685,Paid Search,Whole Life,Control,19,0.0,0,2026-04-03
CUST-00239,22,80247,Paid Social,Term Life,Control,28,0.0,0,2026-02-26
CUST-00240,46,61387,Paid Search,Term Life,Variant A,88,0.0,0,2026-02-24
CUST-00241,34,65839,Email,Accidental Death,Control,14,0.0,0,2026-03-14
CUST-00242,33,92234,Email,Term Life,Variant A,92,0.0,0,2026-02-05
CUST-00243,24,62153,Email,Whole Life,Control,28,15.0,1,2026-01-07
CUST-00244,36,65375,Paid Search,Accidental Death,Variant A,92,0.0,0,2026-04-02
CUST-00245,55,50008,Paid Search,Whole Life,Control,61,0.0,0,2026-01-10
CUST-00246,41,75768,Email,Whole Life,Variant A,38,15.0,1,2026-03-21
CUST-00247,49,73745,Paid Social,Whole Life,Control,45,0.0,0,2026-03-15
CUST-00248,61,87519,Email,Accidental Death,Variant A,44,15.0,1,2026-02-08
CUST-00249,45,50521,Email,Term Life,Control,15,0.0,0,2026-02-27
CUST-00250,35,53554,Email,Term Life,Variant A,94,15.0,1,2026-03-31
CUST-00251,47,84803,Paid Search,Term Life,Control,5,0.0,0,2026-04-08
CUST-00252,35,71305,Paid Search,Accidental Death,Variant A,34,15.0,1,2026-04-08
CUST-00253,35,42344,Email,Whole Life,Variant A,47,0.0,0,2026-02-09
CUST-00254,23,97663,Paid Search,Term Life,Variant A,86,15.0,1,2026-01-14
CUST-00255,53,25000,Paid Search,Accidental Death,Variant A,30,0.0,0,2026-03-23
CUST-00256,37,84607,Paid Social,Term Life,Control,57,0.0,0,2026-01-01
CUST-00257,44,33369,Email,Term Life,Control,51,15.0,1,2026-01-17
CUST-00258,29,112144,Paid Social,Whole Life,Variant A,13,0.0,0,2026-02-18
CUST-00259,47,26385,Paid Social,Term Life,Control,13,15.0,1,2026-03-27
CUST-00260,32,93806,Paid Search,Accidental Death,Variant A,5,0.0,0,2026-04-11
CUST-00261,40,62959,Paid Social,Term Life,Control,75,0.0,0,2026-01-16
CUST-00262,52,55834,Email,Accidental Death,Variant A,48,0.0,0,2026-01-07
CUST-00263,51,69634,Paid Search,Whole Life,Variant A,63,0.0,0,2026-01-15
CUST-00264,41,80797,Paid Social,Term Life,Control,60,0.0,0,2026-04-25
CUST-00265,20,42389,Email,Accidental Death,Variant A,55,0.0,0,2026-01-21
CUST-00266,75,44605,Paid Social,Whole Life,Control,20,15.0,1,2026-03-07
CUST-00267,62,81240,Paid Social,Term Life,Control,42,0.0,0,2026-02-28
CUST-00268,50,25000,Paid Social,Term Life,Variant A,15,0.0,0,2026-02-17
CUST-00269,32,50394,Paid Search,Accidental Death,Control,29,0.0,0,2026-03-30
CUST-00270,40,141017,Paid Search,Term Life,Variant A,97,15.0,1,2026-03-14
CUST-00271,35,40799,Email,Term Life,Variant A,87,15.0,1,2026-03-25
CUST-00272,57,93695,Email,Term Life,Variant A,86,15.0,1,2026-02-19
CUST-00273,45,50351,Email,Term Life,Control,63,15.0,1,2026-01-10
CUST-00274,32,77726,Email,Whole Life,Variant A,33,0.0,0,2026-04-30
CUST-00275,36,81358,Paid Social,Term Life,Control,84,0.0,0,2026-02-21
CUST-00276,55,93223,Paid Social,Term Life,Control,44,15.0,1,2026-03-26
CUST-00277,61,59993,Paid Social,Term Life,Variant A,12,0.0,0,2026-03-09
CUST-00278,60,114722,Paid Social,Term Life,Control,10,0.0,0,2026-01-30
CUST-00279,51,50266,Paid Social,Accidental Death,Variant A,49,0.0,0,2026-02-03
CUST-00280,38,70855,Paid Social,Term Life,Control,57,0.0,0,2026-04-04
CUST-00281,18,71131,Email,Accidental Death,Control,98,15.0,1,2026-03-19
CUST-00282,45,36950,Paid Search,Term Life,Control,25,0.0,0,2026-03-27
CUST-00283,41,57853,Paid Search,Term Life,Control,61,15.0,1,2026-03-06
CUST-00284,43,69037,Paid Search,Accidental Death,Control,80,0.0,0,2026-03-01
CUST-00285,42,54196,Paid Social,Term Life,Control,10,0.0,0,2026-01-08
CUST-00286,26,126023,Paid Search,Whole Life,Variant A,67,0.0,0,2026-03-16
CUST-00287,48,44034,Paid Social,Accidental Death,Control,10,0.0,0,2026-03-06
CUST-00288,49,94485,Paid Social,Term Life,Control,57,0.0,0,2026-03-10
CUST-00289,50,86411,Paid Search,Term Life,Control,8,0.0,0,2026-02-26
CUST-00290,53,64653,Paid Social,Whole Life,Variant A,13,0.0,0,2026-02-14
CUST-00291,49,43369,Paid Search,Term Life,Control,73,15.0,1,2026-02-18
CUST-00292,37,45793,Paid Search,Term Life,Variant A,78,0.0,0,2026-03-15
CUST-00293,41,52050,Email,Term Life,Control,76,0.0,0,2026-04-29
CUST-00294,43,25000,Paid Search,Term Life,Control,91,15.0,1,2026-03-03
CUST-00295,43,39913,Paid Search,Whole Life,Control,8,0.0,0,2026-02-08
CUST-00296,53,27938,Paid Social,Term Life,Control,62,0.0,0,2026-03-18
CUST-00297,49,98646,Paid Social,Term Life,Variant A,41,0.0,0,2026-01-21
CUST-00298,66,80461,Paid Search,Whole Life,Control,75,15.0,1,2026-04-10
CUST-00299,68,84649,Paid Social,Term Life,Control,10,0.0,0,2026-02-22
CUST-00300,42,79720,Paid Search,Term Life,Control,55,0.0,0,2026-02-14
CUST-00301,18,69174,Paid Search,Whole Life,Control,83,15.0,1,2026-04-07
CUST-00302,56,101517,Paid Social,Term Life,Variant A,54,0.0,0,2026-04-17
CUST-00303,35,49730,Paid Social,Whole Life,Variant A,18,0.0,0,2026-01-28
CUST-00304,32,67666,Paid Social,Accidental Death,Control,15,0.0,0,2026-02-22
CUST-00305,37,83676,Paid Social,Term Life,Control,14,0.0,0,2026-01-09
CUST-00306,36,31969,Email,Whole Life,Variant A,65,0.0,0,2026-04-19
CUST-00307,49,142414,Paid Social,Term Life,Variant A,85,15.0,1,2026-03-16
CUST-00308,23,65714,Paid Search,Term Life,Variant A,17,0.0,0,2026-04-14
CUST-00309,29,68549,Paid Social,Accidental Death,Control,38,0.0,0,2026-04-03
CUST-00310,46,96421,Paid Search,Accidental Death,Control,64,15.0,1,2026-03-12
CUST-00311,49,87873,Paid Social,Term Life,Variant A,55,15.0,1,2026-03-02
CUST-00312,49,65951,Paid Search,Whole Life,Variant A,9,0.0,0,2026-01-27
CUST-00313,32,68253,Paid Search,Accidental Death,Variant A,78,15.0,1,2026-01-22
CUST-00314,30,27396,Email,Accidental Death,Control,36,15.0,1,2026-04-05
CUST-00315,35,51088,Email,Whole Life,Variant A,16,0.0,0,2026-01-30
CUST-00316,44,77930,Paid Social,Term Life,Control,56,0.0,0,2026-04-02
CUST-00317,59,76097,Paid Social,Term Life,Control,17,0.0,0,2026-03-25
CUST-00318,18,95529,Paid Search,Accidental Death,Variant A,89,15.0,1,2026-01-15
CUST-00319,39,61987,Paid Search,Term Life,Variant A,58,15.0,1,2026-01-15
CUST-00320,26,30317,Paid Search,Whole Life,Variant A,58,15.0,1,2026-02-22
CUST-00321,22,91418,Paid Social,Term Life,Variant A,45,0.0,0,2026-03-17
CUST-00322,53,100902,Paid Social,Term Life,Variant A,52,0.0,0,2026-03-22
CUST-00323,48,87456,Paid Social,Term Life,Variant A,55,15.0,1,2026-01-23
CUST-00324,47,60909,Paid Search,Accidental Death,Variant A,51,0.0,0,2026-03-11
CUST-00325,53,91109,Email,Term Life,Control,54,0.0,0,2026-04-19
CUST-00326,36,150722,Paid Social,Whole Life,Variant A,80,0.0,0,2026-01-16
CUST-00327,36,67878,Paid Social,Term Life,Control,50,0.0,0,2026-04-01
CUST-00328,68,32206,Paid Social,Term Life,Variant A,42,15.0,1,2026-03-28
CUST-00329,39,50342,Paid Social,Term Life,Control,96,15.0,1,2026-03-06
CUST-00330,50,80636,Paid Search,Whole Life,Control,17,0.0,0,2026-02-14
CUST-00331,42,25000,Paid Search,Term Life,Control,80,15.0,1,2026-01-07
CUST-00332,19,69235,Paid Social,Term Life,Variant A,26,15.0,1,2026-02-14
CUST-00333,18,74508,Paid Search,Term Life,Control,6,0.0,0,2026-02-08
CUST-00334,35,103378,Paid Search,Term Life,Control,97,15.0,1,2026-04-14
CUST-00335,54,97754,Paid Search,Accidental Death,Variant A,81,15.0,1,2026-02-19
CUST-00336,51,86614,Paid Search,Accidental Death,Control,17,0.0,0,2026-02-18
CUST-00337,52,25000,Email,Term Life,Control,61,0.0,0,2026-02-17
CUST-00338,30,88026,Paid Social,Whole Life,Control,38,0.0,0,2026-02-18
CUST-00339,61,82637,Paid Social,Accidental Death,Variant A,23,0.0,0,2026-02-09
CUST-00340,30,71398,Paid Search,Term Life,Variant A,13,15.0,1,2026-02-08
CUST-00341,44,25000,Paid Social,Accidental Death,Variant A,99,0.0,0,2026-02-26
CUST-00342,41,45580,Paid Social,Accidental Death,Control,37,0.0,0,2026-03-23
CUST-00343,39,35829,Paid Search,Term Life,Control,31,15.0,1,2026-03-04
CUST-00344,58,25000,Paid Social,Term Life,Control,49,15.0,1,2026-04-10
CUST-00345,33,64927,Paid Search,Accidental Death,Variant A,6,0.0,0,2026-02-25
CUST-00346,25,45054,Paid Social,Whole Life,Variant A,83,0.0,0,2026-03-27
CUST-00347,42,130632,Paid Social,Term Life,Variant A,87,15.0,1,2026-01-02
CUST-00348,37,60780,Paid Search,Term Life,Variant A,61,0.0,0,2026-04-22
CUST-00349,75,97343,Paid Search,Term Life,Control,99,15.0,1,2026-01-26
CUST-00350,50,25772,Paid Social,Whole Life,Control,61,0.0,0,2026-04-24
CUST-00351,37,51747,Paid Social,Whole Life,Variant A,20,0.0,0,2026-04-06
CUST-00352,29,67422,Email,Accidental Death,Variant A,83,0.0,0,2026-01-23
CUST-00353,19,42296,Paid Social,Term Life,Variant A,10,0.0,0,2026-04-14
CUST-00354,29,54444,Paid Search,Whole Life,Variant A,18,0.0,0,2026-04-20
CUST-00355,43,59551,Paid Search,Whole Life,Variant A,31,0.0,0,2026-01-18
CUST-00356,59,59152,Paid Social,Term Life,Variant A,42,0.0,0,2026-03-24
CUST-00357,55,111377,Paid Search,Term Life,Variant A,23,0.0,0,2026-03-29
CUST-00358,44,74455,Paid Social,Accidental Death,Control,41,0.0,0,2026-03-09
CUST-00359,38,76987,Email,Accidental Death,Variant A,8,0.0,0,2026-04-28
CUST-00360,45,78491,Paid Social,Term Life,Variant A,62,0.0,0,2026-03-01
CUST-00361,35,80315,Paid Search,Whole Life,Variant A,94,15.0,1,2026-04-20
CUST-00362,62,62927,Paid Social,Term Life,Control,13,0.0,0,2026-01-02
CUST-00363,39,56981,Paid Social,Whole Life,Control,44,0.0,0,2026-04-04
CUST-00364,40,69170,Paid Social,Whole Life,Control,19,0.0,0,2026-02-18
CUST-00365,18,93920,Email,Whole Life,Variant A,8,17.02,1,2026-02-07
CUST-00366,39,93155,Paid Search,Accidental Death,Control,94,0.0,0,2026-01-31
CUST-00367,52,58990,Email,Whole Life,Control,56,0.0,0,2026-02-09
CUST-00368,29,84196,Email,Term Life,Variant A,22,0.0,0,2026-03-21
CUST-00369,32,60135,Paid Search,Whole Life,Variant A,57,0.0,0,2026-02-22
CUST-00370,51,65846,Paid Search,Term Life,Variant A,63,0.0,0,2026-03-05
CUST-00371,24,53161,Paid Search,Term Life,Variant A,58,15.0,1,2026-02-02
CUST-00372,54,60458,Paid Search,Term Life,Variant A,45,0.0,0,2026-02-27
CUST-00373,35,98533,Paid Search,Term Life,Variant A,64,15.0,1,2026-02-19
CUST-00374,37,67310,Paid Social,Whole Life,Control,97,15.0,1,2026-03-05
CUST-00375,28,68382,Paid Search,Term Life,Control,92,0.0,0,2026-01-03
CUST-00376,46,28819,Paid Search,Whole Life,Variant A,8,0.0,0,2026-03-02
CUST-00377,71,57268,Email,Whole Life,Control,89,0.0,0,2026-03-23
CUST-00378,51,58967,Paid Search,Term Life,Variant A,43,0.0,0,2026-01-10
CUST-00379,31,44271,Email,Accidental Death,Control,11,15.0,1,2026-03-07
CUST-00380,55,65541,Paid Search,Term Life,Control,27,15.0,1,2026-02-20
CUST-00381,38,54270,Paid Search,Term Life,Control,89,15.0,1,2026-04-04
CUST-00382,58,66999,Paid Social,Whole Life,Variant A,67,15.0,1,2026-01-30
CUST-00383,51,68037,Paid Social,Term Life,Control,69,15.0,1,2026-01-25
CUST-00384,18,41106,Email,Term Life,Control,45,0.0,0,2026-02-12
CUST-00385,29,55032,Paid Social,Whole Life,Variant A,93,15.0,1,2026-04-25
CUST-00386,53,66934,Email,Whole Life,Variant A,99,15.0,1,2026-04-30
CUST-00387,43,94607,Paid Search,Term Life,Control,48,15.0,1,2026-03-29
CUST-00388,29,71417,Paid Search,Accidental Death,Variant A,49,0.0,0,2026-03-05
CUST-00389,34,48451,Paid Social,Whole Life,Variant A,73,0.0,0,2026-02-28
CUST-00390,19,74975,Email,Accidental Death,Control,99,15.0,1,2026-03-03
CUST-00391,40,107688,Email,Term Life,Variant A,55,0.0,0,2026-04-09
CUST-00392,68,87917,Paid Social,Whole Life,Control,69,15.0,1,2026-01-10
CUST-00393,51,78688,Paid Search,Accidental Death,Control,58,0.0,0,2026-03-05
CUST-00394,68,83139,Paid Social,Whole Life,Variant A,60,17.78,1,2026-04-22
CUST-00395,52,100998,Paid Search,Whole Life,Variant A,98,16.99,1,2026-04-04
CUST-00396,54,91890,Email,Term Life,Control,86,15.0,1,2026-03-01
CUST-00397,65,79169,Email,Term Life,Variant A,76,0.0,0,2026-03-31
CUST-00398,46,91716,Paid Social,Term Life,Variant A,94,15.0,1,2026-04-09
CUST-00399,39,37958,Paid Social,Term Life,Variant A,44,0.0,0,2026-03-29
CUST-00400,54,27443,Paid Social,Accidental Death,Variant A,62,0.0,0,2026-04-25
CUST-00401,59,68927,Paid Search,Term Life,Variant A,19,15.0,1,2026-01-20
CUST-00402,36,66717,Email,Accidental Death,Control,23,15.0,1,2026-04-27
CUST-00403,33,51402,Paid Social,Accidental Death,Control,14,15.0,1,2026-04-13
CUST-00404,43,85646,Email,Term Life,Variant A,92,0.0,0,2026-02-18
CUST-00405,51,25000,Paid Search,Term Life,Variant A,20,0.0,0,2026-04-14
CUST-00406,51,51630,Email,Accidental Death,Control,47,0.0,0,2026-04-09
CUST-00407,24,52876,Paid Search,Accidental Death,Control,35,15.0,1,2026-04-13
CUST-00408,64,25000,Paid Search,Term Life,Variant A,20,0.0,0,2026-03-15
CUST-00409,34,102368,Email,Term Life,Control,84,15.0,1,2026-01-27
CUST-00410,38,31019,Paid Search,Whole Life,Control,32,0.0,0,2026-02-20
CUST-00411,31,50291,Paid Search,Whole Life,Control,66,0.0,0,2026-02-26
CUST-00412,74,87699,Email,Term Life,Control,24,0.0,0,2026-03-20
CUST-00413,44,81151,Email,Whole Life,Control,39,0.0,0,2026-03-20
CUST-00414,31,37295,Paid Social,Term Life,Control,63,15.0,1,2026-02-06
CUST-00415,52,82062,Paid Social,Term Life,Variant A,13,0.0,0,2026-04-09
CUST-00416,51,72244,Paid Social,Term Life,Control,14,15.0,1,2026-01-03
CUST-00417,39,123325,Paid Search,Term Life,Variant A,49,0.0,0,2026-01-29
CUST-00418,52,75098,Paid Search,Term Life,Variant A,86,0.0,0,2026-03-09
CUST-00419,32,61468,Paid Social,Term Life,Control,19,0.0,0,2026-02-16
CUST-00420,36,43587,Paid Social,Term Life,Control,34,0.0,0,2026-03-21
CUST-00421,18,46393,Paid Social,Term Life,Variant A,52,0.0,0,2026-03-10
CUST-00422,26,44355,Paid Social,Term Life,Control,44,15.0,1,2026-01-21
CUST-00423,63,99277,Paid Search,Accidental Death,Control,95,15.0,1,2026-04-14
CUST-00424,61,65449,Paid Social,Term Life,Control,95,15.0,1,2026-02-11
CUST-00425,42,79131,Paid Search,Term Life,Control,87,0.0,0,2026-04-28
CUST-00426,61,102856,Paid Social,Whole Life,Variant A,78,17.76,1,2026-01-21
CUST-00427,40,25000,Paid Social,Accidental Death,Variant A,48,0.0,0,2026-01-02
CUST-00428,39,96971,Email,Term Life,Control,50,0.0,0,2026-03-19
CUST-00429,42,66384,Paid Search,Whole Life,Variant A,10,0.0,0,2026-03-10
CUST-00430,40,75876,Paid Search,Whole Life,Control,28,0.0,0,2026-01-07
CUST-00431,39,44289,Paid Search,Whole Life,Variant A,77,15.0,1,2026-03-16
CUST-00432,55,46121,Paid Social,Term Life,Variant A,95,0.0,0,2026-02-04
CUST-00433,43,77221,Paid Social,Whole Life,Variant A,11,0.0,0,2026-01-30
CUST-00434,50,124614,Paid Search,Term Life,Control,10,0.0,0,2026-02-13
CUST-00435,54,90082,Paid Search,Whole Life,Variant A,37,15.0,1,2026-02-15
CUST-00436,46,96638,Paid Social,Whole Life,Control,89,15.0,1,2026-02-24
CUST-00437,30,60199,Paid Search,Term Life,Control,42,15.0,1,2026-01-01
CUST-00438,25,49994,Email,Accidental Death,Control,48,0.0,0,2026-02-23
CUST-00439,43,45479,Paid Social,Term Life,Variant A,21,0.0,0,2026-03-21
CUST-00440,39,52793,Paid Search,Accidental Death,Control,35,0.0,0,2026-04-21
CUST-00441,43,25000,Paid Search,Term Life,Control,41,0.0,0,2026-01-01
CUST-00442,41,46877,Email,Term Life,Control,15,0.0,0,2026-03-04
CUST-00443,73,50991,Paid Search,Term Life,Control,96,15.0,1,2026-02-24
CUST-00444,26,60616,Paid Search,Accidental Death,Control,9,0.0,0,2026-03-27
CUST-00445,18,68293,Email,Term Life,Variant A,68,15.0,1,2026-03-18
CUST-00446,45,74061,Email,Term Life,Control,80,15.0,1,2026-01-27
CUST-00447,37,64626,Email,Term Life,Control,7,0.0,0,2026-01-15
CUST-00448,45,50463,Paid Social,Whole Life,Variant A,60,0.0,0,2026-03-22
CUST-00449,49,25000,Paid Search,Whole Life,Variant A,67,0.0,0,2026-01-09
CUST-00450,57,50617,Paid Search,Term Life,Variant A,42,0.0,0,2026-03-10
CUST-00451,23,40688,Paid Social,Term Life,Variant A,58,15.0,1,2026-02-28
CUST-00452,35,76651,Paid Social,Term Life,Control,6,0.0,0,2026-01-23
CUST-00453,47,87732,Paid Social,Term Life,Variant A,94,0.0,0,2026-04-18
CUST-00454,51,88464,Email,Term Life,Variant A,6,0.0,0,2026-04-23
CUST-00455,68,83923,Paid Search,Whole Life,Variant A,16,0.0,0,2026-04-17
CUST-00456,53,61661,Paid Social,Term Life,Variant A,44,0.0,0,2026-01-11
CUST-00457,41,51951,Paid Search,Term Life,Variant A,6,0.0,0,2026-01-24
CUST-00458,31,46322,Paid Social,Term Life,Variant A,84,15.0,1,2026-03-13
CUST-00459,35,27312,Paid Search,Accidental Death,Control,98,0.0,0,2026-04-21
CUST-00460,34,89796,Paid Search,Accidental Death,Control,61,0.0,0,2026-04-08
CUST-00461,49,60632,Paid Search,Accidental Death,Variant A,51,0.0,0,2026-02-23
CUST-00462,45,33841,Paid Social,Term Life,Variant A,40,15.0,1,2026-04-16
CUST-00463,26,44337,Paid Social,Term Life,Control,8,0.0,0,2026-04-27
CUST-00464,36,43325,Paid Social,Term Life,Variant A,79,15.0,1,2026-01-31
CUST-00465,52,66075,Email,Term Life,Control,28,0.0,0,2026-01-22
CUST-00466,46,91686,Paid Search,Whole Life,Variant A,86,15.0,1,2026-01-14
CUST-00467,48,56300,Paid Search,Whole Life,Variant A,95,15.0,1,2026-01-05
CUST-00468,46,25000,Email,Accidental Death,Control,66,15.0,1,2026-01-17
CUST-00469,61,60270,Paid Search,Accidental Death,Control,6,0.0,0,2026-03-23
CUST-00470,44,61095,Email,Term Life,Control,19,0.0,0,2026-03-24
CUST-00471,37,59376,Paid Search,Whole Life,Variant A,79,15.0,1,2026-03-12
CUST-00472,31,49313,Email,Term Life,Variant A,95,15.0,1,2026-03-31
CUST-00473,44,70435,Paid Search,Term Life,Variant A,53,0.0,0,2026-03-30
CUST-00474,18,66653,Email,Whole Life,Variant A,91,15.0,1,2026-03-23
CUST-00475,39,64379,Paid Social,Term Life,Control,39,0.0,0,2026-02-13
CUST-00476,39,75316,Email,Term Life,Control,98,0.0,0,2026-03-20
CUST-00477,25,54254,Paid Search,Term Life,Variant A,51,15.0,1,2026-04-03
CUST-00478,30,52835,Paid Social,Whole Life,Variant A,28,0.0,0,2026-04-20
CUST-00479,51,99503,Email,Whole Life,Control,87,0.0,0,2026-04-16
CUST-00480,44,78983,Paid Social,Term Life,Control,64,0.0,0,2026-02-18
CUST-00481,43,85673,Paid Social,Accidental Death,Control,97,15.0,1,2026-03-06
CUST-00482,45,95652,Paid Social,Term Life,Variant A,81,0.0,0,2026-01-04
CUST-00483,43,78148,Paid Social,Term Life,Control,52,15.0,1,2026-01-09
CUST-00484,56,88209,Paid Social,Whole Life,Variant A,27,0.0,0,2026-02-05
CUST-00485,43,25516,Paid Social,Whole Life,Control,16,0.0,0,2026-02-20
CUST-00486,24,70103,Email,Accidental Death,Control,45,15.0,1,2026-02-01
CUST-00487,61,60432,Paid Search,Term Life,Control,33,0.0,0,2026-03-29
CUST-00488,46,106942,Paid Search,Whole Life,Variant A,74,0.0,0,2026-04-11
CUST-00489,34,88191,Email,Whole Life,Control,55,0.0,0,2026-01-18
CUST-00490,26,49238,Email,Accidental Death,Control,27,0.0,0,2026-01-15
CUST-00491,46,74319,Paid Social,Term Life,Control,35,0.0,0,2026-01-20
CUST-00492,40,69192,Paid Social,Whole Life,Variant A,25,0.0,0,2026-02-27
CUST-00493,60,76358,Paid Search,Whole Life,Control,28,0.0,0,2026-02-09
CUST-00494,37,39528,Paid Search,Term Life,Variant A,76,15.0,1,2026-03-07
CUST-00495,31,74000,Paid Social,Term Life,Control,13,0.0,0,2026-03-30
CUST-00496,52,59296,Paid Search,Term Life,Variant A,26,0.0,0,2026-01-13
CUST-00497,53,72061,Paid Social,Whole Life,Variant A,8,15.0,1,2026-04-01
CUST-00498,44,46890,Paid Search,Accidental Death,Control,81,15.0,1,2026-01-13
CUST-00499,50,50373,Email,Whole Life,Variant A,7,0.0,0,2026-03-03
CUST-00500,41,94346,Email,Whole Life,Control,32,0.0,0,2026-01-28
CUST-00501,44,38711,Paid Social,Whole Life,Variant A,94,15.0,1,2026-02-15
CUST-00502,55,40556,Paid Social,Term Life,Control,19,0.0,0,2026-01-15
CUST-00503,49,63710,Paid Search,Term Life,Control,12,0.0,0,2026-04-03
CUST-00504,39,45702,Email,Term Life,Control,52,0.0,0,2026-03-26
CUST-00505,58,42874,Paid Social,Term Life,Variant A,92,15.0,1,2026-02-13
CUST-00506,18,67626,Paid Search,Term Life,Control,56,0.0,0,2026-04-05
CUST-00507,66,27373,Email,Whole Life,Variant A,59,0.0,0,2026-01-23
CUST-00508,21,39800,Email,Term Life,Control,41,0.0,0,2026-04-11
CUST-00509,34,116352,Email,Term Life,Variant A,8,0.0,0,2026-03-08
CUST-00510,41,76486,Paid Social,Term Life,Variant A,59,15.0,1,2026-04-24
CUST-00511,40,46335,Paid Social,Term Life,Variant A,16,0.0,0,2026-04-09
CUST-00512,54,75455,Paid Social,Accidental Death,Variant A,23,0.0,0,2026-03-19
CUST-00513,29,79183,Email,Accidental Death,Control,83,0.0,0,2026-03-07
CUST-00514,45,89860,Email,Whole Life,Control,61,0.0,0,2026-02-19
CUST-00515,35,61821,Paid Search,Term Life,Control,98,15.0,1,2026-01-13
CUST-00516,45,89412,Paid Search,Whole Life,Variant A,41,0.0,0,2026-01-02
CUST-00517,41,25000,Paid Search,Accidental Death,Variant A,80,15.0,1,2026-03-17
CUST-00518,43,38592,Email,Whole Life,Variant A,87,15.0,1,2026-04-01
CUST-00519,35,69096,Email,Term Life,Variant A,11,0.0,0,2026-02-03
CUST-00520,35,73240,Paid Search,Whole Life,Variant A,96,15.0,1,2026-02-09
CUST-00521,45,42205,Paid Social,Accidental Death,Variant A,59,0.0,0,2026-03-10
CUST-00522,53,71485,Paid Search,Whole Life,Variant A,32,15.0,1,2026-03-02
CUST-00523,34,49403,Email,Whole Life,Variant A,97,15.0,1,2026-01-25
CUST-00524,31,58076,Email,Term Life,Variant A,41,0.0,0,2026-03-16
CUST-00525,49,90619,Email,Whole Life,Variant A,88,18.15,1,2026-03-18
CUST-00526,41,87723,Paid Social,Term Life,Variant A,65,15.0,1,2026-03-04
CUST-00527,51,40073,Paid Social,Whole Life,Variant A,79,15.0,1,2026-01-28
CUST-00528,31,38568,Paid Search,Term Life,Control,43,0.0,0,2026-03-26
CUST-00529,20,54720,Paid Search,Term Life,Variant A,27,0.0,0,2026-04-23
CUST-00530,35,64331,Email,Term Life,Variant A,56,0.0,0,2026-02-25
CUST-00531,32,48552,Email,Whole Life,Control,88,15.0,1,2026-04-22
CUST-00532,41,91016,Email,Term Life,Control,88,0.0,0,2026-04-25
CUST-00533,34,73684,Email,Whole Life,Variant A,15,0.0,0,2026-01-26
CUST-00534,50,75152,Paid Social,Whole Life,Variant A,70,16.08,1,2026-01-27
CUST-00535,38,33336,Paid Social,Term Life,Control,17,0.0,0,2026-01-26
CUST-00536,43,94182,Email,Term Life,Control,81,15.0,1,2026-01-15
CUST-00537,43,25000,Email,Term Life,Variant A,45,15.0,1,2026-02-19
CUST-00538,44,85851,Paid Search,Accidental Death,Control,53,15.0,1,2026-01-06
CUST-00539,41,88357,Paid Social,Whole Life,Control,19,17.99,1,2026-03-09
CUST-00540,48,54189,Paid Search,Term Life,Variant A,60,15.0,1,2026-01-04
CUST-00541,32,96822,Email,Term Life,Variant A,58,0.0,0,2026-01-30
CUST-00542,58,63422,Paid Social,Whole Life,Variant A,35,0.0,0,2026-03-18
CUST-00543,39,66560,Paid Search,Accidental Death,Control,65,0.0,0,2026-01-09
CUST-00544,26,73488,Paid Social,Accidental Death,Control,62,0.0,0,2026-02-11
CUST-00545,44,144664,Paid Social,Whole Life,Control,91,0.0,0,2026-01-14
CUST-00546,31,98610,Paid Search,Term Life,Control,64,15.0,1,2026-04-02
CUST-00547,49,82528,Paid Search,Term Life,Control,57,0.0,0,2026-02-09
CUST-00548,68,42179,Paid Social,Term Life,Variant A,90,0.0,0,2026-01-03
CUST-00549,32,68589,Paid Social,Term Life,Control,65,0.0,0,2026-02-10
CUST-00550,45,44671,Paid Social,Term Life,Variant A,84,0.0,0,2026-04-03
CUST-00551,20,85552,Paid Social,Term Life,Control,46,15.0,1,2026-02-02
CUST-00552,47,68511,Email,Term Life,Variant A,33,0.0,0,2026-03-20
CUST-00553,31,36886,Paid Social,Accidental Death,Variant A,88,15.0,1,2026-04-21
CUST-00554,34,67028,Paid Social,Whole Life,Control,96,0.0,0,2026-03-01
CUST-00555,28,43764,Email,Accidental Death,Control,31,0.0,0,2026-03-05
CUST-00556,50,68780,Paid Social,Whole Life,Variant A,48,0.0,0,2026-03-03
CUST-00557,54,43523,Paid Search,Term Life,Variant A,97,0.0,0,2026-04-13
CUST-00558,42,65687,Paid Search,Whole Life,Variant A,9,15.0,1,2026-03-20
CUST-00559,31,83761,Paid Social,Term Life,Control,56,15.0,1,2026-01-07
CUST-00560,61,63673,Paid Social,Whole Life,Variant A,57,15.0,1,2026-04-19
CUST-00561,32,55227,Paid Social,Term Life,Variant A,56,0.0,0,2026-03-17
CUST-00562,18,70081,Paid Search,Accidental Death,Control,42,0.0,0,2026-02-19
CUST-00563,47,82429,Paid Search,Term Life,Variant A,48,15.0,1,2026-02-08
CUST-00564,28,37320,Paid Search,Term Life,Variant A,57,15.0,1,2026-03-12
CUST-00565,53,71516,Paid Search,Accidental Death,Variant A,6,0.0,0,2026-02-16
CUST-00566,37,97938,Paid Social,Term Life,Variant A,58,0.0,0,2026-04-15
CUST-00567,49,79341,Paid Search,Whole Life,Variant A,88,0.0,0,2026-03-11
CUST-00568,58,66443,Paid Social,Whole Life,Control,81,15.0,1,2026-01-26
CUST-00569,27,80993,Email,Accidental Death,Variant A,94,15.0,1,2026-02-27
CUST-00570,35,76312,Paid Search,Accidental Death,Variant A,39,0.0,0,2026-03-14
CUST-00571,41,83840,Paid Social,Accidental Death,Variant A,50,15.0,1,2026-02-20
CUST-00572,60,25000,Paid Social,Term Life,Variant A,76,0.0,0,2026-03-29
CUST-00573,34,26163,Paid Search,Accidental Death,Control,96,15.0,1,2026-02-21
CUST-00574,34,90120,Paid Social,Whole Life,Control,83,16.1,1,2026-04-04
CUST-00575,47,27368,Email,Whole Life,Variant A,59,15.0,1,2026-01-16
CUST-00576,35,75038,Email,Term Life,Variant A,76,0.0,0,2026-02-17
CUST-00577,43,56198,Paid Search,Whole Life,Control,15,0.0,0,2026-01-27
CUST-00578,23,40095,Email,Accidental Death,Variant A,33,15.0,1,2026-02-02
CUST-00579,68,73741,Paid Social,Accidental Death,Control,73,0.0,0,2026-01-23
CUST-00580,25,70025,Paid Search,Term Life,Control,67,0.0,0,2026-02-14
CUST-00581,38,117758,Paid Social,Term Life,Variant A,51,0.0,0,2026-03-24
CUST-00582,41,49379,Email,Term Life,Control,11,15.0,1,2026-04-10
CUST-00583,64,101002,Paid Social,Accidental Death,Variant A,68,0.0,0,2026-03-24
CUST-00584,26,73810,Paid Search,Whole Life,Control,86,15.0,1,2026-01-22
CUST-00585,65,48474,Paid Social,Term Life,Control,68,15.0,1,2026-02-11
CUST-00586,51,84981,Paid Search,Term Life,Variant A,96,15.0,1,2026-04-19
CUST-00587,47,79143,Paid Search,Term Life,Variant A,16,0.0,0,2026-02-02
CUST-00588,30,65896,Paid Search,Term Life,Control,16,0.0,0,2026-04-19
CUST-00589,48,71657,Paid Search,Accidental Death,Control,40,0.0,0,2026-01-10
CUST-00590,33,50075,Paid Search,Whole Life,Variant A,33,0.0,0,2026-02-16
CUST-00591,57,44355,Paid Search,Term Life,Control,15,0.0,0,2026-04-06
CUST-00592,30,83986,Paid Social,Whole Life,Variant A,57,0.0,0,2026-03-20
CUST-00593,40,59401,Paid Search,Term Life,Control,74,0.0,0,2026-02-08
CUST-00594,35,62997,Paid Search,Accidental Death,Variant A,89,0.0,0,2026-02-15
CUST-00595,30,71995,Email,Term Life,Control,78,15.0,1,2026-03-13
CUST-00596,50,71632,Paid Social,Term Life,Variant A,51,0.0,0,2026-02-20
CUST-00597,48,29266,Paid Social,Term Life,Variant A,37,15.0,1,2026-01-25
CUST-00598,56,97156,Paid Search,Whole Life,Control,85,15.0,1,2026-03-23
CUST-00599,20,68029,Paid Search,Whole Life,Variant A,71,0.0,0,2026-01-15
CUST-00600,54,59933,Paid Search,Whole Life,Control,47,15.0,1,2026-02-27
CUST-00601,72,75771,Paid Search,Term Life,Control,22,0.0,0,2026-02-28
CUST-00602,36,70913,Paid Search,Term Life,Control,78,15.0,1,2026-01-26
CUST-00603,64,84176,Paid Search,Term Life,Variant A,57,15.0,1,2026-02-10
CUST-00604,38,78449,Paid Search,Whole Life,Control,43,16.83,1,2026-02-13
CUST-00605,25,82946,Paid Search,Term Life,Variant A,76,15.0,1,2026-03-26
CUST-00606,38,98774,Paid Social,Whole Life,Variant A,38,17.59,1,2026-01-22
CUST-00607,54,87090,Paid Search,Accidental Death,Control,41,0.0,0,2026-04-20
CUST-00608,31,60987,Paid Search,Accidental Death,Control,45,0.0,0,2026-04-08
CUST-00609,34,36927,Paid Social,Term Life,Control,53,15.0,1,2026-02-06
CUST-00610,49,106694,Paid Social,Term Life,Control,14,0.0,0,2026-04-28
CUST-00611,42,59056,Paid Search,Term Life,Control,44,0.0,0,2026-04-11
CUST-00612,49,53172,Paid Social,Whole Life,Variant A,22,0.0,0,2026-01-14
CUST-00613,44,25000,Paid Social,Accidental Death,Variant A,29,0.0,0,2026-01-04
CUST-00614,47,73461,Paid Search,Term Life,Control,45,0.0,0,2026-01-24
CUST-00615,36,68722,Email,Term Life,Variant A,40,15.0,1,2026-03-07
CUST-00616,44,27122,Email,Accidental Death,Control,6,0.0,0,2026-03-04
CUST-00617,30,76331,Paid Search,Accidental Death,Variant A,87,15.0,1,2026-03-06
CUST-00618,57,52545,Paid Search,Term Life,Variant A,78,0.0,0,2026-03-07
CUST-00619,34,132257,Email,Whole Life,Control,53,0.0,0,2026-01-13
CUST-00620,55,50765,Paid Social,Term Life,Variant A,71,0.0,0,2026-01-27
CUST-00621,39,54120,Paid Search,Term Life,Variant A,57,0.0,0,2026-04-26
CUST-00622,44,43130,Paid Search,Accidental Death,Variant A,23,0.0,0,2026-03-22
CUST-00623,36,96946,Paid Search,Accidental Death,Control,30,0.0,0,2026-04-19
CUST-00624,29,55680,Paid Social,Whole Life,Control,58,15.0,1,2026-01-17
CUST-00625,21,46877,Paid Social,Term Life,Control,55,0.0,0,2026-03-10
CUST-00626,29,82673,Paid Search,Accidental Death,Control,29,0.0,0,2026-03-29
CUST-00627,38,30491,Paid Social,Term Life,Variant A,21,0.0,0,2026-02-26
CUST-00628,44,80627,Paid Social,Term Life,Control,78,0.0,0,2026-03-13
CUST-00629,54,109534,Paid Search,Whole Life,Variant A,65,0.0,0,2026-04-28
CUST-00630,36,79165,Paid Search,Term Life,Control,50,0.0,0,2026-04-28
CUST-00631,31,80947,Paid Social,Whole Life,Control,59,0.0,0,2026-04-18
CUST-00632,24,86751,Email,Whole Life,Variant A,54,0.0,0,2026-03-14
CUST-00633,47,107742,Paid Social,Term Life,Control,79,15.0,1,2026-01-18
CUST-00634,58,95247,Paid Social,Term Life,Variant A,15,0.0,0,2026-01-16
CUST-00635,57,75991,Paid Search,Term Life,Control,16,0.0,0,2026-02-20
CUST-00636,50,87597,Paid Social,Term Life,Control,44,15.0,1,2026-04-06
CUST-00637,49,42851,Paid Social,Whole Life,Control,52,15.0,1,2026-04-28
CUST-00638,62,84407,Paid Search,Accidental Death,Control,60,15.0,1,2026-02-09
CUST-00639,45,39861,Paid Search,Term Life,Variant A,12,0.0,0,2026-02-08
CUST-00640,49,55824,Paid Search,Term Life,Control,92,15.0,1,2026-02-25
CUST-00641,38,25000,Paid Search,Whole Life,Variant A,18,0.0,0,2026-04-27
CUST-00642,25,75035,Paid Search,Accidental Death,Control,91,15.0,1,2026-04-15
CUST-00643,33,48903,Paid Search,Term Life,Variant A,60,0.0,0,2026-02-23
CUST-00644,41,92778,Paid Search,Term Life,Variant A,58,0.0,0,2026-02-13
CUST-00645,42,74754,Paid Search,Whole Life,Variant A,21,0.0,0,2026-02-15
CUST-00646,65,93102,Email,Term Life,Variant A,49,0.0,0,2026-02-01
CUST-00647,42,37910,Paid Social,Term Life,Variant A,9,0.0,0,2026-04-16
CUST-00648,56,90959,Paid Social,Whole Life,Variant A,7,0.0,0,2026-02-17
CUST-00649,36,117646,Paid Social,Whole Life,Control,13,0.0,0,2026-03-02
CUST-00650,38,84103,Paid Social,Whole Life,Variant A,88,15.0,1,2026-03-07
CUST-00651,26,84758,Paid Search,Whole Life,Variant A,24,0.0,0,2026-02-07
CUST-00652,33,69239,Paid Social,Whole Life,Control,87,15.0,1,2026-02-12
CUST-00653,48,51883,Paid Social,Term Life,Variant A,25,0.0,0,2026-01-04
CUST-00654,42,84029,Paid Social,Term Life,Variant A,84,15.0,1,2026-01-05
CUST-00655,53,27347,Paid Social,Term Life,Variant A,37,0.0,0,2026-04-11
CUST-00656,44,54556,Paid Search,Term Life,Variant A,9,0.0,0,2026-04-23
CUST-00657,37,25000,Paid Search,Whole Life,Variant A,28,0.0,0,2026-02-27
CUST-00658,67,47408,Paid Search,Accidental Death,Variant A,67,15.0,1,2026-02-06
CUST-00659,40,81051,Paid Social,Accidental Death,Control,83,0.0,0,2026-01-26
CUST-00660,55,77634,Paid Social,Whole Life,Control,30,0.0,0,2026-04-17
CUST-00661,37,66272,Paid Search,Term Life,Control,93,15.0,1,2026-01-09
CUST-00662,50,69260,Email,Term Life,Control,96,15.0,1,2026-01-15
CUST-00663,53,25000,Paid Social,Accidental Death,Control,37,15.0,1,2026-03-29
CUST-00664,44,55685,Paid Search,Whole Life,Variant A,22,0.0,0,2026-03-29
CUST-00665,18,47966,Paid Search,Whole Life,Control,22,15.0,1,2026-04-09
CUST-00666,42,48523,Paid Search,Whole Life,Variant A,42,0.0,0,2026-04-22
CUST-00667,56,79989,Paid Search,Whole Life,Variant A,37,0.0,0,2026-04-15
CUST-00668,48,43487,Paid Search,Accidental Death,Variant A,31,0.0,0,2026-03-30
CUST-00669,47,49882,Paid Search,Term Life,Control,53,15.0,1,2026-01-26
CUST-00670,21,25000,Paid Search,Whole Life,Control,54,0.0,0,2026-03-04
CUST-00671,33,57646,Paid Search,Accidental Death,Control,19,0.0,0,2026-03-28
CUST-00672,46,37804,Email,Term Life,Control,81,15.0,1,2026-03-11
CUST-00673,46,66980,Paid Search,Whole Life,Variant A,56,15.0,1,2026-04-15
CUST-00674,56,41222,Paid Social,Term Life,Variant A,72,15.0,1,2026-01-27
CUST-00675,40,67613,Paid Social,Accidental Death,Variant A,23,0.0,0,2026-02-23
CUST-00676,46,61382,Email,Term Life,Control,99,15.0,1,2026-03-24
CUST-00677,42,106801,Paid Search,Whole Life,Control,29,0.0,0,2026-01-31
CUST-00678,30,77430,Paid Search,Term Life,Variant A,80,15.0,1,2026-04-12
CUST-00679,18,25000,Email,Whole Life,Control,80,0.0,0,2026-04-17
CUST-00680,47,33377,Email,Term Life,Variant A,29,0.0,0,2026-02-01
CUST-00681,44,66380,Email,Term Life,Variant A,37,0.0,0,2026-01-02
CUST-00682,34,41753,Paid Search,Term Life,Control,64,15.0,1,2026-01-18
CUST-00683,22,25000,Paid Search,Accidental Death,Variant A,41,0.0,0,2026-01-28
CUST-00684,49,98738,Paid Social,Term Life,Variant A,96,15.0,1,2026-03-12
CUST-00685,38,83005,Email,Term Life,Variant A,47,0.0,0,2026-04-30
CUST-00686,48,78024,Paid Social,Whole Life,Control,13,0.0,0,2026-03-28
CUST-00687,64,49816,Paid Social,Whole Life,Variant A,18,0.0,0,2026-04-27
CUST-00688,18,75691,Paid Search,Accidental Death,Control,7,0.0,0,2026-04-10
CUST-00689,33,47390,Paid Social,Term Life,Variant A,73,0.0,0,2026-03-29
CUST-00690,39,70121,Paid Search,Whole Life,Control,60,15.24,1,2026-04-02
CUST-00691,59,41985,Paid Search,Term Life,Control,30,0.0,0,2026-01-25
CUST-00692,22,102907,Paid Social,Term Life,Control,57,0.0,0,2026-02-08
CUST-00693,65,25744,Paid Social,Whole Life,Control,45,15.0,1,2026-02-18
CUST-00694,43,95807,Paid Search,Whole Life,Control,86,17.42,1,2026-01-04
CUST-00695,40,65972,Paid Search,Whole Life,Control,25,0.0,0,2026-04-19
CUST-00696,39,52763,Paid Social,Term Life,Variant A,43,15.0,1,2026-02-21
CUST-00697,36,69175,Paid Search,Term Life,Control,84,0.0,0,2026-03-24
CUST-00698,54,83333,Paid Social,Term Life,Variant A,27,0.0,0,2026-03-09
CUST-00699,29,99168,Paid Search,Accidental Death,Variant A,97,15.0,1,2026-02-26
CUST-00700,46,72828,Paid Social,Term Life,Control,78,15.0,1,2026-01-13
CUST-00701,37,42732,Paid Social,Term Life,Control,62,0.0,0,2026-03-06
CUST-00702,32,66390,Paid Search,Term Life,Control,73,15.0,1,2026-03-04
CUST-00703,73,110419,Paid Search,Whole Life,Variant A,79,15.0,1,2026-04-08
CUST-00704,47,98691,Paid Search,Term Life,Variant A,33,0.0,0,2026-03-12
CUST-00705,49,87719,Paid Search,Accidental Death,Variant A,66,0.0,0,2026-01-25
CUST-00706,55,84892,Email,Term Life,Control,57,15.0,1,2026-01-23
CUST-00707,24,82486,Paid Search,Accidental Death,Variant A,49,15.0,1,2026-01-30
CUST-00708,63,93968,Email,Term Life,Control,31,0.0,0,2026-04-23
CUST-00709,18,53584,Paid Search,Whole Life,Variant A,38,0.0,0,2026-03-02
CUST-00710,32,31122,Paid Social,Accidental Death,Control,18,0.0,0,2026-01-07
CUST-00711,36,66725,Paid Social,Term Life,Variant A,45,0.0,0,2026-02-23
CUST-00712,48,44560,Paid Social,Accidental Death,Variant A,78,15.0,1,2026-04-19
CUST-00713,44,38624,Paid Social,Term Life,Variant A,64,15.0,1,2026-01-17
CUST-00714,39,46993,Paid Social,Accidental Death,Control,46,0.0,0,2026-04-07
CUST-00715,41,127132,Paid Search,Whole Life,Variant A,55,0.0,0,2026-03-01
CUST-00716,30,68403,Email,Term Life,Control,79,15.0,1,2026-03-07
CUST-00717,24,74047,Email,Term Life,Variant A,15,0.0,0,2026-02-07
CUST-00718,50,34440,Email,Term Life,Variant A,39,0.0,0,2026-04-18
CUST-00719,50,25000,Paid Search,Term Life,Control,23,0.0,0,2026-01-13
CUST-00720,61,44523,Paid Social,Term Life,Variant A,92,0.0,0,2026-02-21
CUST-00721,32,100954,Email,Term Life,Control,69,15.0,1,2026-02-21
CUST-00722,50,73356,Paid Search,Term Life,Control,80,15.0,1,2026-02-01
CUST-00723,38,79964,Paid Search,Whole Life,Control,65,15.0,1,2026-03-27
CUST-00724,56,83464,Paid Social,Term Life,Variant A,51,0.0,0,2026-01-09
CUST-00725,54,50216,Paid Social,Term Life,Variant A,18,0.0,0,2026-01-17
CUST-00726,44,99699,Email,Whole Life,Variant A,71,0.0,0,2026-03-23
CUST-00727,37,49179,Paid Search,Term Life,Variant A,56,15.0,1,2026-02-09
CUST-00728,53,100155,Paid Social,Term Life,Variant A,36,0.0,0,2026-04-14
CUST-00729,49,76057,Paid Search,Term Life,Control,84,0.0,0,2026-04-01
CUST-00730,33,25000,Paid Search,Accidental Death,Variant A,14,0.0,0,2026-03-16
CUST-00731,26,46299,Paid Search,Accidental Death,Control,21,0.0,0,2026-02-23
CUST-00732,38,25000,Email,Term Life,Variant A,44,0.0,0,2026-02-23
CUST-00733,60,94082,Paid Social,Whole Life,Control,72,20.46,1,2026-01-28
CUST-00734,55,64381,Paid Social,Whole Life,Variant A,67,0.0,0,2026-03-13
CUST-00735,28,25000,Paid Search,Whole Life,Variant A,19,0.0,0,2026-02-19
CUST-00736,27,74393,Email,Whole Life,Variant A,43,0.0,0,2026-01-18
CUST-00737,57,51570,Paid Search,Whole Life,Control,61,0.0,0,2026-01-13
CUST-00738,28,27904,Email,Term Life,Control,14,0.0,0,2026-02-02
CUST-00739,48,106949,Paid Social,Term Life,Control,75,15.0,1,2026-01-15
CUST-00740,34,67682,Paid Search,Term Life,Variant A,21,0.0,0,2026-03-27
CUST-00741,61,57664,Paid Social,Accidental Death,Variant A,80,15.0,1,2026-02-07
CUST-00742,32,55014,Paid Search,Whole Life,Control,21,0.0,0,2026-04-04
CUST-00743,55,27168,Paid Social,Accidental Death,Control,20,15.0,1,2026-01-06
CUST-00744,44,32386,Paid Social,Accidental Death,Control,82,0.0,0,2026-02-14
CUST-00745,45,97122,Paid Search,Term Life,Variant A,7,0.0,0,2026-02-28
CUST-00746,18,53152,Email,Whole Life,Control,55,0.0,0,2026-04-08
CUST-00747,18,65551,Paid Search,Whole Life,Variant A,98,0.0,0,2026-04-29
CUST-00748,39,25000,Paid Social,Accidental Death,Control,50,0.0,0,2026-03-24
CUST-00749,44,32047,Email,Accidental Death,Variant A,59,0.0,0,2026-04-23
CUST-00750,28,80245,Paid Social,Whole Life,Variant A,30,17.27,1,2026-04-07
CUST-00751,28,74442,Paid Search,Term Life,Control,80,0.0,0,2026-03-19
CUST-00752,48,108834,Email,Whole Life,Variant A,35,0.0,0,2026-02-17
CUST-00753,48,98573,Paid Social,Term Life,Control,85,15.0,1,2026-04-21
CUST-00754,40,59232,Paid Search,Whole Life,Variant A,76,0.0,0,2026-02-10
CUST-00755,51,76823,Paid Search,Accidental Death,Variant A,23,0.0,0,2026-03-24
CUST-00756,27,57084,Paid Social,Term Life,Control,94,15.0,1,2026-04-14
CUST-00757,37,116370,Paid Social,Whole Life,Variant A,72,0.0,0,2026-03-20
CUST-00758,61,93725,Paid Social,Term Life,Variant A,19,0.0,0,2026-03-15
CUST-00759,42,69242,Email,Term Life,Variant A,62,0.0,0,2026-02-24
CUST-00760,43,70009,Paid Social,Term Life,Control,82,15.0,1,2026-03-02
CUST-00761,69,101121,Paid Search,Whole Life,Control,34,0.0,0,2026-01-02
CUST-00762,25,79489,Paid Search,Accidental Death,Control,52,15.0,1,2026-04-24
CUST-00763,51,103965,Paid Search,Accidental Death,Variant A,60,0.0,0,2026-04-26
CUST-00764,61,25000,Paid Social,Term Life,Variant A,46,0.0,0,2026-01-02
CUST-00765,38,76530,Paid Search,Accidental Death,Control,28,0.0,0,2026-03-26
CUST-00766,52,52114,Paid Social,Whole Life,Control,56,0.0,0,2026-03-17
CUST-00767,30,108909,Paid Social,Term Life,Variant A,47,15.0,1,2026-01-10
CUST-00768,33,103659,Email,Term Life,Variant A,38,0.0,0,2026-03-17
CUST-00769,46,65820,Paid Search,Term Life,Variant A,64,0.0,0,2026-02-08
CUST-00770,51,103390,Email,Accidental Death,Control,87,15.0,1,2026-01-02
CUST-00771,55,109577,Paid Search,Whole Life,Control,7,0.0,0,2026-03-06
CUST-00772,60,66860,Email,Whole Life,Control,72,15.0,1,2026-03-07
CUST-00773,41,126798,Paid Search,Term Life,Control,15,0.0,0,2026-03-28
CUST-00774,56,64216,Paid Search,Whole Life,Variant A,17,0.0,0,2026-04-02
CUST-00775,37,59636,Paid Social,Term Life,Variant A,54,15.0,1,2026-04-27
CUST-00776,52,86646,Paid Search,Term Life,Variant A,86,15.0,1,2026-03-22
CUST-00777,44,56155,Paid Search,Whole Life,Control,23,0.0,0,2026-02-21
CUST-00778,47,67133,Paid Social,Term Life,Variant A,48,0.0,0,2026-04-14
CUST-00779,47,100235,Paid Social,Accidental Death,Variant A,37,0.0,0,2026-03-26
CUST-00780,22,65480,Paid Social,Term Life,Control,42,0.0,0,2026-02-13
CUST-00781,28,25000,Paid Social,Whole Life,Variant A,7,0.0,0,2026-02-03
CUST-00782,43,74182,Paid Social,Term Life,Variant A,69,0.0,0,2026-03-14
CUST-00783,21,47592,Paid Search,Whole Life,Variant A,39,0.0,0,2026-03-22
CUST-00784,51,86631,Paid Search,Term Life,Control,40,0.0,0,2026-04-23
CUST-00785,52,82404,Paid Search,Term Life,Variant A,42,0.0,0,2026-04-16
CUST-00786,45,101785,Email,Accidental Death,Variant A,43,0.0,0,2026-02-14
CUST-00787,28,87688,Paid Social,Term Life,Variant A,29,15.0,1,2026-02-01
CUST-00788,58,92256,Paid Social,Accidental Death,Variant A,68,0.0,0,2026-01-05
CUST-00789,66,48272,Paid Social,Accidental Death,Control,17,0.0,0,2026-03-19
CUST-00790,43,85099,Email,Term Life,Variant A,72,0.0,0,2026-04-20
CUST-00791,48,114211,Paid Search,Term Life,Variant A,74,15.0,1,2026-04-21
CUST-00792,44,47783,Paid Social,Whole Life,Variant A,79,15.0,1,2026-03-30
CUST-00793,48,109993,Paid Social,Accidental Death,Control,5,0.0,0,2026-03-27
CUST-00794,40,51266,Paid Social,Accidental Death,Variant A,76,0.0,0,2026-03-04
CUST-00795,41,43700,Paid Search,Whole Life,Variant A,58,15.0,1,2026-03-10
CUST-00796,52,72405,Email,Whole Life,Variant A,13,0.0,0,2026-02-23
CUST-00797,70,82897,Email,Term Life,Variant A,40,0.0,0,2026-02-07
CUST-00798,25,87793,Paid Social,Accidental Death,Variant A,41,15.0,1,2026-01-09
CUST-00799,40,40955,Paid Social,Accidental Death,Variant A,63,15.0,1,2026-03-02
CUST-00800,27,75863,Email,Term Life,Variant A,25,0.0,0,2026-04-05
CUST-00801,61,47861,Paid Social,Term Life,Control,24,0.0,0,2026-04-15
CUST-00802,34,27776,Paid Search,Term Life,Control,5,0.0,0,2026-01-21
CUST-00803,24,41781,Paid Social,Term Life,Variant A,63,0.0,0,2026-02-05
CUST-00804,49,46227,Paid Social,Accidental Death,Variant A,32,0.0,0,2026-01-01
CUST-00805,62,78039,Paid Social,Term Life,Variant A,75,0.0,0,2026-01-22
CUST-00806,49,93805,Paid Social,Term Life,Control,60,0.0,0,2026-03-28
CUST-00807,44,28169,Email,Term Life,Control,13,0.0,0,2026-03-28
CUST-00808,46,73799,Email,Accidental Death,Variant A,69,15.0,1,2026-01-15
CUST-00809,58,35582,Paid Social,Whole Life,Variant A,40,0.0,0,2026-02-15
CUST-00810,31,80727,Paid Search,Term Life,Variant A,38,15.0,1,2026-03-06
CUST-00811,40,49431,Email,Term Life,Variant A,85,15.0,1,2026-01-06
CUST-00812,36,38716,Email,Accidental Death,Control,36,0.0,0,2026-02-09
CUST-00813,27,84991,Paid Search,Accidental Death,Variant A,70,0.0,0,2026-02-04
CUST-00814,38,50326,Email,Term Life,Variant A,29,0.0,0,2026-03-22
CUST-00815,55,57100,Email,Term Life,Variant A,55,0.0,0,2026-03-02
CUST-00816,48,25000,Paid Social,Term Life,Control,67,15.0,1,2026-01-23
CUST-00817,49,88663,Paid Social,Term Life,Control,94,15.0,1,2026-01-20
CUST-00818,43,85522,Paid Search,Whole Life,Variant A,49,18.62,1,2026-01-28
CUST-00819,48,65136,Paid Search,Accidental Death,Control,30,0.0,0,2026-02-06
CUST-00820,32,26810,Paid Search,Term Life,Control,25,15.0,1,2026-03-23
CUST-00821,38,95234,Email,Accidental Death,Control,86,15.0,1,2026-01-07
CUST-00822,44,48343,Paid Search,Term Life,Variant A,97,15.0,1,2026-02-18
CUST-00823,45,53666,Paid Search,Whole Life,Control,55,0.0,0,2026-04-21
CUST-00824,45,122801,Paid Search,Whole Life,Variant A,28,0.0,0,2026-03-25
CUST-00825,40,47409,Paid Social,Term Life,Variant A,96,15.0,1,2026-01-24
CUST-00826,37,83555,Email,Term Life,Variant A,16,0.0,0,2026-03-21
CUST-00827,75,79052,Paid Search,Whole Life,Variant A,15,0.0,0,2026-01-13
CUST-00828,52,74754,Paid Search,Term Life,Control,31,0.0,0,2026-04-02
CUST-00829,46,72050,Paid Social,Term Life,Control,27,0.0,0,2026-01-07
CUST-00830,39,74409,Paid Social,Whole Life,Control,37,0.0,0,2026-01-15
CUST-00831,36,71798,Paid Search,Accidental Death,Variant A,84,0.0,0,2026-03-28
CUST-00832,40,63702,Paid Social,Term Life,Variant A,96,15.0,1,2026-01-23
CUST-00833,45,102782,Paid Search,Accidental Death,Variant A,96,15.0,1,2026-04-05
CUST-00834,19,32183,Paid Search,Term Life,Variant A,42,0.0,0,2026-03-10
CUST-00835,23,90536,Paid Social,Whole Life,Variant A,59,0.0,0,2026-04-01
CUST-00836,34,85558,Paid Social,Whole Life,Variant A,74,15.51,1,2026-04-18
CUST-00837,44,82459,Email,Accidental Death,Variant A,46,0.0,0,2026-03-01
CUST-00838,39,92924,Paid Search,Term Life,Control,33,15.0,1,2026-01-10
CUST-00839,59,62685,Paid Social,Whole Life,Control,38,15.0,1,2026-02-20
CUST-00840,24,25000,Paid Social,Whole Life,Variant A,61,15.0,1,2026-03-05
CUST-00841,32,63192,Paid Search,Term Life,Variant A,7,0.0,0,2026-04-16
CUST-00842,60,40220,Paid Social,Term Life,Variant A,10,0.0,0,2026-03-12
CUST-00843,43,46703,Paid Search,Term Life,Control,52,0.0,0,2026-02-25
CUST-00844,52,33939,Email,Term Life,Control,68,0.0,0,2026-02-01
CUST-00845,66,53066,Paid Search,Accidental Death,Control,17,0.0,0,2026-01-23
CUST-00846,33,50084,Paid Social,Term Life,Control,40,0.0,0,2026-02-23
CUST-00847,40,25000,Paid Search,Term Life,Variant A,83,0.0,0,2026-04-21
CUST-00848,38,82505,Email,Whole Life,Control,74,18.06,1,2026-03-14
CUST-00849,18,120508,Paid Social,Term Life,Variant A,37,0.0,0,2026-04-03
CUST-00850,38,80155,Paid Social,Whole Life,Control,80,15.0,1,2026-04-01
CUST-00851,52,59926,Paid Search,Term Life,Control,61,0.0,0,2026-04-12
CUST-00852,48,63631,Paid Social,Accidental Death,Control,59,15.0,1,2026-03-26
CUST-00853,49,54475,Paid Search,Accidental Death,Variant A,17,15.0,1,2026-04-17
CUST-00854,37,67251,Email,Accidental Death,Variant A,55,0.0,0,2026-03-11
CUST-00855,34,64074,Paid Search,Term Life,Variant A,96,0.0,0,2026-03-31
CUST-00856,57,43973,Paid Search,Whole Life,Variant A,57,0.0,0,2026-03-25
CUST-00857,36,107072,Paid Search,Term Life,Variant A,40,0.0,0,2026-03-02
CUST-00858,45,27821,Paid Social,Term Life,Control,9,0.0,0,2026-03-20
CUST-00859,43,82958,Paid Social,Term Life,Control,29,0.0,0,2026-04-19
CUST-00860,59,62470,Paid Search,Whole Life,Control,85,0.0,0,2026-04-12
CUST-00861,53,112520,Paid Social,Term Life,Control,41,0.0,0,2026-01-20
CUST-00862,26,73521,Paid Social,Whole Life,Control,23,0.0,0,2026-02-22
CUST-00863,27,56002,Paid Social,Term Life,Control,39,15.0,1,2026-01-15
CUST-00864,48,58807,Paid Social,Term Life,Control,38,0.0,0,2026-01-29
CUST-00865,41,65997,Paid Social,Whole Life,Variant A,58,0.0,0,2026-03-11
CUST-00866,36,36430,Paid Social,Term Life,Variant A,50,15.0,1,2026-03-21
CUST-00867,54,45828,Paid Search,Whole Life,Control,10,0.0,0,2026-03-06
CUST-00868,44,25000,Paid Search,Term Life,Variant A,87,15.0,1,2026-03-03
CUST-00869,42,41925,Email,Accidental Death,Variant A,5,0.0,0,2026-03-11
CUST-00870,51,67347,Email,Whole Life,Control,75,0.0,0,2026-01-16
CUST-00871,37,72504,Paid Search,Term Life,Variant A,38,0.0,0,2026-02-23
CUST-00872,60,25000,Paid Search,Term Life,Control,60,0.0,0,2026-04-07
CUST-00873,32,61569,Paid Social,Whole Life,Control,87,0.0,0,2026-01-07
CUST-00874,49,79085,Paid Social,Accidental Death,Variant A,30,0.0,0,2026-03-01
CUST-00875,59,60927,Paid Search,Term Life,Control,46,0.0,0,2026-01-10
CUST-00876,25,49155,Paid Search,Term Life,Control,95,15.0,1,2026-02-22
CUST-00877,37,54695,Paid Social,Accidental Death,Control,42,0.0,0,2026-01-08
CUST-00878,55,51480,Paid Social,Whole Life,Variant A,30,15.0,1,2026-03-26
CUST-00879,55,49081,Paid Search,Term Life,Variant A,63,0.0,0,2026-03-31
CUST-00880,39,69345,Paid Search,Term Life,Variant A,88,0.0,0,2026-02-06
CUST-00881,33,122692,Paid Search,Term Life,Variant A,28,0.0,0,2026-03-23
CUST-00882,53,46407,Paid Social,Whole Life,Variant A,25,0.0,0,2026-01-04
CUST-00883,56,57046,Paid Search,Term Life,Control,64,15.0,1,2026-03-25
CUST-00884,28,63707,Paid Search,Accidental Death,Variant A,94,0.0,0,2026-04-22
CUST-00885,27,47816,Paid Social,Term Life,Variant A,24,0.0,0,2026-04-16
CUST-00886,44,92455,Paid Search,Term Life,Control,10,0.0,0,2026-04-22
CUST-00887,49,25000,Paid Social,Whole Life,Variant A,71,0.0,0,2026-04-14
CUST-00888,38,51723,Paid Search,Accidental Death,Variant A,14,0.0,0,2026-03-24
CUST-00889,50,85457,Paid Search,Accidental Death,Control,16,15.0,1,2026-04-07
CUST-00890,33,57647,Paid Search,Term Life,Control,26,0.0,0,2026-01-23
CUST-00891,18,44479,Paid Social,Whole Life,Control,66,15.0,1,2026-01-09
CUST-00892,36,76018,Email,Whole Life,Variant A,65,0.0,0,2026-02-07
CUST-00893,42,87658,Email,Term Life,Control,84,15.0,1,2026-02-14
CUST-00894,38,70265,Paid Search,Term Life,Control,21,0.0,0,2026-02-14
CUST-00895,28,44969,Paid Social,Term Life,Control,14,0.0,0,2026-01-18
CUST-00896,20,76405,Paid Search,Term Life,Variant A,16,0.0,0,2026-02-15
CUST-00897,35,54948,Paid Search,Accidental Death,Variant A,87,15.0,1,2026-01-02
CUST-00898,52,83629,Email,Term Life,Variant A,44,0.0,0,2026-02-17
CUST-00899,57,102081,Paid Search,Accidental Death,Control,27,15.0,1,2026-01-17
CUST-00900,56,25000,Paid Search,Whole Life,Variant A,44,15.0,1,2026-04-28
CUST-00901,32,67776,Paid Search,Whole Life,Variant A,78,15.0,1,2026-01-16
CUST-00902,28,25000,Paid Search,Whole Life,Variant A,78,15.0,1,2026-04-20
CUST-00903,47,126044,Paid Search,Term Life,Variant A,54,0.0,0,2026-02-14
CUST-00904,49,53296,Paid Social,Term Life,Control,14,0.0,0,2026-02-17
CUST-00905,46,83659,Paid Social,Term Life,Control,98,15.0,1,2026-01-24
CUST-00906,18,64117,Email,Whole Life,Control,8,15.0,1,2026-04-05
CUST-00907,31,44922,Email,Term Life,Variant A,5,0.0,0,2026-03-06
CUST-00908,41,41948,Paid Search,Whole Life,Variant A,47,15.0,1,2026-04-02
CUST-00909,47,104641,Paid Search,Term Life,Variant A,87,15.0,1,2026-04-23
CUST-00910,51,88898,Paid Search,Term Life,Variant A,9,0.0,0,2026-02-02
CUST-00911,43,113589,Paid Social,Term Life,Variant A,98,15.0,1,2026-04-16
CUST-00912,45,66386,Paid Search,Accidental Death,Control,94,0.0,0,2026-04-11
CUST-00913,43,72197,Paid Social,Whole Life,Control,38,0.0,0,2026-04-13
CUST-00914,50,58320,Paid Social,Term Life,Variant A,70,0.0,0,2026-01-04
CUST-00915,45,57822,Paid Social,Whole Life,Variant A,28,0.0,0,2026-01-01
CUST-00916,42,38952,Paid Social,Term Life,Variant A,18,0.0,0,2026-02-02
CUST-00917,38,67100,Paid Search,Accidental Death,Variant A,45,0.0,0,2026-03-15
CUST-00918,42,45268,Email,Whole Life,Control,46,0.0,0,2026-03-03
CUST-00919,47,76047,Paid Social,Term Life,Control,17,0.0,0,2026-01-03
CUST-00920,45,69250,Paid Search,Whole Life,Control,33,0.0,0,2026-04-11
CUST-00921,46,72192,Email,Term Life,Variant A,69,15.0,1,2026-02-14
CUST-00922,58,106878,Paid Social,Accidental Death,Variant A,50,15.0,1,2026-01-21
CUST-00923,45,64057,Email,Term Life,Variant A,38,0.0,0,2026-03-05
CUST-00924,34,83918,Paid Social,Whole Life,Control,67,15.0,1,2026-03-14
CUST-00925,52,116287,Paid Social,Term Life,Control,8,0.0,0,2026-02-26
CUST-00926,25,97665,Paid Search,Whole Life,Variant A,32,0.0,0,2026-02-09
CUST-00927,29,93829,Paid Search,Whole Life,Control,87,0.0,0,2026-03-03
CUST-00928,46,57332,Paid Social,Whole Life,Variant A,5,0.0,0,2026-02-12
CUST-00929,48,70741,Paid Social,Whole Life,Variant A,40,0.0,0,2026-03-29
CUST-00930,27,32043,Paid Search,Accidental Death,Variant A,17,0.0,0,2026-02-15
CUST-00931,37,77472,Paid Search,Term Life,Variant A,9,0.0,0,2026-03-13
CUST-00932,34,71861,Email,Term Life,Control,18,0.0,0,2026-01-24
CUST-00933,36,65584,Email,Term Life,Variant A,84,0.0,0,2026-01-24
CUST-00934,53,90679,Paid Social,Accidental Death,Control,36,0.0,0,2026-04-27
CUST-00935,50,34805,Paid Search,Term Life,Control,54,0.0,0,2026-01-10
CUST-00936,41,105871,Paid Search,Whole Life,Control,31,0.0,0,2026-04-09
CUST-00937,35,87544,Paid Search,Whole Life,Control,39,0.0,0,2026-03-09
CUST-00938,25,63234,Email,Term Life,Variant A,7,0.0,0,2026-02-26
CUST-00939,59,61281,Paid Search,Term Life,Variant A,8,0.0,0,2026-04-29
CUST-00940,49,77015,Paid Social,Term Life,Control,11,0.0,0,2026-02-13
CUST-00941,33,103021,Paid Search,Term Life,Control,81,15.0,1,2026-03-14
CUST-00942,50,67540,Paid Social,Term Life,Control,7,0.0,0,2026-03-16
CUST-00943,41,68600,Paid Social,Term Life,Variant A,85,15.0,1,2026-04-17
CUST-00944,38,65452,Email,Accidental Death,Variant A,63,15.0,1,2026-02-17
CUST-00945,47,109550,Paid Search,Accidental Death,Variant A,78,15.0,1,2026-03-18
CUST-00946,33,55777,Paid Search,Term Life,Control,5,0.0,0,2026-01-27
CUST-00947,37,64262,Paid Search,Term Life,Control,32,0.0,0,2026-01-30
CUST-00948,43,101585,Email,Term Life,Control,63,15.0,1,2026-02-15
CUST-00949,36,68675,Email,Whole Life,Variant A,57,15.0,1,2026-04-13
CUST-00950,50,93426,Paid Social,Accidental Death,Control,14,0.0,0,2026-01-12
CUST-00951,64,42217,Paid Social,Term Life,Control,75,0.0,0,2026-04-30
CUST-00952,32,59867,Paid Social,Term Life,Control,7,0.0,0,2026-03-01
CUST-00953,22,102110,Paid Search,Whole Life,Variant A,11,0.0,0,2026-01-19
CUST-00954,18,48091,Email,Whole Life,Control,13,0.0,0,2026-04-14
CUST-00955,40,61217,Paid Social,Term Life,Variant A,94,15.0,1,2026-03-09
CUST-00956,34,71417,Paid Search,Whole Life,Variant A,73,15.0,1,2026-02-23
CUST-00957,44,40271,Paid Social,Term Life,Variant A,17,0.0,0,2026-04-23
CUST-00958,43,54654,Paid Search,Term Life,Control,98,0.0,0,2026-02-03
CUST-00959,22,67815,Paid Search,Whole Life,Control,44,0.0,0,2026-03-28
CUST-00960,20,66167,Paid Social,Accidental Death,Variant A,66,15.0,1,2026-04-28
CUST-00961,45,97008,Paid Search,Term Life,Control,66,0.0,0,2026-04-19
CUST-00962,43,103536,Paid Social,Accidental Death,Control,14,0.0,0,2026-03-31
CUST-00963,36,43597,Paid Search,Term Life,Control,91,15.0,1,2026-04-27
CUST-00964,22,67781,Paid Search,Whole Life,Control,15,15.0,1,2026-01-07
CUST-00965,47,81856,Paid Search,Term Life,Control,80,15.0,1,2026-03-23
CUST-00966,57,102908,Paid Search,Accidental Death,Variant A,66,15.0,1,2026-02-11
CUST-00967,45,82962,Paid Social,Accidental Death,Control,81,15.0,1,2026-03-09
CUST-00968,31,72272,Paid Search,Term Life,Control,60,15.0,1,2026-02-22
CUST-00969,42,81663,Paid Social,Accidental Death,Control,53,15.0,1,2026-01-08
CUST-00970,25,81844,Paid Social,Accidental Death,Variant A,20,0.0,0,2026-01-22
CUST-00971,54,41807,Paid Social,Whole Life,Variant A,77,0.0,0,2026-04-28
CUST-00972,42,69819,Email,Term Life,Control,78,15.0,1,2026-04-27
CUST-00973,20,101479,Paid Social,Accidental Death,Variant A,97,15.0,1,2026-01-26
CUST-00974,38,59816,Paid Search,Accidental Death,Control,13,0.0,0,2026-03-18
CUST-00975,47,68236,Paid Search,Term Life,Variant A,37,0.0,0,2026-03-04
CUST-00976,38,58937,Paid Search,Accidental Death,Variant A,92,0.0,0,2026-02-15
CUST-00977,38,25000,Paid Social,Term Life,Variant A,39,0.0,0,2026-04-27
CUST-00978,27,65514,Paid Search,Term Life,Variant A,79,0.0,0,2026-03-22
CUST-00979,48,72544,Paid Social,Whole Life,Control,43,15.0,1,2026-02-13
CUST-00980,34,52187,Paid Social,Whole Life,Variant A,81,15.0,1,2026-03-03
CUST-00981,18,36134,Paid Search,Whole Life,Control,91,15.0,1,2026-02-05
CUST-00982,37,42984,Paid Social,Term Life,Variant A,29,0.0,0,2026-02-10
CUST-00983,53,84104,Paid Search,Accidental Death,Control,84,0.0,0,2026-04-21
CUST-00984,37,114313,Paid Search,Term Life,Control,60,0.0,0,2026-03-20
CUST-00985,62,99560,Paid Social,Term Life,Control,52,0.0,0,2026-03-23
CUST-00986,47,31391,Paid Social,Term Life,Control,89,15.0,1,2026-01-27
CUST-00987,46,86365,Paid Social,Whole Life,Variant A,14,0.0,0,2026-03-11
CUST-00988,40,48420,Paid Social,Accidental Death,Control,45,0.0,0,2026-04-08
CUST-00989,41,50443,Paid Search,Whole Life,Control,87,0.0,0,2026-02-10
CUST-00990,38,53450,Email,Accidental Death,Control,63,0.0,0,2026-01-05
CUST-00991,38,82651,Paid Social,Term Life,Variant A,32,0.0,0,2026-02-26
CUST-00992,48,88981,Paid Social,Whole Life,Control,45,0.0,0,2026-03-17
CUST-00993,30,62549,Paid Search,Term Life,Control,70,0.0,0,2026-01-29
CUST-00994,29,62973,Paid Social,Term Life,Variant A,55,0.0,0,2026-04-11
CUST-00995,28,76606,Paid Search,Term Life,Control,66,0.0,0,2026-01-12
CUST-00996,66,79199,Paid Search,Whole Life,Control,34,0.0,0,2026-01-25
CUST-00997,48,94405,Email,Whole Life,Variant A,44,0.0,0,2026-04-21
CUST-00998,45,32890,Paid Search,Whole Life,Control,44,0.0,0,2026-02-03
CUST-00999,29,65500,Email,Term Life,Control,73,0.0,0,2026-03-16
CUST-01000,49,38299,Paid Social,Term Life,Variant A,66,0.0,0,2026-03-28
CUST-01001,40,63726,Paid Search,Whole Life,Control,19,15.0,1,2026-01-24
CUST-01002,44,59345,Paid Social,Term Life,Control,7,0.0,0,2026-04-25
CUST-01003,30,63831,Email,Accidental Death,Variant A,28,0.0,0,2026-04-23
CUST-01004,43,45006,Paid Social,Whole Life,Variant A,45,15.0,1,2026-03-23
CUST-01005,36,27817,Email,Term Life,Variant A,67,0.0,0,2026-03-04
CUST-01006,32,25000,Paid Social,Accidental Death,Control,52,0.0,0,2026-03-04
CUST-01007,50,61720,Paid Social,Whole Life,Control,65,0.0,0,2026-01-10
CUST-01008,23,54224,Email,Term Life,Variant A,52,0.0,0,2026-01-05
CUST-01009,48,48101,Paid Search,Whole Life,Control,51,0.0,0,2026-04-05
CUST-01010,50,98063,Paid Social,Term Life,Control,60,15.0,1,2026-03-30
CUST-01011,31,43514,Paid Search,Accidental Death,Variant A,80,15.0,1,2026-02-22
CUST-01012,32,100420,Email,Accidental Death,Control,12,0.0,0,2026-03-22
CUST-01013,39,105596,Email,Accidental Death,Control,82,0.0,0,2026-01-28
CUST-01014,45,25000,Paid Search,Whole Life,Control,22,0.0,0,2026-03-06
CUST-01015,40,67309,Paid Social,Term Life,Variant A,88,0.0,0,2026-02-14
CUST-01016,47,55007,Email,Whole Life,Control,27,15.0,1,2026-03-07
CUST-01017,63,25000,Paid Search,Term Life,Control,73,15.0,1,2026-02-18
CUST-01018,35,28883,Paid Social,Whole Life,Control,69,0.0,0,2026-04-21
CUST-01019,21,84373,Email,Whole Life,Variant A,50,0.0,0,2026-02-09
CUST-01020,51,115479,Paid Search,Term Life,Variant A,70,15.0,1,2026-03-07
CUST-01021,62,87566,Paid Social,Term Life,Control,84,15.0,1,2026-04-01
CUST-01022,46,73090,Paid Search,Accidental Death,Variant A,73,0.0,0,2026-01-08
CUST-01023,28,64466,Email,Accidental Death,Control,26,0.0,0,2026-01-27
CUST-01024,40,107066,Email,Term Life,Control,69,15.0,1,2026-04-11
CUST-01025,28,118705,Email,Term Life,Variant A,16,0.0,0,2026-01-17
CUST-01026,49,50328,Paid Social,Term Life,Variant A,23,0.0,0,2026-03-09
CUST-01027,25,25000,Email,Accidental Death,Control,26,15.0,1,2026-02-13
CUST-01028,38,25000,Email,Term Life,Variant A,59,15.0,1,2026-04-24
CUST-01029,29,98047,Paid Search,Whole Life,Control,66,0.0,0,2026-04-12
CUST-01030,43,63823,Email,Term Life,Variant A,55,15.0,1,2026-01-31
CUST-01031,37,69581,Paid Search,Whole Life,Variant A,52,0.0,0,2026-01-05
CUST-01032,44,25000,Paid Social,Term Life,Variant A,21,0.0,0,2026-03-01
CUST-01033,42,46170,Paid Search,Whole Life,Control,17,0.0,0,2026-03-30
CUST-01034,30,57612,Paid Search,Term Life,Control,32,0.0,0,2026-04-02
CUST-01035,49,70195,Paid Search,Whole Life,Variant A,71,15.0,1,2026-01-19
CUST-01036,41,55035,Paid Social,Term Life,Variant A,9,0.0,0,2026-04-11
CUST-01037,30,39066,Paid Search,Whole Life,Variant A,64,0.0,0,2026-02-11
CUST-01038,68,45385,Paid Social,Accidental Death,Control,19,0.0,0,2026-01-23
CUST-01039,47,95208,Paid Search,Term Life,Variant A,85,0.0,0,2026-04-25
CUST-01040,40,71119,Paid Search,Accidental Death,Variant A,48,0.0,0,2026-04-10
CUST-01041,58,80303,Paid Social,Whole Life,Variant A,50,0.0,0,2026-04-19
CUST-01042,64,42528,Paid Social,Term Life,Control,33,0.0,0,2026-03-18
CUST-01043,40,25000,Paid Search,Term Life,Variant A,72,15.0,1,2026-01-17
CUST-01044,46,51922,Paid Social,Term Life,Variant A,53,0.0,0,2026-04-24
CUST-01045,30,43335,Email,Whole Life,Control,47,0.0,0,2026-04-25
CUST-01046,40,73725,Paid Social,Whole Life,Variant A,72,15.0,1,2026-04-04
CUST-01047,39,147143,Paid Search,Term Life,Control,81,0.0,0,2026-02-27
CUST-01048,44,82379,Paid Search,Whole Life,Variant A,24,15.0,1,2026-04-29
CUST-01049,45,133399,Email,Accidental Death,Variant A,22,15.0,1,2026-03-28
CUST-01050,48,79219,Paid Search,Accidental Death,Control,68,15.0,1,2026-02-18
CUST-01051,44,49252,Email,Whole Life,Variant A,53,0.0,0,2026-01-03
CUST-01052,27,73697,Paid Social,Accidental Death,Variant A,46,0.0,0,2026-03-18
CUST-01053,30,109515,Email,Whole Life,Variant A,16,0.0,0,2026-04-06
CUST-01054,35,110739,Paid Social,Term Life,Control,93,15.0,1,2026-02-14
CUST-01055,38,50616,Email,Accidental Death,Control,98,15.0,1,2026-02-04
CUST-01056,54,71329,Paid Search,Term Life,Variant A,83,15.0,1,2026-01-02
CUST-01057,28,29268,Paid Social,Term Life,Control,40,0.0,0,2026-02-16
CUST-01058,37,85616,Paid Social,Term Life,Control,12,0.0,0,2026-01-03
CUST-01059,53,103833,Paid Social,Accidental Death,Control,32,0.0,0,2026-04-28
CUST-01060,38,65994,Paid Social,Accidental Death,Control,90,0.0,0,2026-04-22
CUST-01061,47,48315,Email,Term Life,Variant A,64,0.0,0,2026-01-29
CUST-01062,40,74003,Email,Term Life,Variant A,53,0.0,0,2026-03-15
CUST-01063,45,75436,Paid Social,Term Life,Variant A,42,0.0,0,2026-01-20
CUST-01064,39,67028,Paid Social,Whole Life,Variant A,84,0.0,0,2026-02-03
CUST-01065,50,69467,Paid Social,Term Life,Variant A,62,15.0,1,2026-03-20
CUST-01066,23,60654,Paid Social,Whole Life,Control,9,0.0,0,2026-02-09
CUST-01067,37,89898,Paid Search,Term Life,Variant A,50,0.0,0,2026-04-19
CUST-01068,45,83405,Paid Search,Term Life,Control,79,0.0,0,2026-03-06
CUST-01069,48,40422,Paid Search,Term Life,Variant A,6,0.0,0,2026-03-31
CUST-01070,59,39735,Paid Search,Term Life,Control,93,15.0,1,2026-03-04
CUST-01071,37,58640,Paid Search,Accidental Death,Control,29,0.0,0,2026-02-25
CUST-01072,59,83420,Paid Search,Term Life,Control,5,0.0,0,2026-02-01
CUST-01073,34,68701,Paid Search,Term Life,Control,99,15.0,1,2026-03-07
CUST-01074,57,48921,Paid Search,Term Life,Control,73,15.0,1,2026-04-06
CUST-01075,51,71537,Email,Term Life,Control,44,0.0,0,2026-02-10
CUST-01076,31,56729,Paid Social,Term Life,Control,72,0.0,0,2026-01-29
CUST-01077,45,87012,Paid Search,Term Life,Control,73,0.0,0,2026-04-26
CUST-01078,41,73326,Paid Social,Whole Life,Control,73,15.0,1,2026-03-25
CUST-01079,49,57118,Paid Search,Whole Life,Control,20,0.0,0,2026-03-28
CUST-01080,39,70787,Email,Term Life,Variant A,58,15.0,1,2026-02-20
CUST-01081,38,97876,Paid Social,Term Life,Variant A,67,15.0,1,2026-01-12
CUST-01082,58,50759,Paid Search,Accidental Death,Variant A,22,15.0,1,2026-02-13
CUST-01083,40,75066,Paid Social,Term Life,Variant A,21,0.0,0,2026-01-10
CUST-01084,51,63238,Email,Term Life,Variant A,86,15.0,1,2026-03-24
CUST-01085,39,75674,Email,Term Life,Variant A,8,0.0,0,2026-04-26
CUST-01086,61,48635,Paid Social,Term Life,Control,99,15.0,1,2026-03-15
CUST-01087,33,67758,Paid Social,Whole Life,Variant A,99,15.0,1,2026-03-24
CUST-01088,34,92695,Paid Search,Term Life,Control,13,0.0,0,2026-03-31
CUST-01089,60,41574,Email,Whole Life,Variant A,35,15.0,1,2026-03-29
CUST-01090,36,31764,Paid Search,Term Life,Variant A,9,15.0,1,2026-01-09
CUST-01091,61,32713,Email,Term Life,Variant A,20,0.0,0,2026-01-29
CUST-01092,52,35733,Paid Social,Whole Life,Control,46,0.0,0,2026-01-29
CUST-01093,40,79883,Paid Social,Term Life,Variant A,45,0.0,0,2026-04-11
CUST-01094,20,29853,Paid Social,Whole Life,Variant A,84,0.0,0,2026-04-02
CUST-01095,41,57552,Paid Search,Term Life,Control,88,15.0,1,2026-03-02
CUST-01096,43,80457,Paid Search,Whole Life,Variant A,34,0.0,0,2026-03-05
CUST-01097,56,75416,Paid Search,Term Life,Control,30,15.0,1,2026-01-03
CUST-01098,61,55361,Paid Search,Accidental Death,Control,53,0.0,0,2026-03-28
CUST-01099,33,69773,Paid Social,Term Life,Control,35,15.0,1,2026-04-25
CUST-01100,51,67678,Paid Search,Accidental Death,Variant A,54,0.0,0,2026-04-28
CUST-01101,51,59393,Paid Search,Term Life,Control,19,0.0,0,2026-01-04
CUST-01102,54,59729,Email,Whole Life,Control,56,0.0,0,2026-02-24
CUST-01103,47,120885,Email,Term Life,Control,42,0.0,0,2026-01-14
CUST-01104,18,85232,Email,Accidental Death,Control,42,0.0,0,2026-04-12
CUST-01105,40,127016,Email,Term Life,Control,64,15.0,1,2026-03-18
CUST-01106,28,52575,Paid Search,Term Life,Control,24,0.0,0,2026-01-28
CUST-01107,39,62875,Paid Search,Term Life,Control,91,15.0,1,2026-03-04
CUST-01108,53,31696,Paid Social,Term Life,Control,48,0.0,0,2026-02-08
CUST-01109,45,44760,Paid Social,Term Life,Control,93,0.0,0,2026-04-18
CUST-01110,55,112547,Paid Search,Accidental Death,Variant A,67,15.0,1,2026-03-05
CUST-01111,46,51949,Email,Accidental Death,Variant A,54,0.0,0,2026-03-01
CUST-01112,26,112982,Paid Search,Term Life,Control,26,0.0,0,2026-01-20
CUST-01113,18,33915,Paid Search,Accidental Death,Control,76,0.0,0,2026-01-28
CUST-01114,43,38663,Paid Social,Whole Life,Variant A,58,15.0,1,2026-04-06
CUST-01115,39,56469,Paid Social,Term Life,Variant A,13,15.0,1,2026-01-14
CUST-01116,30,63406,Paid Social,Whole Life,Variant A,19,0.0,0,2026-03-18
CUST-01117,21,88077,Paid Search,Whole Life,Control,52,0.0,0,2026-03-16
CUST-01118,33,76269,Email,Accidental Death,Control,24,15.0,1,2026-04-12
CUST-01119,39,54592,Paid Search,Term Life,Variant A,39,0.0,0,2026-02-27
CUST-01120,49,61667,Paid Search,Whole Life,Variant A,71,0.0,0,2026-02-08
CUST-01121,44,57023,Email,Term Life,Control,64,0.0,0,2026-04-16
CUST-01122,61,42133,Email,Term Life,Control,38,0.0,0,2026-04-30
CUST-01123,29,42800,Email,Term Life,Variant A,77,0.0,0,2026-02-27
CUST-01124,52,90697,Email,Accidental Death,Control,98,15.0,1,2026-01-15
CUST-01125,42,25000,Paid Social,Accidental Death,Variant A,58,0.0,0,2026-03-14
CUST-01126,50,105433,Paid Social,Whole Life,Control,94,0.0,0,2026-01-03
CUST-01127,36,56425,Paid Search,Whole Life,Control,16,0.0,0,2026-01-05
CUST-01128,54,45687,Paid Social,Term Life,Control,92,15.0,1,2026-04-02
CUST-01129,45,83493,Paid Search,Term Life,Variant A,23,0.0,0,2026-02-11
CUST-01130,33,102130,Paid Search,Term Life,Control,84,0.0,0,2026-01-15
CUST-01131,41,92940,Paid Social,Term Life,Control,30,0.0,0,2026-01-03
CUST-01132,39,77546,Paid Social,Whole Life,Control,27,15.0,1,2026-04-27
CUST-01133,47,92171,Paid Search,Whole Life,Variant A,37,0.0,0,2026-04-24
CUST-01134,27,25000,Paid Search,Term Life,Variant A,61,0.0,0,2026-02-04
CUST-01135,41,51954,Paid Social,Term Life,Variant A,34,15.0,1,2026-01-07
CUST-01136,46,42220,Paid Search,Term Life,Variant A,27,0.0,0,2026-04-04
CUST-01137,42,95615,Email,Term Life,Control,78,15.0,1,2026-01-24
CUST-01138,58,55413,Paid Social,Accidental Death,Variant A,40,15.0,1,2026-04-27
CUST-01139,51,86135,Paid Social,Whole Life,Control,99,17.76,1,2026-01-31
CUST-01140,41,78396,Paid Social,Accidental Death,Control,90,0.0,0,2026-03-19
CUST-01141,44,43442,Email,Term Life,Control,47,15.0,1,2026-03-21
CUST-01142,45,50326,Paid Search,Term Life,Variant A,70,0.0,0,2026-04-25
CUST-01143,46,97345,Paid Social,Term Life,Variant A,57,0.0,0,2026-01-04
CUST-01144,20,45612,Paid Social,Accidental Death,Variant A,91,0.0,0,2026-01-03
CUST-01145,38,68121,Paid Search,Whole Life,Variant A,64,15.0,1,2026-04-09
CUST-01146,24,45436,Email,Term Life,Variant A,41,0.0,0,2026-01-09
CUST-01147,57,57151,Paid Social,Whole Life,Variant A,65,0.0,0,2026-03-09
CUST-01148,41,63845,Paid Social,Term Life,Control,57,15.0,1,2026-04-28
CUST-01149,39,45428,Email,Whole Life,Variant A,16,15.0,1,2026-03-24
CUST-01150,52,40988,Email,Accidental Death,Variant A,39,15.0,1,2026-03-29
CUST-01151,47,72156,Paid Social,Whole Life,Variant A,71,15.0,1,2026-03-01
CUST-01152,28,43881,Email,Whole Life,Control,42,0.0,0,2026-01-11
CUST-01153,41,44733,Paid Social,Term Life,Control,28,15.0,1,2026-03-20
CUST-01154,37,41523,Paid Social,Term Life,Control,85,15.0,1,2026-02-05
CUST-01155,21,63052,Paid Social,Term Life,Control,44,15.0,1,2026-04-05
CUST-01156,33,88592,Paid Social,Term Life,Control,69,0.0,0,2026-03-13
CUST-01157,39,102663,Paid Search,Whole Life,Variant A,61,0.0,0,2026-01-02
CUST-01158,40,46852,Email,Whole Life,Variant A,76,0.0,0,2026-02-19
CUST-01159,24,118757,Email,Term Life,Variant A,83,0.0,0,2026-01-03
CUST-01160,55,39882,Paid Search,Accidental Death,Control,49,15.0,1,2026-03-08
CUST-01161,40,92088,Email,Term Life,Control,93,15.0,1,2026-03-26
CUST-01162,42,46957,Paid Search,Term Life,Control,76,15.0,1,2026-04-25
CUST-01163,46,43226,Paid Search,Term Life,Control,17,15.0,1,2026-03-03
CUST-01164,32,46381,Paid Social,Term Life,Control,83,15.0,1,2026-03-17
CUST-01165,47,63688,Paid Search,Term Life,Control,10,0.0,0,2026-04-30
CUST-01166,37,79499,Email,Term Life,Variant A,75,0.0,0,2026-01-14
CUST-01167,31,81746,Email,Term Life,Control,51,15.0,1,2026-01-23
CUST-01168,48,41400,Paid Social,Accidental Death,Variant A,97,15.0,1,2026-03-18
CUST-01169,59,40258,Paid Search,Term Life,Variant A,48,0.0,0,2026-01-16
CUST-01170,50,42084,Paid Search,Term Life,Variant A,36,0.0,0,2026-03-22
CUST-01171,53,62216,Paid Social,Term Life,Variant A,7,0.0,0,2026-04-28
CUST-01172,35,59746,Email,Whole Life,Variant A,58,0.0,0,2026-01-18
CUST-01173,22,41245,Paid Social,Term Life,Variant A,88,0.0,0,2026-01-13
CUST-01174,59,71740,Paid Search,Accidental Death,Variant A,82,15.0,1,2026-02-25
CUST-01175,66,121564,Paid Social,Whole Life,Control,96,16.51,1,2026-03-31
CUST-01176,60,52382,Paid Social,Whole Life,Control,42,0.0,0,2026-02-14
CUST-01177,37,54162,Paid Social,Whole Life,Variant A,8,0.0,0,2026-02-09
CUST-01178,28,78991,Paid Search,Term Life,Control,83,15.0,1,2026-04-13
CUST-01179,29,51029,Paid Social,Term Life,Variant A,21,0.0,0,2026-01-31
CUST-01180,21,81724,Paid Social,Term Life,Variant A,41,0.0,0,2026-04-14
CUST-01181,40,47036,Email,Whole Life,Control,92,0.0,0,2026-03-22
CUST-01182,61,110802,Paid Search,Term Life,Variant A,40,0.0,0,2026-02-01
CUST-01183,40,73619,Paid Social,Term Life,Variant A,62,0.0,0,2026-04-30
CUST-01184,45,49499,Email,Accidental Death,Variant A,45,0.0,0,2026-01-01
CUST-01185,58,50282,Paid Search,Term Life,Variant A,12,0.0,0,2026-02-04
CUST-01186,37,52155,Email,Accidental Death,Variant A,71,0.0,0,2026-02-05
CUST-01187,66,99318,Paid Social,Whole Life,Variant A,34,0.0,0,2026-03-24
CUST-01188,65,33281,Paid Search,Term Life,Variant A,90,15.0,1,2026-04-02
CUST-01189,40,48301,Paid Search,Term Life,Control,56,0.0,0,2026-03-07
CUST-01190,35,50958,Paid Social,Term Life,Control,29,0.0,0,2026-01-29
CUST-01191,50,64607,Paid Search,Whole Life,Control,56,15.0,1,2026-02-12
CUST-01192,37,58222,Paid Social,Whole Life,Control,63,0.0,0,2026-01-29
CUST-01193,28,27719,Paid Search,Whole Life,Control,34,0.0,0,2026-02-12
CUST-01194,57,55004,Paid Social,Accidental Death,Variant A,71,15.0,1,2026-01-19
CUST-01195,56,62511,Paid Search,Whole Life,Variant A,8,0.0,0,2026-03-05
CUST-01196,43,49297,Email,Term Life,Variant A,97,15.0,1,2026-04-02
CUST-01197,26,82169,Email,Term Life,Variant A,61,15.0,1,2026-04-08
CUST-01198,27,87985,Email,Accidental Death,Control,67,0.0,0,2026-01-31
CUST-01199,43,63040,Paid Social,Term Life,Control,36,0.0,0,2026-04-11
CUST-01200,36,70763,Paid Search,Term Life,Variant A,91,0.0,0,2026-01-19
CUST-01201,37,25000,Paid Social,Whole Life,Control,87,15.0,1,2026-04-06
CUST-01202,54,54472,Paid Search,Term Life,Variant A,83,15.0,1,2026-01-29
CUST-01203,50,90120,Paid Search,Accidental Death,Control,55,15.0,1,2026-03-14
CUST-01204,58,54414,Paid Search,Whole Life,Control,67,0.0,0,2026-01-07
CUST-01205,30,46568,Paid Social,Term Life,Control,84,15.0,1,2026-02-27
CUST-01206,37,121942,Paid Social,Accidental Death,Variant A,91,0.0,0,2026-03-17
CUST-01207,51,110476,Paid Social,Term Life,Variant A,5,0.0,0,2026-03-01
CUST-01208,47,76689,Paid Social,Term Life,Variant A,23,0.0,0,2026-02-20
CUST-01209,60,93472,Paid Search,Term Life,Variant A,39,0.0,0,2026-04-05
CUST-01210,47,25000,Email,Term Life,Variant A,67,15.0,1,2026-03-23
CUST-01211,64,45311,Paid Social,Term Life,Variant A,98,15.0,1,2026-04-02
CUST-01212,48,53251,Paid Social,Term Life,Variant A,85,0.0,0,2026-02-19
CUST-01213,54,59100,Paid Search,Term Life,Control,30,0.0,0,2026-01-21
CUST-01214,38,52751,Paid Social,Term Life,Variant A,17,0.0,0,2026-01-09
CUST-01215,42,25000,Paid Social,Whole Life,Variant A,90,15.0,1,2026-02-03
CUST-01216,52,74650,Paid Search,Accidental Death,Control,27,0.0,0,2026-02-03
CUST-01217,61,78591,Paid Search,Term Life,Control,95,0.0,0,2026-02-16
CUST-01218,50,105047,Paid Social,Term Life,Control,39,0.0,0,2026-01-24
CUST-01219,41,45292,Paid Social,Term Life,Control,16,0.0,0,2026-03-21
CUST-01220,58,43245,Paid Search,Term Life,Variant A,13,0.0,0,2026-01-28
CUST-01221,18,25000,Email,Whole Life,Variant A,82,0.0,0,2026-02-15
CUST-01222,24,57660,Paid Search,Whole Life,Variant A,71,0.0,0,2026-02-20
CUST-01223,50,87527,Paid Social,Term Life,Variant A,48,15.0,1,2026-04-21
CUST-01224,42,49705,Email,Term Life,Variant A,65,15.0,1,2026-04-09
CUST-01225,49,118586,Paid Social,Term Life,Control,25,0.0,0,2026-01-06
CUST-01226,42,58585,Paid Social,Whole Life,Variant A,11,0.0,0,2026-04-12
CUST-01227,48,68674,Paid Search,Term Life,Variant A,15,0.0,0,2026-03-04
CUST-01228,32,30922,Paid Search,Accidental Death,Variant A,49,0.0,0,2026-04-28
CUST-01229,48,72180,Email,Whole Life,Variant A,36,15.0,1,2026-02-22
CUST-01230,53,25000,Paid Social,Term Life,Variant A,90,15.0,1,2026-03-05
CUST-01231,56,82342,Email,Whole Life,Control,87,15.0,1,2026-02-21
CUST-01232,66,83110,Paid Search,Accidental Death,Variant A,40,0.0,0,2026-03-01
CUST-01233,44,98982,Paid Search,Whole Life,Variant A,41,0.0,0,2026-02-10
CUST-01234,45,39500,Paid Search,Term Life,Variant A,79,15.0,1,2026-01-11
CUST-01235,23,69014,Paid Social,Term Life,Control,45,0.0,0,2026-01-04
CUST-01236,35,79095,Paid Search,Accidental Death,Control,81,15.0,1,2026-01-14
CUST-01237,39,76057,Email,Whole Life,Control,96,15.0,1,2026-01-13
CUST-01238,54,43367,Paid Social,Whole Life,Variant A,53,0.0,0,2026-01-15
CUST-01239,34,25000,Email,Accidental Death,Control,19,0.0,0,2026-04-23
CUST-01240,51,73674,Paid Search,Accidental Death,Variant A,17,0.0,0,2026-01-08
CUST-01241,41,61187,Email,Accidental Death,Control,57,0.0,0,2026-04-17
CUST-01242,39,50833,Paid Social,Term Life,Control,37,15.0,1,2026-03-29
CUST-01243,44,84098,Paid Social,Whole Life,Variant A,76,15.0,1,2026-01-11
CUST-01244,37,63877,Email,Whole Life,Variant A,36,15.0,1,2026-04-22
CUST-01245,36,32020,Paid Social,Whole Life,Variant A,52,0.0,0,2026-04-09
CUST-01246,21,25000,Paid Social,Whole Life,Control,72,15.0,1,2026-03-30
CUST-01247,39,36775,Paid Search,Term Life,Control,61,0.0,0,2026-01-23
CUST-01248,36,124825,Paid Search,Whole Life,Control,66,0.0,0,2026-04-21
CUST-01249,35,83069,Email,Whole Life,Control,86,0.0,0,2026-04-19
CUST-01250,47,69715,Paid Social,Term Life,Variant A,91,15.0,1,2026-01-07
CUST-01251,49,60458,Paid Social,Term Life,Control,97,15.0,1,2026-03-10
CUST-01252,44,58815,Paid Social,Term Life,Variant A,6,0.0,0,2026-02-01
CUST-01253,53,94179,Paid Search,Term Life,Variant A,81,0.0,0,2026-04-02
CUST-01254,48,52735,Paid Search,Term Life,Variant A,20,0.0,0,2026-02-13
CUST-01255,38,79423,Paid Social,Term Life,Variant A,12,0.0,0,2026-01-03
CUST-01256,36,56289,Paid Social,Whole Life,Control,23,15.0,1,2026-04-04
CUST-01257,45,113503,Paid Search,Whole Life,Control,36,23.23,1,2026-02-13
CUST-01258,48,83557,Paid Social,Whole Life,Variant A,71,0.0,0,2026-03-10
CUST-01259,58,96138,Paid Search,Accidental Death,Control,36,0.0,0,2026-02-20
CUST-01260,56,50389,Paid Social,Term Life,Variant A,89,15.0,1,2026-03-02
CUST-01261,35,91453,Paid Search,Term Life,Variant A,29,0.0,0,2026-02-20
CUST-01262,40,57185,Paid Social,Accidental Death,Variant A,57,0.0,0,2026-02-02
CUST-01263,50,67750,Paid Search,Term Life,Variant A,85,0.0,0,2026-01-20
CUST-01264,54,105876,Paid Social,Accidental Death,Variant A,29,0.0,0,2026-01-30
CUST-01265,53,38930,Paid Search,Accidental Death,Variant A,37,15.0,1,2026-02-13
CUST-01266,41,70081,Paid Search,Whole Life,Control,35,0.0,0,2026-03-27
CUST-01267,26,75950,Paid Search,Accidental Death,Variant A,40,15.0,1,2026-03-27
CUST-01268,30,78000,Paid Social,Term Life,Control,91,15.0,1,2026-04-12
CUST-01269,45,53730,Paid Social,Term Life,Variant A,93,0.0,0,2026-01-29
CUST-01270,46,117156,Paid Search,Whole Life,Variant A,53,19.0,1,2026-01-21
CUST-01271,28,32626,Paid Social,Term Life,Control,48,0.0,0,2026-03-23
CUST-01272,42,101472,Email,Accidental Death,Control,52,0.0,0,2026-02-22
CUST-01273,49,95376,Paid Social,Term Life,Control,34,15.0,1,2026-04-22
CUST-01274,28,112522,Paid Search,Whole Life,Variant A,17,0.0,0,2026-01-11
CUST-01275,55,25294,Paid Social,Whole Life,Variant A,47,15.0,1,2026-01-10
CUST-01276,37,43279,Paid Search,Whole Life,Variant A,97,15.0,1,2026-02-04
CUST-01277,57,102298,Paid Search,Term Life,Variant A,20,0.0,0,2026-01-26
CUST-01278,35,25000,Email,Term Life,Control,95,0.0,0,2026-04-24
CUST-01279,29,25000,Paid Search,Accidental Death,Variant A,30,0.0,0,2026-02-13
CUST-01280,36,52792,Paid Social,Term Life,Variant A,79,15.0,1,2026-04-20
CUST-01281,40,69799,Paid Social,Accidental Death,Control,51,0.0,0,2026-01-04
CUST-01282,37,104805,Paid Social,Whole Life,Control,41,0.0,0,2026-03-15
CUST-01283,39,60368,Paid Social,Whole Life,Variant A,7,0.0,0,2026-02-26
CUST-01284,46,49794,Paid Search,Whole Life,Variant A,30,0.0,0,2026-02-08
CUST-01285,39,72784,Paid Search,Term Life,Variant A,19,0.0,0,2026-03-21
CUST-01286,41,76739,Paid Social,Whole Life,Variant A,70,0.0,0,2026-02-10
CUST-01287,21,76030,Paid Search,Accidental Death,Control,32,0.0,0,2026-04-04
CUST-01288,46,60550,Paid Search,Term Life,Variant A,88,0.0,0,2026-03-08
CUST-01289,40,25000,Paid Search,Accidental Death,Control,42,0.0,0,2026-04-08
CUST-01290,61,42059,Paid Search,Term Life,Variant A,48,15.0,1,2026-03-30
CUST-01291,30,100506,Paid Search,Term Life,Control,57,0.0,0,2026-04-12
CUST-01292,20,69676,Paid Search,Term Life,Variant A,84,15.0,1,2026-04-16
CUST-01293,49,56936,Paid Social,Accidental Death,Control,8,0.0,0,2026-02-05
CUST-01294,46,92954,Paid Social,Term Life,Control,76,15.0,1,2026-01-04
CUST-01295,29,36747,Email,Accidental Death,Control,48,0.0,0,2026-04-16
CUST-01296,23,59366,Paid Search,Accidental Death,Control,50,0.0,0,2026-03-15
CUST-01297,60,68443,Paid Search,Term Life,Control,88,15.0,1,2026-01-13
CUST-01298,58,53965,Paid Search,Term Life,Variant A,30,0.0,0,2026-03-11
CUST-01299,18,67519,Paid Social,Whole Life,Control,17,0.0,0,2026-01-07
CUST-01300,36,60307,Paid Social,Term Life,Control,73,0.0,0,2026-01-28
CUST-01301,61,30016,Paid Search,Whole Life,Control,48,15.0,1,2026-02-28
CUST-01302,36,69536,Email,Term Life,Control,57,0.0,0,2026-02-06
CUST-01303,36,31791,Paid Search,Term Life,Variant A,55,0.0,0,2026-01-15
CUST-01304,38,69140,Paid Social,Whole Life,Variant A,17,0.0,0,2026-01-30
CUST-01305,28,99353,Paid Social,Term Life,Control,45,15.0,1,2026-04-14
CUST-01306,21,57974,Email,Term Life,Control,15,0.0,0,2026-03-15
CUST-01307,54,35712,Paid Social,Term Life,Variant A,41,0.0,0,2026-01-12
CUST-01308,19,61825,Email,Term Life,Variant A,64,0.0,0,2026-03-22
CUST-01309,44,44200,Paid Search,Whole Life,Control,36,15.0,1,2026-04-22
CUST-01310,52,79862,Email,Accidental Death,Control,49,0.0,0,2026-01-30
CUST-01311,24,61300,Paid Search,Term Life,Control,22,0.0,0,2026-01-01
CUST-01312,30,107744,Email,Whole Life,Control,97,15.8,1,2026-02-05
CUST-01313,56,94074,Paid Social,Whole Life,Control,83,17.15,1,2026-04-14
CUST-01314,48,61172,Email,Term Life,Control,24,0.0,0,2026-03-29
CUST-01315,34,82890,Paid Social,Term Life,Control,48,0.0,0,2026-04-12
CUST-01316,56,55169,Paid Social,Accidental Death,Variant A,40,0.0,0,2026-01-21
CUST-01317,56,65848,Paid Social,Whole Life,Variant A,73,15.0,1,2026-04-16
CUST-01318,45,55964,Paid Social,Whole Life,Variant A,41,15.0,1,2026-02-01
CUST-01319,31,84161,Paid Search,Whole Life,Variant A,37,0.0,0,2026-03-04
CUST-01320,37,100824,Paid Search,Term Life,Control,86,15.0,1,2026-03-23
CUST-01321,45,84966,Paid Search,Whole Life,Control,23,0.0,0,2026-01-13
CUST-01322,39,88048,Paid Search,Whole Life,Control,55,0.0,0,2026-02-06
CUST-01323,53,88075,Email,Whole Life,Variant A,36,17.61,1,2026-02-13
CUST-01324,23,78781,Paid Search,Term Life,Variant A,26,0.0,0,2026-01-21
CUST-01325,24,36517,Email,Term Life,Variant A,5,0.0,0,2026-01-18
CUST-01326,44,107524,Paid Search,Term Life,Control,58,0.0,0,2026-04-14
CUST-01327,36,110110,Paid Search,Accidental Death,Control,93,0.0,0,2026-02-15
CUST-01328,34,59153,Paid Social,Term Life,Variant A,24,0.0,0,2026-02-16
CUST-01329,20,55732,Paid Social,Term Life,Variant A,62,15.0,1,2026-01-26
CUST-01330,42,80310,Paid Social,Term Life,Control,39,0.0,0,2026-01-05
CUST-01331,41,78770,Paid Social,Term Life,Variant A,74,0.0,0,2026-01-05
CUST-01332,49,59951,Paid Social,Whole Life,Control,74,0.0,0,2026-01-31
CUST-01333,42,33749,Paid Search,Whole Life,Variant A,65,0.0,0,2026-01-28
CUST-01334,40,72642,Email,Whole Life,Control,67,15.0,1,2026-04-23
CUST-01335,56,78785,Email,Term Life,Variant A,65,0.0,0,2026-03-18
CUST-01336,26,83145,Paid Social,Whole Life,Variant A,61,16.98,1,2026-04-23
CUST-01337,48,73732,Paid Search,Term Life,Variant A,7,0.0,0,2026-03-16
CUST-01338,21,58222,Paid Social,Term Life,Variant A,99,15.0,1,2026-03-06
CUST-01339,31,89850,Paid Search,Term Life,Variant A,49,0.0,0,2026-03-29
CUST-01340,27,66646,Paid Search,Term Life,Control,19,0.0,0,2026-01-13
CUST-01341,51,53376,Paid Search,Term Life,Control,21,0.0,0,2026-01-18
CUST-01342,41,60483,Paid Social,Whole Life,Control,19,0.0,0,2026-01-24
CUST-01343,41,25000,Email,Whole Life,Control,9,0.0,0,2026-01-29
CUST-01344,28,60443,Paid Social,Accidental Death,Control,90,15.0,1,2026-01-28
CUST-01345,38,82210,Paid Social,Term Life,Variant A,50,15.0,1,2026-04-12
CUST-01346,32,73494,Paid Social,Term Life,Control,15,0.0,0,2026-02-14
CUST-01347,46,103016,Paid Search,Term Life,Control,68,15.0,1,2026-04-27
CUST-01348,30,58425,Paid Search,Accidental Death,Variant A,96,15.0,1,2026-03-27
CUST-01349,57,77182,Email,Whole Life,Variant A,18,0.0,0,2026-03-25
CUST-01350,21,84818,Paid Search,Whole Life,Variant A,43,0.0,0,2026-01-11
CUST-01351,32,123571,Email,Term Life,Variant A,71,15.0,1,2026-02-20
CUST-01352,62,68619,Paid Social,Whole Life,Control,59,0.0,0,2026-02-28
CUST-01353,36,38895,Paid Social,Term Life,Control,46,0.0,0,2026-03-25
CUST-01354,26,86198,Paid Social,Whole Life,Variant A,79,0.0,0,2026-04-15
CUST-01355,44,111643,Paid Social,Accidental Death,Control,98,0.0,0,2026-01-13
CUST-01356,36,56936,Email,Accidental Death,Variant A,9,0.0,0,2026-02-16
CUST-01357,31,86027,Email,Whole Life,Control,56,17.38,1,2026-03-29
CUST-01358,28,95718,Paid Social,Term Life,Variant A,26,15.0,1,2026-02-12
CUST-01359,75,90426,Paid Search,Accidental Death,Variant A,81,0.0,0,2026-01-24
CUST-01360,38,68138,Paid Social,Whole Life,Variant A,48,0.0,0,2026-02-17
CUST-01361,18,47538,Email,Term Life,Control,89,15.0,1,2026-03-04
CUST-01362,59,62968,Paid Search,Term Life,Variant A,63,0.0,0,2026-01-17
CUST-01363,49,76465,Paid Social,Term Life,Variant A,29,0.0,0,2026-03-10
CUST-01364,32,87705,Paid Social,Term Life,Control,25,0.0,0,2026-02-23
CUST-01365,30,73348,Paid Social,Term Life,Variant A,96,0.0,0,2026-04-04
CUST-01366,50,55502,Paid Search,Whole Life,Control,68,15.0,1,2026-01-14
CUST-01367,39,78884,Paid Social,Term Life,Control,72,0.0,0,2026-01-15
CUST-01368,18,86502,Email,Term Life,Control,97,15.0,1,2026-03-14
CUST-01369,63,74490,Paid Search,Whole Life,Variant A,51,15.95,1,2026-03-19
CUST-01370,36,44095,Paid Search,Accidental Death,Variant A,39,0.0,0,2026-01-10
CUST-01371,59,60464,Email,Whole Life,Variant A,91,0.0,0,2026-01-22
CUST-01372,57,88695,Paid Search,Term Life,Variant A,11,0.0,0,2026-04-05
CUST-01373,29,30424,Email,Accidental Death,Variant A,60,0.0,0,2026-01-13
CUST-01374,54,25000,Paid Social,Accidental Death,Control,56,0.0,0,2026-03-22
CUST-01375,34,102702,Paid Search,Term Life,Control,50,0.0,0,2026-03-06
CUST-01376,19,77785,Email,Term Life,Control,13,0.0,0,2026-01-14
CUST-01377,36,80168,Paid Social,Whole Life,Control,62,15.0,1,2026-02-13
CUST-01378,46,38079,Paid Social,Accidental Death,Variant A,27,0.0,0,2026-02-08
CUST-01379,36,83438,Paid Search,Accidental Death,Variant A,7,0.0,0,2026-02-04
CUST-01380,38,71881,Paid Social,Accidental Death,Control,65,0.0,0,2026-04-29
CUST-01381,55,25391,Paid Search,Whole Life,Control,13,0.0,0,2026-04-27
CUST-01382,43,100607,Paid Search,Whole Life,Variant A,57,15.0,1,2026-03-06
CUST-01383,31,68967,Email,Term Life,Control,72,15.0,1,2026-01-27
CUST-01384,50,55097,Paid Search,Term Life,Variant A,53,15.0,1,2026-04-30
CUST-01385,44,55550,Paid Social,Term Life,Control,93,0.0,0,2026-02-14
CUST-01386,18,25000,Paid Search,Whole Life,Variant A,74,0.0,0,2026-02-26
CUST-01387,47,79833,Paid Social,Whole Life,Variant A,52,0.0,0,2026-01-22
CUST-01388,46,71546,Paid Search,Whole Life,Variant A,86,0.0,0,2026-02-03
CUST-01389,42,60147,Email,Term Life,Variant A,11,0.0,0,2026-01-09
CUST-01390,52,96962,Paid Social,Whole Life,Variant A,35,0.0,0,2026-02-19
CUST-01391,33,30403,Paid Search,Term Life,Variant A,60,0.0,0,2026-02-23
CUST-01392,46,50080,Paid Search,Term Life,Control,65,0.0,0,2026-02-27
CUST-01393,23,43749,Paid Search,Whole Life,Control,96,0.0,0,2026-04-10
CUST-01394,46,58030,Paid Social,Whole Life,Variant A,9,0.0,0,2026-04-22
CUST-01395,65,66686,Paid Search,Accidental Death,Control,34,15.0,1,2026-04-06
CUST-01396,30,75750,Email,Term Life,Control,26,0.0,0,2026-03-03
CUST-01397,32,56325,Paid Social,Term Life,Variant A,21,15.0,1,2026-02-07
CUST-01398,33,43066,Paid Search,Term Life,Variant A,14,0.0,0,2026-03-25
CUST-01399,43,107150,Paid Social,Term Life,Variant A,75,0.0,0,2026-01-27
CUST-01400,29,125291,Paid Social,Accidental Death,Variant A,72,0.0,0,2026-03-05
CUST-01401,47,68582,Paid Search,Whole Life,Variant A,46,0.0,0,2026-01-03
CUST-01402,52,46080,Paid Search,Accidental Death,Variant A,31,0.0,0,2026-01-11
CUST-01403,48,101886,Paid Search,Term Life,Variant A,11,0.0,0,2026-01-24
CUST-01404,20,28831,Paid Social,Accidental Death,Variant A,27,0.0,0,2026-01-29
CUST-01405,53,56630,Paid Social,Term Life,Variant A,79,15.0,1,2026-03-10
CUST-01406,53,47597,Paid Social,Accidental Death,Control,12,0.0,0,2026-04-07
CUST-01407,51,36011,Email,Term Life,Variant A,12,0.0,0,2026-01-08
CUST-01408,46,57999,Email,Term Life,Variant A,9,0.0,0,2026-01-19
CUST-01409,44,43395,Paid Social,Whole Life,Control,75,15.0,1,2026-03-09
CUST-01410,54,65316,Email,Accidental Death,Control,90,0.0,0,2026-04-15
CUST-01411,65,65679,Paid Search,Term Life,Variant A,6,0.0,0,2026-04-09
CUST-01412,30,49466,Paid Search,Term Life,Control,92,0.0,0,2026-04-04
CUST-01413,54,55737,Paid Search,Accidental Death,Variant A,55,15.0,1,2026-03-10
CUST-01414,40,59228,Paid Search,Term Life,Control,70,0.0,0,2026-02-17
CUST-01415,40,85246,Paid Social,Term Life,Control,16,0.0,0,2026-02-09
CUST-01416,23,61289,Email,Term Life,Variant A,51,15.0,1,2026-04-12
CUST-01417,38,85617,Paid Search,Term Life,Control,59,15.0,1,2026-03-08
CUST-01418,30,79645,Paid Search,Accidental Death,Control,30,0.0,0,2026-01-16
CUST-01419,36,79288,Paid Social,Whole Life,Control,49,15.0,1,2026-03-05
CUST-01420,28,99696,Email,Whole Life,Variant A,66,0.0,0,2026-01-08
CUST-01421,36,37015,Paid Search,Accidental Death,Variant A,74,0.0,0,2026-04-19
CUST-01422,37,53170,Paid Social,Term Life,Variant A,91,15.0,1,2026-01-05
CUST-01423,43,109082,Paid Search,Term Life,Variant A,6,0.0,0,2026-04-12
CUST-01424,22,58567,Paid Search,Term Life,Variant A,30,0.0,0,2026-04-09
CUST-01425,24,25000,Email,Term Life,Variant A,18,0.0,0,2026-03-13
CUST-01426,46,59925,Email,Term Life,Variant A,86,0.0,0,2026-04-10
CUST-01427,32,68373,Paid Search,Accidental Death,Variant A,61,15.0,1,2026-01-25
CUST-01428,54,25000,Email,Whole Life,Control,36,0.0,0,2026-02-22
CUST-01429,44,98348,Paid Social,Term Life,Control,66,0.0,0,2026-02-18
CUST-01430,49,47157,Email,Whole Life,Variant A,82,15.0,1,2026-03-13
CUST-01431,58,73214,Paid Social,Whole Life,Control,34,0.0,0,2026-01-21
CUST-01432,38,59350,Paid Social,Accidental Death,Control,17,0.0,0,2026-02-20
CUST-01433,35,32791,Paid Social,Accidental Death,Variant A,44,0.0,0,2026-02-15
CUST-01434,52,38237,Paid Social,Whole Life,Control,35,15.0,1,2026-01-09
CUST-01435,48,41622,Paid Search,Whole Life,Variant A,41,0.0,0,2026-03-05
CUST-01436,39,92141,Paid Search,Whole Life,Control,49,17.12,1,2026-04-06
CUST-01437,58,61311,Paid Search,Whole Life,Variant A,90,0.0,0,2026-04-18
CUST-01438,39,51953,Paid Social,Term Life,Control,63,0.0,0,2026-03-18
CUST-01439,42,41634,Paid Search,Term Life,Variant A,32,15.0,1,2026-01-23
CUST-01440,42,94903,Paid Social,Whole Life,Control,65,0.0,0,2026-03-01
CUST-01441,30,101605,Email,Term Life,Variant A,23,0.0,0,2026-02-28
CUST-01442,42,94618,Paid Search,Term Life,Variant A,47,0.0,0,2026-01-08
CUST-01443,58,77310,Paid Social,Whole Life,Control,63,0.0,0,2026-03-05
CUST-01444,47,72245,Paid Social,Term Life,Variant A,20,0.0,0,2026-04-09
CUST-01445,42,34601,Email,Whole Life,Variant A,73,15.0,1,2026-02-23
CUST-01446,40,58854,Paid Search,Whole Life,Control,48,15.0,1,2026-04-02
CUST-01447,45,47903,Paid Social,Accidental Death,Control,70,15.0,1,2026-01-15
CUST-01448,50,25000,Email,Term Life,Control,14,0.0,0,2026-02-21
CUST-01449,49,91426,Email,Term Life,Control,51,0.0,0,2026-04-03
CUST-01450,38,47604,Paid Social,Whole Life,Variant A,23,0.0,0,2026-02-20
CUST-01451,45,94898,Paid Social,Accidental Death,Control,88,15.0,1,2026-01-04
CUST-01452,47,87043,Paid Social,Accidental Death,Variant A,97,15.0,1,2026-02-03
CUST-01453,29,78917,Email,Term Life,Control,93,15.0,1,2026-04-11
CUST-01454,44,80322,Paid Social,Term Life,Control,85,15.0,1,2026-01-24
CUST-01455,18,49617,Paid Search,Accidental Death,Control,55,15.0,1,2026-01-21
CUST-01456,47,111446,Email,Term Life,Control,17,0.0,0,2026-01-02
CUST-01457,49,66078,Paid Social,Whole Life,Variant A,67,0.0,0,2026-01-07
CUST-01458,50,72548,Paid Social,Term Life,Control,20,0.0,0,2026-02-25
CUST-01459,37,48773,Paid Search,Term Life,Variant A,57,15.0,1,2026-03-16
CUST-01460,45,41720,Paid Social,Term Life,Variant A,39,15.0,1,2026-03-17
CUST-01461,59,76932,Paid Search,Term Life,Control,63,0.0,0,2026-03-09
CUST-01462,58,70437,Paid Social,Whole Life,Control,43,0.0,0,2026-02-04
CUST-01463,41,45266,Paid Search,Accidental Death,Control,71,0.0,0,2026-04-14
CUST-01464,43,29039,Paid Social,Term Life,Control,77,15.0,1,2026-01-26
CUST-01465,55,33251,Email,Accidental Death,Control,65,15.0,1,2026-01-18
CUST-01466,23,94903,Paid Search,Term Life,Variant A,54,0.0,0,2026-03-05
CUST-01467,38,49668,Email,Whole Life,Variant A,57,15.0,1,2026-04-29
CUST-01468,58,56527,Paid Social,Term Life,Variant A,50,0.0,0,2026-02-25
CUST-01469,53,101258,Email,Accidental Death,Control,56,15.0,1,2026-04-11
CUST-01470,46,36946,Paid Social,Whole Life,Control,33,0.0,0,2026-03-21
CUST-01471,23,46825,Paid Social,Whole Life,Variant A,9,0.0,0,2026-02-24
CUST-01472,41,45780,Paid Social,Accidental Death,Variant A,71,0.0,0,2026-01-12
CUST-01473,34,105451,Email,Whole Life,Control,78,0.0,0,2026-04-15
CUST-01474,45,114834,Paid Social,Accidental Death,Control,99,15.0,1,2026-04-14
CUST-01475,32,83789,Paid Search,Whole Life,Control,79,15.0,1,2026-02-06
CUST-01476,29,84584,Paid Social,Accidental Death,Variant A,85,0.0,0,2026-02-21
CUST-01477,18,50491,Email,Whole Life,Variant A,44,0.0,0,2026-01-19
CUST-01478,56,113683,Paid Social,Term Life,Control,76,0.0,0,2026-01-15
CUST-01479,37,71692,Paid Social,Whole Life,Control,6,15.06,1,2026-03-27
CUST-01480,43,86327,Paid Social,Term Life,Control,72,15.0,1,2026-03-25
CUST-01481,41,62361,Email,Whole Life,Control,66,0.0,0,2026-04-17
CUST-01482,29,58299,Paid Search,Term Life,Variant A,84,15.0,1,2026-02-21
CUST-01483,26,106576,Paid Social,Whole Life,Variant A,62,22.0,1,2026-03-18
CUST-01484,29,78493,Paid Search,Term Life,Control,89,15.0,1,2026-03-28
CUST-01485,33,101284,Paid Search,Term Life,Variant A,73,15.0,1,2026-04-05
CUST-01486,46,71383,Paid Search,Term Life,Control,62,0.0,0,2026-01-26
CUST-01487,32,43790,Paid Search,Accidental Death,Variant A,39,0.0,0,2026-02-14
CUST-01488,62,50416,Paid Social,Term Life,Variant A,18,0.0,0,2026-04-06
CUST-01489,54,67574,Paid Search,Term Life,Control,19,0.0,0,2026-01-21
CUST-01490,51,49337,Paid Social,Whole Life,Variant A,10,0.0,0,2026-03-22
CUST-01491,40,37313,Paid Search,Whole Life,Control,20,0.0,0,2026-04-03
CUST-01492,60,95035,Paid Search,Term Life,Control,91,0.0,0,2026-02-22
CUST-01493,39,51378,Paid Search,Term Life,Control,99,15.0,1,2026-01-29
CUST-01494,41,68454,Paid Search,Term Life,Control,50,0.0,0,2026-02-17
CUST-01495,44,72403,Paid Social,Accidental Death,Variant A,67,0.0,0,2026-03-27
CUST-01496,50,50296,Paid Social,Term Life,Control,16,0.0,0,2026-04-23
CUST-01497,49,101269,Paid Social,Term Life,Variant A,45,0.0,0,2026-01-19
CUST-01498,36,37071,Paid Social,Term Life,Variant A,23,0.0,0,2026-02-23
CUST-01499,35,71540,Paid Search,Term Life,Control,80,0.0,0,2026-03-19
CUST-01500,49,71152,Email,Whole Life,Control,81,0.0,0,2026-04-29
CUST-01501,50,63643,Paid Social,Term Life,Control,6,0.0,0,2026-04-13
CUST-01502,37,32577,Paid Social,Term Life,Control,24,0.0,0,2026-03-28
CUST-01503,22,86770,Paid Search,Term Life,Control,99,15.0,1,2026-04-15
CUST-01504,39,83587,Paid Search,Term Life,Variant A,13,0.0,0,2026-01-02
CUST-01505,49,48110,Paid Search,Term Life,Control,25,0.0,0,2026-04-25
CUST-01506,63,82687,Paid Search,Accidental Death,Variant A,12,15.0,1,2026-04-29
CUST-01507,27,74372,Paid Social,Whole Life,Control,43,0.0,0,2026-02-01
CUST-01508,36,32984,Paid Social,Accidental Death,Control,41,0.0,0,2026-04-12
CUST-01509,37,43651,Paid Social,Accidental Death,Control,33,0.0,0,2026-03-03
CUST-01510,58,93457,Paid Social,Whole Life,Control,87,18.28,1,2026-04-07
CUST-01511,41,72735,Email,Term Life,Control,39,0.0,0,2026-01-07
CUST-01512,31,50892,Paid Social,Whole Life,Variant A,42,0.0,0,2026-04-22
CUST-01513,48,43538,Email,Accidental Death,Variant A,94,15.0,1,2026-04-08
CUST-01514,37,52115,Paid Search,Whole Life,Control,79,15.0,1,2026-03-09
CUST-01515,27,53888,Paid Search,Whole Life,Variant A,39,15.0,1,2026-03-28
CUST-01516,31,43850,Paid Search,Term Life,Control,72,15.0,1,2026-03-25
CUST-01517,62,25000,Paid Social,Accidental Death,Control,7,0.0,0,2026-01-22
CUST-01518,46,93500,Email,Whole Life,Variant A,16,0.0,0,2026-04-20
CUST-01519,43,89265,Paid Search,Accidental Death,Variant A,36,0.0,0,2026-01-29
CUST-01520,39,33168,Email,Term Life,Variant A,51,15.0,1,2026-04-17
CUST-01521,45,68407,Paid Search,Term Life,Control,67,0.0,0,2026-04-15
CUST-01522,45,42444,Email,Term Life,Variant A,30,15.0,1,2026-04-11
CUST-01523,45,58460,Paid Search,Whole Life,Variant A,47,0.0,0,2026-01-03
CUST-01524,43,56380,Paid Search,Term Life,Variant A,81,15.0,1,2026-01-22
CUST-01525,52,54304,Paid Social,Term Life,Variant A,48,0.0,0,2026-03-25
CUST-01526,42,115073,Paid Search,Accidental Death,Variant A,42,15.0,1,2026-03-30
CUST-01527,30,53991,Paid Search,Term Life,Variant A,33,0.0,0,2026-04-08
CUST-01528,34,44793,Paid Search,Accidental Death,Variant A,59,0.0,0,2026-04-16
CUST-01529,18,45935,Email,Term Life,Control,56,0.0,0,2026-02-22
CUST-01530,66,91094,Paid Social,Accidental Death,Variant A,23,0.0,0,2026-04-03
CUST-01531,52,25000,Paid Search,Whole Life,Control,39,0.0,0,2026-02-26
CUST-01532,32,45934,Paid Social,Accidental Death,Variant A,52,0.0,0,2026-01-10
CUST-01533,38,101170,Paid Social,Accidental Death,Variant A,95,15.0,1,2026-04-13
CUST-01534,34,71099,Paid Search,Term Life,Variant A,64,15.0,1,2026-04-21
CUST-01535,60,69798,Paid Social,Term Life,Control,35,0.0,0,2026-04-11
CUST-01536,24,118303,Paid Search,Term Life,Variant A,7,15.0,1,2026-02-09
CUST-01537,43,71158,Paid Search,Whole Life,Control,39,15.0,1,2026-04-24
CUST-01538,40,47295,Paid Social,Accidental Death,Variant A,92,0.0,0,2026-01-20
CUST-01539,51,57948,Paid Search,Term Life,Variant A,56,15.0,1,2026-04-12
CUST-01540,40,36614,Paid Social,Whole Life,Control,75,15.0,1,2026-03-28
CUST-01541,20,96398,Paid Social,Term Life,Control,55,0.0,0,2026-01-11
CUST-01542,38,79364,Paid Search,Accidental Death,Variant A,60,0.0,0,2026-01-08
CUST-01543,30,93110,Paid Social,Accidental Death,Control,25,15.0,1,2026-04-03
CUST-01544,42,95324,Paid Search,Term Life,Control,5,0.0,0,2026-02-05
CUST-01545,59,54644,Email,Term Life,Control,57,0.0,0,2026-01-25
CUST-01546,21,41381,Paid Social,Term Life,Control,10,0.0,0,2026-02-08
CUST-01547,32,63707,Email,Whole Life,Variant A,86,0.0,0,2026-04-08
CUST-01548,35,43180,Paid Social,Whole Life,Variant A,66,0.0,0,2026-04-21
CUST-01549,37,69123,Paid Search,Term Life,Variant A,93,15.0,1,2026-04-06
CUST-01550,50,93302,Paid Social,Term Life,Control,83,15.0,1,2026-03-03
CUST-01551,39,60796,Email,Term Life,Variant A,51,0.0,0,2026-04-15
CUST-01552,46,68749,Paid Social,Whole Life,Variant A,54,0.0,0,2026-03-28
CUST-01553,34,62653,Email,Whole Life,Variant A,86,15.0,1,2026-01-21
CUST-01554,44,85068,Email,Term Life,Control,35,0.0,0,2026-01-19
CUST-01555,51,48305,Paid Search,Whole Life,Control,68,0.0,0,2026-01-25
CUST-01556,33,25000,Paid Search,Whole Life,Variant A,33,0.0,0,2026-03-28
CUST-01557,51,76771,Paid Social,Term Life,Control,19,0.0,0,2026-03-24
CUST-01558,42,89695,Paid Social,Term Life,Variant A,62,0.0,0,2026-01-05
CUST-01559,54,76159,Email,Whole Life,Variant A,27,0.0,0,2026-03-24
CUST-01560,39,48994,Email,Accidental Death,Control,42,0.0,0,2026-04-09
CUST-01561,46,36624,Paid Search,Term Life,Variant A,45,15.0,1,2026-01-12
CUST-01562,41,77362,Paid Search,Term Life,Control,79,0.0,0,2026-04-13
CUST-01563,40,68536,Paid Social,Term Life,Control,19,0.0,0,2026-01-25
CUST-01564,45,61855,Paid Search,Whole Life,Control,91,0.0,0,2026-01-05
CUST-01565,48,110561,Email,Term Life,Control,7,0.0,0,2026-03-17
CUST-01566,27,41329,Paid Social,Term Life,Control,87,15.0,1,2026-01-27
CUST-01567,59,109375,Paid Social,Whole Life,Control,5,0.0,0,2026-01-04
CUST-01568,19,65794,Paid Search,Whole Life,Control,92,15.0,1,2026-04-26
CUST-01569,33,25000,Paid Social,Term Life,Control,79,0.0,0,2026-03-24
CUST-01570,40,60519,Paid Social,Term Life,Variant A,98,15.0,1,2026-02-14
CUST-01571,46,88987,Paid Social,Whole Life,Control,15,0.0,0,2026-02-16
CUST-01572,60,55873,Paid Search,Term Life,Control,64,0.0,0,2026-03-29
CUST-01573,19,28130,Paid Social,Term Life,Control,69,0.0,0,2026-04-16
CUST-01574,35,60887,Email,Accidental Death,Control,80,15.0,1,2026-01-28
CUST-01575,18,43570,Paid Search,Term Life,Variant A,8,0.0,0,2026-04-07
CUST-01576,42,77295,Paid Search,Whole Life,Variant A,29,0.0,0,2026-02-04
CUST-01577,45,84334,Paid Search,Accidental Death,Variant A,76,0.0,0,2026-04-24
CUST-01578,61,38593,Paid Social,Term Life,Control,83,15.0,1,2026-01-16
CUST-01579,43,47354,Paid Social,Term Life,Variant A,47,0.0,0,2026-01-12
CUST-01580,54,83916,Paid Social,Whole Life,Variant A,98,15.0,1,2026-03-21
CUST-01581,49,43528,Paid Search,Accidental Death,Control,44,15.0,1,2026-03-16
CUST-01582,36,37946,Paid Search,Accidental Death,Variant A,89,15.0,1,2026-02-12
CUST-01583,25,35532,Paid Social,Whole Life,Variant A,99,15.0,1,2026-01-28
CUST-01584,45,73800,Paid Social,Term Life,Variant A,95,15.0,1,2026-03-28
CUST-01585,24,72728,Email,Whole Life,Control,48,0.0,0,2026-04-28
CUST-01586,57,47898,Paid Search,Term Life,Variant A,76,0.0,0,2026-04-20
CUST-01587,40,65127,Paid Social,Term Life,Control,63,15.0,1,2026-03-22
CUST-01588,56,103178,Paid Social,Term Life,Variant A,27,15.0,1,2026-01-19
CUST-01589,36,40648,Paid Social,Term Life,Variant A,66,15.0,1,2026-03-16
CUST-01590,45,25000,Paid Social,Whole Life,Variant A,27,0.0,0,2026-03-09
CUST-01591,44,76376,Paid Social,Term Life,Variant A,62,15.0,1,2026-03-15
CUST-01592,41,62239,Email,Term Life,Variant A,59,15.0,1,2026-02-24
CUST-01593,36,47249,Paid Search,Term Life,Variant A,37,0.0,0,2026-03-24
CUST-01594,46,81302,Paid Search,Accidental Death,Variant A,81,15.0,1,2026-02-05
CUST-01595,30,85980,Paid Social,Whole Life,Control,67,0.0,0,2026-03-03
CUST-01596,27,25000,Paid Social,Term Life,Control,64,0.0,0,2026-04-17
CUST-01597,56,48685,Paid Search,Term Life,Control,65,0.0,0,2026-02-08
CUST-01598,50,122937,Paid Search,Term Life,Control,84,15.0,1,2026-04-26
CUST-01599,42,79585,Paid Search,Accidental Death,Variant A,80,15.0,1,2026-02-10
CUST-01600,61,81902,Email,Whole Life,Control,65,0.0,0,2026-03-01
CUST-01601,38,94322,Paid Search,Whole Life,Variant A,99,0.0,0,2026-03-27
CUST-01602,57,65426,Paid Search,Whole Life,Control,73,0.0,0,2026-03-07
CUST-01603,44,84917,Paid Search,Term Life,Control,93,0.0,0,2026-02-28
CUST-01604,29,82951,Paid Search,Accidental Death,Control,25,0.0,0,2026-04-07
CUST-01605,64,78476,Paid Search,Whole Life,Control,7,0.0,0,2026-02-09
CUST-01606,53,56949,Paid Social,Term Life,Control,52,0.0,0,2026-04-01
CUST-01607,40,69301,Paid Search,Term Life,Variant A,14,0.0,0,2026-01-19
CUST-01608,50,50290,Email,Whole Life,Variant A,91,15.0,1,2026-02-24
CUST-01609,37,65320,Paid Search,Accidental Death,Variant A,85,0.0,0,2026-04-22
CUST-01610,51,35787,Paid Social,Term Life,Variant A,46,15.0,1,2026-02-15
CUST-01611,18,45234,Email,Accidental Death,Variant A,93,15.0,1,2026-01-04
CUST-01612,29,57942,Paid Social,Whole Life,Variant A,70,15.0,1,2026-03-24
CUST-01613,53,41407,Paid Social,Term Life,Control,95,0.0,0,2026-03-03
CUST-01614,39,52374,Paid Search,Term Life,Control,50,15.0,1,2026-01-25
CUST-01615,44,60901,Paid Search,Term Life,Control,13,0.0,0,2026-03-04
CUST-01616,25,75056,Paid Social,Whole Life,Control,53,15.0,1,2026-04-28
CUST-01617,64,88731,Email,Term Life,Variant A,8,0.0,0,2026-04-28
CUST-01618,56,53405,Paid Social,Term Life,Variant A,64,0.0,0,2026-03-11
CUST-01619,39,98377,Paid Social,Whole Life,Variant A,94,17.93,1,2026-04-21
CUST-01620,37,88465,Paid Social,Whole Life,Variant A,33,0.0,0,2026-01-13
CUST-01621,54,77602,Paid Social,Term Life,Control,90,0.0,0,2026-04-25
CUST-01622,65,68841,Paid Search,Term Life,Control,51,15.0,1,2026-03-27
CUST-01623,53,72978,Paid Social,Term Life,Variant A,81,15.0,1,2026-01-04
CUST-01624,68,94676,Email,Whole Life,Control,91,16.19,1,2026-01-02
CUST-01625,30,95589,Paid Search,Accidental Death,Variant A,67,0.0,0,2026-03-08
CUST-01626,32,98373,Paid Social,Term Life,Control,35,0.0,0,2026-04-20
CUST-01627,27,66033,Paid Search,Accidental Death,Variant A,55,0.0,0,2026-01-30
CUST-01628,47,78874,Paid Social,Whole Life,Variant A,45,0.0,0,2026-01-04
CUST-01629,44,98588,Paid Search,Whole Life,Variant A,40,0.0,0,2026-02-17
CUST-01630,40,49407,Paid Social,Whole Life,Variant A,44,15.0,1,2026-02-12
CUST-01631,51,57039,Paid Social,Term Life,Control,99,15.0,1,2026-04-03
CUST-01632,56,65400,Paid Search,Term Life,Control,64,15.0,1,2026-02-14
CUST-01633,23,87489,Paid Social,Whole Life,Control,19,0.0,0,2026-04-07
CUST-01634,34,87879,Paid Social,Whole Life,Control,82,18.22,1,2026-01-13
CUST-01635,51,59228,Email,Whole Life,Control,92,0.0,0,2026-02-16
CUST-01636,36,27284,Paid Search,Term Life,Variant A,34,0.0,0,2026-04-13
CUST-01637,32,71154,Paid Search,Accidental Death,Control,34,0.0,0,2026-04-06
CUST-01638,54,42042,Paid Search,Whole Life,Variant A,31,0.0,0,2026-01-28
CUST-01639,26,27751,Email,Term Life,Variant A,44,0.0,0,2026-02-06
CUST-01640,38,33403,Email,Term Life,Variant A,82,15.0,1,2026-01-28
CUST-01641,45,73159,Paid Social,Whole Life,Variant A,49,15.74,1,2026-01-27
CUST-01642,35,99025,Email,Whole Life,Variant A,79,0.0,0,2026-03-30
CUST-01643,51,65972,Paid Social,Term Life,Variant A,51,0.0,0,2026-01-30
CUST-01644,35,70284,Paid Social,Accidental Death,Variant A,94,0.0,0,2026-01-06
CUST-01645,58,94572,Paid Search,Term Life,Variant A,60,0.0,0,2026-04-04
CUST-01646,40,26388,Paid Social,Term Life,Control,58,0.0,0,2026-04-30
CUST-01647,50,78004,Paid Search,Accidental Death,Control,89,15.0,1,2026-01-09
CUST-01648,50,64710,Email,Accidental Death,Variant A,13,0.0,0,2026-01-06
CUST-01649,34,79151,Paid Social,Whole Life,Control,69,0.0,0,2026-01-29
CUST-01650,18,52912,Paid Social,Accidental Death,Variant A,74,15.0,1,2026-03-28
CUST-01651,46,44551,Paid Search,Term Life,Variant A,5,0.0,0,2026-03-11
CUST-01652,42,68512,Paid Search,Accidental Death,Control,90,15.0,1,2026-03-27
CUST-01653,48,106229,Paid Search,Term Life,Control,17,15.0,1,2026-03-07
CUST-01654,39,86522,Paid Search,Term Life,Control,42,0.0,0,2026-04-05
CUST-01655,36,52307,Paid Search,Term Life,Control,49,15.0,1,2026-02-22
CUST-01656,66,31475,Email,Term Life,Control,44,0.0,0,2026-03-11
CUST-01657,24,25000,Paid Social,Term Life,Variant A,99,0.0,0,2026-04-16
CUST-01658,50,97902,Paid Search,Term Life,Control,19,0.0,0,2026-01-05
CUST-01659,35,41122,Paid Search,Term Life,Variant A,54,0.0,0,2026-01-20
CUST-01660,37,56862,Paid Social,Term Life,Control,6,15.0,1,2026-01-12
CUST-01661,38,98030,Paid Social,Whole Life,Variant A,57,21.06,1,2026-04-12
CUST-01662,32,25000,Paid Social,Term Life,Variant A,99,0.0,0,2026-04-12
CUST-01663,48,102306,Email,Term Life,Variant A,30,0.0,0,2026-01-08
CUST-01664,58,58658,Paid Social,Whole Life,Variant A,70,15.0,1,2026-04-30
CUST-01665,47,36285,Email,Accidental Death,Variant A,79,15.0,1,2026-02-27
CUST-01666,43,58816,Email,Whole Life,Control,37,0.0,0,2026-02-18
CUST-01667,30,46935,Paid Search,Term Life,Control,86,15.0,1,2026-03-05
CUST-01668,48,76020,Email,Whole Life,Control,89,15.04,1,2026-02-19
CUST-01669,67,48796,Paid Search,Term Life,Control,63,0.0,0,2026-04-17
CUST-01670,37,25000,Email,Term Life,Control,99,15.0,1,2026-04-07
CUST-01671,37,59485,Paid Search,Term Life,Variant A,30,15.0,1,2026-02-08
CUST-01672,35,31086,Email,Accidental Death,Control,98,15.0,1,2026-02-09
CUST-01673,36,70107,Email,Term Life,Control,25,15.0,1,2026-01-31
CUST-01674,18,35321,Email,Term Life,Variant A,53,15.0,1,2026-01-03
CUST-01675,46,52799,Paid Social,Term Life,Variant A,84,15.0,1,2026-03-24
CUST-01676,31,69564,Paid Search,Accidental Death,Variant A,75,15.0,1,2026-04-22
CUST-01677,22,59688,Paid Search,Whole Life,Variant A,90,15.0,1,2026-04-29
CUST-01678,51,71260,Paid Social,Term Life,Control,75,15.0,1,2026-03-13
CUST-01679,29,82007,Paid Search,Whole Life,Variant A,70,16.78,1,2026-01-30
CUST-01680,37,36051,Paid Social,Whole Life,Control,41,0.0,0,2026-04-05
CUST-01681,59,63390,Paid Search,Whole Life,Control,18,0.0,0,2026-01-29
CUST-01682,25,25000,Email,Term Life,Control,76,15.0,1,2026-03-11
CUST-01683,23,71183,Paid Social,Accidental Death,Variant A,97,15.0,1,2026-02-25
CUST-01684,45,57479,Email,Term Life,Control,11,0.0,0,2026-03-07
CUST-01685,55,40413,Paid Search,Whole Life,Variant A,42,0.0,0,2026-03-28
CUST-01686,23,72892,Email,Term Life,Control,49,15.0,1,2026-04-18
CUST-01687,46,94317,Email,Term Life,Control,26,0.0,0,2026-03-04
CUST-01688,48,53099,Paid Social,Term Life,Control,48,0.0,0,2026-01-30
CUST-01689,18,41379,Paid Social,Whole Life,Control,85,0.0,0,2026-02-22
CUST-01690,51,69125,Paid Social,Term Life,Variant A,84,15.0,1,2026-04-12
CUST-01691,52,31609,Paid Search,Whole Life,Variant A,39,0.0,0,2026-02-15
CUST-01692,38,48490,Paid Social,Term Life,Control,64,0.0,0,2026-04-13
CUST-01693,57,95560,Paid Search,Whole Life,Variant A,7,0.0,0,2026-01-09
CUST-01694,55,66554,Paid Search,Accidental Death,Variant A,71,15.0,1,2026-01-07
CUST-01695,43,25000,Paid Search,Whole Life,Control,76,15.0,1,2026-03-04
CUST-01696,36,25000,Paid Search,Whole Life,Variant A,99,15.0,1,2026-02-16
CUST-01697,30,69052,Paid Search,Whole Life,Variant A,59,15.0,1,2026-02-13
CUST-01698,41,86559,Paid Search,Term Life,Control,13,0.0,0,2026-02-18
CUST-01699,48,25000,Email,Accidental Death,Control,73,15.0,1,2026-03-20
CUST-01700,38,76242,Paid Social,Term Life,Control,32,15.0,1,2026-03-20
CUST-01701,18,98258,Email,Whole Life,Control,19,0.0,0,2026-03-26
CUST-01702,57,112196,Paid Social,Whole Life,Control,95,0.0,0,2026-03-03
CUST-01703,44,73280,Paid Search,Term Life,Variant A,35,0.0,0,2026-02-28
CUST-01704,37,77670,Paid Social,Term Life,Variant A,63,0.0,0,2026-03-19
CUST-01705,52,25000,Paid Social,Term Life,Control,86,15.0,1,2026-03-16
CUST-01706,60,117493,Paid Search,Accidental Death,Control,58,15.0,1,2026-03-16
CUST-01707,18,50612,Paid Social,Accidental Death,Variant A,72,0.0,0,2026-03-25
CUST-01708,47,41663,Paid Search,Whole Life,Control,89,0.0,0,2026-01-13
CUST-01709,24,58619,Paid Social,Whole Life,Variant A,51,15.0,1,2026-04-19
CUST-01710,47,102791,Paid Social,Accidental Death,Variant A,46,0.0,0,2026-01-30
CUST-01711,43,120201,Paid Search,Term Life,Variant A,27,0.0,0,2026-04-14
CUST-01712,49,68135,Paid Search,Term Life,Variant A,90,15.0,1,2026-04-13
CUST-01713,36,89952,Paid Social,Whole Life,Control,69,0.0,0,2026-03-25
CUST-01714,19,66080,Paid Social,Accidental Death,Control,93,15.0,1,2026-04-19
CUST-01715,36,39055,Paid Search,Accidental Death,Variant A,58,0.0,0,2026-02-12
CUST-01716,46,101918,Email,Term Life,Variant A,96,15.0,1,2026-02-20
CUST-01717,54,49446,Paid Search,Term Life,Control,15,0.0,0,2026-04-12
CUST-01718,27,103388,Paid Social,Term Life,Control,67,15.0,1,2026-01-08
CUST-01719,54,97463,Email,Term Life,Variant A,26,15.0,1,2026-04-25
CUST-01720,34,80350,Paid Search,Term Life,Control,58,15.0,1,2026-02-06
CUST-01721,46,110724,Paid Search,Whole Life,Control,93,15.71,1,2026-04-16
CUST-01722,35,120808,Paid Search,Term Life,Variant A,89,15.0,1,2026-04-07
CUST-01723,44,60618,Paid Search,Accidental Death,Control,40,0.0,0,2026-03-31
CUST-01724,52,44780,Paid Search,Term Life,Control,62,0.0,0,2026-04-18
CUST-01725,27,25000,Paid Social,Whole Life,Variant A,24,0.0,0,2026-04-30
CUST-01726,33,121117,Paid Search,Term Life,Variant A,20,0.0,0,2026-03-05
CUST-01727,44,54007,Paid Social,Term Life,Control,96,15.0,1,2026-02-08
CUST-01728,70,93375,Email,Term Life,Control,60,0.0,0,2026-01-08
CUST-01729,31,46468,Email,Accidental Death,Variant A,97,15.0,1,2026-03-03
CUST-01730,66,103456,Paid Social,Accidental Death,Variant A,54,15.0,1,2026-03-23
CUST-01731,66,47497,Paid Search,Term Life,Control,94,0.0,0,2026-02-08
CUST-01732,40,35207,Paid Social,Term Life,Control,70,15.0,1,2026-01-14
CUST-01733,38,59787,Paid Social,Accidental Death,Variant A,78,15.0,1,2026-02-21
CUST-01734,33,51705,Paid Social,Term Life,Variant A,17,0.0,0,2026-03-23
CUST-01735,41,79907,Paid Search,Term Life,Variant A,19,0.0,0,2026-02-26
CUST-01736,25,63715,Email,Whole Life,Variant A,77,0.0,0,2026-01-21
CUST-01737,41,80692,Paid Social,Accidental Death,Variant A,31,15.0,1,2026-01-23
CUST-01738,59,57724,Paid Search,Term Life,Control,12,0.0,0,2026-01-04
CUST-01739,34,48372,Paid Search,Term Life,Variant A,74,0.0,0,2026-03-15
CUST-01740,39,50410,Paid Social,Accidental Death,Variant A,54,0.0,0,2026-02-12
CUST-01741,21,116123,Email,Term Life,Variant A,92,15.0,1,2026-01-11
CUST-01742,46,70629,Paid Social,Term Life,Control,71,0.0,0,2026-03-25
CUST-01743,45,25000,Paid Social,Whole Life,Variant A,30,0.0,0,2026-01-19
CUST-01744,42,51994,Paid Search,Accidental Death,Variant A,40,0.0,0,2026-03-06
CUST-01745,39,67421,Paid Social,Term Life,Control,25,0.0,0,2026-04-05
CUST-01746,38,111134,Paid Social,Accidental Death,Variant A,81,15.0,1,2026-01-02
CUST-01747,48,90717,Paid Search,Whole Life,Variant A,56,0.0,0,2026-04-15
CUST-01748,41,41957,Paid Search,Term Life,Variant A,15,0.0,0,2026-02-18
CUST-01749,45,125458,Paid Social,Accidental Death,Control,12,0.0,0,2026-03-10
CUST-01750,44,64220,Paid Search,Term Life,Control,61,0.0,0,2026-02-03
CUST-01751,55,96158,Paid Social,Term Life,Variant A,50,0.0,0,2026-01-04
CUST-01752,50,36124,Paid Search,Whole Life,Variant A,82,15.0,1,2026-04-01
CUST-01753,44,25000,Paid Search,Term Life,Variant A,6,0.0,0,2026-02-08
CUST-01754,60,29789,Paid Search,Term Life,Variant A,68,0.0,0,2026-04-27
CUST-01755,47,25000,Email,Term Life,Control,56,15.0,1,2026-02-18
CUST-01756,57,117802,Email,Term Life,Variant A,69,15.0,1,2026-01-03
CUST-01757,49,70363,Email,Accidental Death,Variant A,15,0.0,0,2026-01-26
CUST-01758,19,41883,Paid Social,Whole Life,Variant A,10,0.0,0,2026-02-10
CUST-01759,57,76315,Paid Search,Accidental Death,Variant A,83,0.0,0,2026-03-06
CUST-01760,43,69733,Paid Social,Term Life,Variant A,80,15.0,1,2026-04-26
CUST-01761,41,80523,Paid Social,Term Life,Variant A,68,0.0,0,2026-04-27
CUST-01762,45,95238,Email,Term Life,Control,97,15.0,1,2026-01-16
CUST-01763,37,57751,Paid Search,Term Life,Control,59,15.0,1,2026-02-27
CUST-01764,44,43004,Paid Social,Term Life,Control,48,0.0,0,2026-02-04
CUST-01765,34,85694,Paid Search,Whole Life,Control,90,15.0,1,2026-03-24
CUST-01766,57,85058,Paid Search,Accidental Death,Control,18,0.0,0,2026-01-16
CUST-01767,40,67518,Paid Social,Accidental Death,Variant A,87,0.0,0,2026-02-02
CUST-01768,37,119438,Paid Social,Term Life,Variant A,9,0.0,0,2026-01-31
CUST-01769,30,54054,Paid Search,Accidental Death,Variant A,29,15.0,1,2026-01-22
CUST-01770,45,42503,Paid Search,Term Life,Control,54,0.0,0,2026-03-02
CUST-01771,44,75452,Paid Social,Term Life,Variant A,77,0.0,0,2026-04-18
CUST-01772,46,48126,Paid Social,Accidental Death,Variant A,75,0.0,0,2026-03-25
CUST-01773,29,77387,Email,Whole Life,Variant A,86,16.91,1,2026-03-05
CUST-01774,22,44174,Email,Term Life,Variant A,6,0.0,0,2026-04-30
CUST-01775,49,54993,Paid Social,Term Life,Variant A,14,0.0,0,2026-03-11
CUST-01776,59,112271,Paid Search,Term Life,Variant A,6,0.0,0,2026-02-04
CUST-01777,29,54860,Paid Social,Whole Life,Variant A,64,0.0,0,2026-02-08
CUST-01778,61,45028,Paid Social,Term Life,Variant A,49,0.0,0,2026-01-03
CUST-01779,45,94266,Paid Search,Accidental Death,Control,12,0.0,0,2026-04-06
CUST-01780,41,38723,Email,Term Life,Variant A,62,15.0,1,2026-01-13
CUST-01781,37,47676,Paid Search,Term Life,Control,11,0.0,0,2026-04-22
CUST-01782,25,79414,Email,Term Life,Control,91,15.0,1,2026-01-14
CUST-01783,53,88460,Paid Social,Whole Life,Variant A,76,15.0,1,2026-02-10
CUST-01784,32,95511,Paid Social,Term Life,Control,25,0.0,0,2026-01-08
CUST-01785,32,46319,Paid Social,Whole Life,Variant A,51,15.0,1,2026-04-21
CUST-01786,53,79900,Email,Accidental Death,Variant A,5,0.0,0,2026-01-19
CUST-01787,19,53347,Paid Social,Accidental Death,Variant A,16,0.0,0,2026-04-19
CUST-01788,23,49858,Paid Social,Accidental Death,Control,79,0.0,0,2026-01-14
CUST-01789,41,95080,Paid Search,Accidental Death,Variant A,52,0.0,0,2026-03-16
CUST-01790,45,51261,Paid Social,Whole Life,Variant A,98,0.0,0,2026-02-19
CUST-01791,47,71955,Paid Search,Accidental Death,Variant A,8,0.0,0,2026-04-09
CUST-01792,38,68889,Paid Social,Term Life,Variant A,38,0.0,0,2026-03-02
CUST-01793,72,38231,Paid Social,Term Life,Control,91,0.0,0,2026-02-05
CUST-01794,39,89152,Paid Social,Term Life,Variant A,36,0.0,0,2026-03-08
CUST-01795,39,79007,Paid Search,Term Life,Variant A,7,0.0,0,2026-03-30
CUST-01796,32,25000,Paid Search,Term Life,Control,96,0.0,0,2026-03-18
CUST-01797,43,71935,Paid Social,Accidental Death,Control,72,15.0,1,2026-03-21
CUST-01798,49,45675,Paid Search,Term Life,Variant A,61,0.0,0,2026-04-02
CUST-01799,56,92426,Paid Search,Term Life,Control,80,0.0,0,2026-02-14
CUST-01800,24,28865,Paid Search,Whole Life,Variant A,28,0.0,0,2026-04-01
CUST-01801,39,56088,Email,Term Life,Control,37,0.0,0,2026-03-15
CUST-01802,47,74050,Paid Social,Term Life,Variant A,7,0.0,0,2026-03-23
CUST-01803,49,66358,Paid Search,Term Life,Variant A,8,0.0,0,2026-03-13
CUST-01804,42,84073,Paid Search,Term Life,Variant A,34,0.0,0,2026-01-07
CUST-01805,48,27039,Paid Search,Term Life,Variant A,74,0.0,0,2026-04-23
CUST-01806,32,106297,Paid Social,Whole Life,Variant A,53,0.0,0,2026-01-22
CUST-01807,60,78128,Paid Social,Whole Life,Variant A,34,16.45,1,2026-04-12
CUST-01808,53,98992,Paid Search,Term Life,Variant A,76,0.0,0,2026-04-21
CUST-01809,25,86856,Paid Search,Term Life,Variant A,86,15.0,1,2026-01-09
CUST-01810,29,64709,Paid Search,Term Life,Control,20,0.0,0,2026-03-01
CUST-01811,29,32895,Paid Social,Whole Life,Variant A,57,15.0,1,2026-02-11
CUST-01812,50,50911,Paid Social,Term Life,Control,10,0.0,0,2026-02-28
CUST-01813,26,104739,Paid Search,Term Life,Variant A,28,0.0,0,2026-02-09
CUST-01814,38,99635,Paid Search,Whole Life,Control,96,16.49,1,2026-04-13
CUST-01815,47,49510,Paid Search,Term Life,Control,93,15.0,1,2026-01-29
CUST-01816,41,25000,Email,Term Life,Control,32,15.0,1,2026-02-24
CUST-01817,45,59682,Paid Search,Term Life,Control,25,0.0,0,2026-03-05
CUST-01818,29,57807,Paid Social,Accidental Death,Control,12,0.0,0,2026-04-11
CUST-01819,49,58755,Paid Social,Accidental Death,Variant A,40,15.0,1,2026-04-24
CUST-01820,34,78213,Paid Search,Whole Life,Variant A,13,0.0,0,2026-04-22
CUST-01821,38,86905,Paid Search,Term Life,Control,44,0.0,0,2026-04-21
CUST-01822,44,89757,Paid Search,Whole Life,Control,89,0.0,0,2026-02-11
CUST-01823,43,76142,Paid Social,Accidental Death,Variant A,55,0.0,0,2026-01-29
CUST-01824,42,25000,Paid Social,Accidental Death,Control,5,0.0,0,2026-04-02
CUST-01825,32,56470,Paid Social,Term Life,Variant A,67,15.0,1,2026-01-21
CUST-01826,38,122602,Paid Social,Accidental Death,Control,72,15.0,1,2026-04-07
CUST-01827,42,74355,Paid Search,Term Life,Variant A,78,0.0,0,2026-03-04
CUST-01828,25,74195,Email,Term Life,Control,30,0.0,0,2026-03-04
CUST-01829,36,73987,Paid Social,Whole Life,Control,44,0.0,0,2026-03-31
CUST-01830,46,75384,Paid Search,Term Life,Variant A,7,0.0,0,2026-02-07
CUST-01831,26,25000,Email,Accidental Death,Control,13,0.0,0,2026-03-20
CUST-01832,55,59011,Paid Social,Term Life,Variant A,36,0.0,0,2026-03-07
CUST-01833,57,64052,Paid Social,Whole Life,Variant A,71,15.0,1,2026-01-12
CUST-01834,27,97037,Paid Social,Accidental Death,Variant A,8,0.0,0,2026-02-02
CUST-01835,58,66191,Email,Accidental Death,Variant A,10,0.0,0,2026-03-20
CUST-01836,40,25000,Paid Social,Term Life,Control,77,0.0,0,2026-04-19
CUST-01837,47,75752,Paid Search,Term Life,Variant A,30,0.0,0,2026-01-01
CUST-01838,36,44904,Paid Search,Whole Life,Control,6,0.0,0,2026-04-07
CUST-01839,53,34580,Email,Term Life,Variant A,70,15.0,1,2026-03-09
CUST-01840,46,44146,Paid Search,Accidental Death,Variant A,89,0.0,0,2026-01-28
CUST-01841,32,78562,Paid Search,Accidental Death,Control,90,0.0,0,2026-03-03
CUST-01842,28,96469,Paid Social,Term Life,Control,7,0.0,0,2026-04-27
CUST-01843,24,77073,Paid Social,Term Life,Variant A,39,15.0,1,2026-03-19
CUST-01844,44,80800,Paid Social,Term Life,Variant A,63,0.0,0,2026-04-27
CUST-01845,48,76826,Email,Accidental Death,Variant A,42,0.0,0,2026-02-28
CUST-01846,49,67533,Paid Search,Term Life,Variant A,37,15.0,1,2026-02-18
CUST-01847,40,82423,Paid Search,Term Life,Control,19,0.0,0,2026-02-14
CUST-01848,28,25000,Paid Search,Term Life,Variant A,79,15.0,1,2026-03-17
CUST-01849,33,67777,Email,Whole Life,Variant A,78,15.0,1,2026-01-06
CUST-01850,55,38876,Paid Social,Term Life,Control,18,0.0,0,2026-04-25
CUST-01851,36,94072,Paid Search,Term Life,Control,70,15.0,1,2026-01-20
CUST-01852,43,61321,Email,Accidental Death,Variant A,49,0.0,0,2026-04-22
CUST-01853,29,65773,Email,Accidental Death,Variant A,52,0.0,0,2026-03-26
CUST-01854,46,27373,Email,Whole Life,Control,48,15.0,1,2026-01-16
CUST-01855,36,90420,Email,Term Life,Variant A,41,15.0,1,2026-01-12
CUST-01856,54,80683,Paid Search,Term Life,Variant A,33,0.0,0,2026-02-21
CUST-01857,51,78923,Paid Social,Whole Life,Variant A,88,15.0,1,2026-01-20
CUST-01858,36,44674,Paid Social,Term Life,Control,89,0.0,0,2026-02-27
CUST-01859,40,45659,Email,Accidental Death,Variant A,38,15.0,1,2026-02-14
CUST-01860,35,70589,Paid Social,Whole Life,Control,63,0.0,0,2026-04-07
CUST-01861,24,47637,Paid Social,Term Life,Variant A,47,0.0,0,2026-04-24
CUST-01862,31,75872,Paid Social,Accidental Death,Control,37,0.0,0,2026-01-02
CUST-01863,44,25000,Paid Search,Accidental Death,Variant A,23,0.0,0,2026-02-03
CUST-01864,45,52811,Paid Social,Term Life,Control,12,0.0,0,2026-01-26
CUST-01865,43,109918,Email,Whole Life,Variant A,35,22.68,1,2026-02-02
CUST-01866,38,75987,Email,Term Life,Control,15,0.0,0,2026-02-11
CUST-01867,53,69169,Paid Search,Term Life,Control,12,0.0,0,2026-04-04
CUST-01868,42,114630,Paid Search,Term Life,Control,29,0.0,0,2026-04-30
CUST-01869,50,25000,Paid Search,Whole Life,Control,24,0.0,0,2026-03-06
CUST-01870,20,44617,Paid Social,Accidental Death,Variant A,42,0.0,0,2026-04-20
CUST-01871,18,54970,Email,Whole Life,Control,11,0.0,0,2026-01-08
CUST-01872,45,86458,Paid Search,Term Life,Control,81,15.0,1,2026-03-06
CUST-01873,24,86891,Paid Social,Whole Life,Control,43,15.42,1,2026-04-20
CUST-01874,39,43349,Email,Term Life,Variant A,78,0.0,0,2026-01-10
CUST-01875,38,89948,Paid Social,Accidental Death,Control,76,0.0,0,2026-02-01
CUST-01876,61,54917,Paid Social,Term Life,Control,24,0.0,0,2026-02-20
CUST-01877,46,95290,Paid Social,Term Life,Variant A,85,15.0,1,2026-02-26
CUST-01878,43,39183,Paid Social,Term Life,Variant A,15,0.0,0,2026-02-09
CUST-01879,52,61917,Paid Search,Whole Life,Variant A,20,15.0,1,2026-03-07
CUST-01880,46,52745,Paid Social,Term Life,Control,46,0.0,0,2026-01-31
CUST-01881,36,91400,Paid Social,Whole Life,Control,94,0.0,0,2026-03-04
CUST-01882,54,51930,Email,Term Life,Variant A,56,0.0,0,2026-03-09
CUST-01883,28,63938,Paid Social,Term Life,Variant A,41,0.0,0,2026-02-25
CUST-01884,45,77670,Paid Social,Term Life,Variant A,56,0.0,0,2026-01-12
CUST-01885,23,78631,Paid Search,Accidental Death,Control,13,15.0,1,2026-01-31
CUST-01886,44,87173,Paid Social,Accidental Death,Variant A,39,0.0,0,2026-04-15
CUST-01887,44,70278,Paid Search,Term Life,Variant A,71,15.0,1,2026-01-23
CUST-01888,62,54543,Paid Search,Term Life,Variant A,99,15.0,1,2026-02-02
CUST-01889,23,56257,Paid Social,Term Life,Variant A,11,0.0,0,2026-01-08
CUST-01890,34,65641,Email,Whole Life,Control,6,0.0,0,2026-03-03
CUST-01891,51,71239,Paid Search,Term Life,Variant A,29,0.0,0,2026-04-23
CUST-01892,46,61320,Paid Social,Accidental Death,Variant A,80,15.0,1,2026-03-21
CUST-01893,44,65480,Email,Accidental Death,Variant A,98,15.0,1,2026-01-15
CUST-01894,30,27068,Paid Search,Term Life,Variant A,98,15.0,1,2026-02-10
CUST-01895,34,81683,Paid Social,Term Life,Variant A,97,15.0,1,2026-04-14
CUST-01896,56,69527,Paid Social,Accidental Death,Variant A,45,15.0,1,2026-02-21
CUST-01897,41,90046,Paid Social,Accidental Death,Variant A,79,15.0,1,2026-01-26
CUST-01898,46,65004,Paid Search,Term Life,Control,56,0.0,0,2026-03-19
CUST-01899,40,25000,Paid Search,Term Life,Variant A,91,15.0,1,2026-01-12
CUST-01900,27,56038,Paid Social,Term Life,Variant A,85,15.0,1,2026-01-27
CUST-01901,53,60001,Paid Social,Term Life,Control,81,0.0,0,2026-04-21
CUST-01902,48,83572,Paid Search,Term Life,Control,69,0.0,0,2026-04-05
CUST-01903,69,25000,Paid Social,Term Life,Control,81,15.0,1,2026-03-09
CUST-01904,29,66029,Paid Search,Whole Life,Control,42,0.0,0,2026-01-30
CUST-01905,51,77841,Paid Social,Term Life,Variant A,71,0.0,0,2026-01-04
CUST-01906,26,48462,Paid Search,Term Life,Control,84,0.0,0,2026-02-23
CUST-01907,43,66865,Email,Term Life,Variant A,46,0.0,0,2026-04-05
CUST-01908,53,49324,Paid Search,Accidental Death,Control,75,0.0,0,2026-02-03
CUST-01909,18,46760,Paid Search,Accidental Death,Control,58,0.0,0,2026-03-09
CUST-01910,39,54789,Paid Search,Term Life,Variant A,71,15.0,1,2026-03-25
CUST-01911,35,47232,Paid Search,Term Life,Variant A,82,0.0,0,2026-02-25
CUST-01912,33,82090,Email,Accidental Death,Control,68,0.0,0,2026-01-18
CUST-01913,46,46626,Email,Term Life,Variant A,84,0.0,0,2026-02-16
CUST-01914,55,42427,Paid Search,Term Life,Control,8,0.0,0,2026-03-13
CUST-01915,40,109198,Paid Social,Term Life,Control,35,0.0,0,2026-03-01
CUST-01916,44,89018,Paid Social,Term Life,Variant A,17,0.0,0,2026-04-16
CUST-01917,43,25000,Email,Term Life,Control,31,0.0,0,2026-02-28
CUST-01918,42,45880,Paid Social,Accidental Death,Variant A,63,15.0,1,2026-01-02
CUST-01919,28,71061,Paid Search,Whole Life,Variant A,69,0.0,0,2026-03-14
CUST-01920,55,73093,Paid Social,Term Life,Control,68,15.0,1,2026-01-16
CUST-01921,45,27737,Paid Social,Accidental Death,Variant A,29,15.0,1,2026-03-27
CUST-01922,46,93964,Paid Search,Term Life,Control,41,0.0,0,2026-02-27
CUST-01923,32,85630,Paid Social,Term Life,Variant A,79,15.0,1,2026-01-12
CUST-01924,36,77047,Paid Search,Whole Life,Control,77,0.0,0,2026-01-05
CUST-01925,39,98918,Paid Social,Whole Life,Variant A,75,0.0,0,2026-02-08
CUST-01926,23,76307,Paid Search,Term Life,Variant A,18,0.0,0,2026-01-15
CUST-01927,21,76214,Paid Social,Term Life,Control,98,15.0,1,2026-04-19
CUST-01928,34,103941,Paid Social,Whole Life,Variant A,28,0.0,0,2026-03-13
CUST-01929,48,92530,Paid Social,Whole Life,Variant A,71,15.0,1,2026-03-29
CUST-01930,34,43962,Paid Search,Whole Life,Variant A,52,0.0,0,2026-04-25
CUST-01931,29,80829,Paid Social,Term Life,Variant A,95,15.0,1,2026-01-19
CUST-01932,32,48393,Paid Social,Term Life,Control,69,15.0,1,2026-04-11
CUST-01933,36,77603,Paid Social,Term Life,Control,42,0.0,0,2026-04-27
CUST-01934,37,76915,Paid Social,Term Life,Control,94,15.0,1,2026-03-23
CUST-01935,67,30413,Paid Social,Accidental Death,Control,74,15.0,1,2026-03-26
CUST-01936,54,61953,Email,Term Life,Control,63,15.0,1,2026-02-18
CUST-01937,54,71631,Paid Search,Term Life,Variant A,16,0.0,0,2026-02-08
CUST-01938,56,54092,Email,Whole Life,Control,58,0.0,0,2026-03-19
CUST-01939,30,72867,Paid Social,Term Life,Variant A,55,0.0,0,2026-01-15
CUST-01940,27,85147,Paid Search,Term Life,Control,42,0.0,0,2026-02-24
CUST-01941,28,64235,Paid Search,Accidental Death,Control,50,0.0,0,2026-04-23
CUST-01942,58,70614,Paid Search,Accidental Death,Control,14,0.0,0,2026-03-08
CUST-01943,35,99585,Paid Social,Whole Life,Variant A,13,0.0,0,2026-02-25
CUST-01944,26,76829,Paid Social,Term Life,Variant A,91,15.0,1,2026-02-14
CUST-01945,36,70020,Paid Social,Whole Life,Control,98,15.0,1,2026-03-16
CUST-01946,39,41048,Paid Social,Whole Life,Variant A,56,0.0,0,2026-02-26
CUST-01947,45,81775,Paid Social,Term Life,Variant A,55,0.0,0,2026-03-08
CUST-01948,45,73253,Paid Search,Term Life,Variant A,26,0.0,0,2026-04-04
CUST-01949,32,97093,Paid Search,Accidental Death,Variant A,77,0.0,0,2026-01-06
CUST-01950,50,66171,Paid Social,Term Life,Control,87,15.0,1,2026-03-11
CUST-01951,34,25000,Paid Search,Whole Life,Control,76,0.0,0,2026-01-31
CUST-01952,40,25000,Paid Search,Term Life,Control,72,15.0,1,2026-01-22
CUST-01953,50,83392,Paid Social,Term Life,Variant A,9,0.0,0,2026-03-26
CUST-01954,34,50745,Paid Social,Term Life,Control,87,15.0,1,2026-02-07
CUST-01955,35,75919,Email,Accidental Death,Variant A,86,15.0,1,2026-04-12
CUST-01956,49,67855,Email,Term Life,Control,33,0.0,0,2026-02-27
CUST-01957,31,60829,Paid Social,Whole Life,Control,87,15.0,1,2026-03-11
CUST-01958,37,62590,Paid Social,Whole Life,Variant A,10,0.0,0,2026-01-29
CUST-01959,48,43365,Paid Social,Whole Life,Variant A,73,15.0,1,2026-02-25
CUST-01960,66,64605,Paid Social,Accidental Death,Variant A,62,15.0,1,2026-04-20
CUST-01961,49,50387,Paid Search,Whole Life,Control,47,0.0,0,2026-01-11
CUST-01962,47,55693,Paid Social,Term Life,Variant A,73,15.0,1,2026-02-17
CUST-01963,48,56908,Email,Accidental Death,Control,76,0.0,0,2026-03-27
CUST-01964,29,59332,Paid Search,Whole Life,Variant A,95,15.0,1,2026-03-01
CUST-01965,43,88054,Paid Social,Term Life,Control,41,0.0,0,2026-02-20
CUST-01966,41,61755,Paid Social,Term Life,Variant A,62,0.0,0,2026-02-08
CUST-01967,45,90592,Paid Search,Accidental Death,Variant A,41,0.0,0,2026-01-06
CUST-01968,43,103446,Paid Search,Term Life,Variant A,86,15.0,1,2026-01-30
CUST-01969,46,86373,Paid Search,Whole Life,Variant A,30,15.8,1,2026-04-17
CUST-01970,38,78361,Paid Search,Term Life,Variant A,46,0.0,0,2026-03-30
CUST-01971,42,73170,Paid Search,Term Life,Variant A,20,0.0,0,2026-04-10
CUST-01972,27,86633,Email,Whole Life,Variant A,26,15.36,1,2026-01-01
CUST-01973,38,67234,Paid Search,Term Life,Control,27,15.0,1,2026-03-27
CUST-01974,58,89614,Paid Social,Term Life,Control,51,15.0,1,2026-01-09
CUST-01975,45,80352,Paid Search,Whole Life,Variant A,71,16.55,1,2026-02-14
CUST-01976,41,56003,Email,Term Life,Variant A,7,0.0,0,2026-01-08
CUST-01977,64,87396,Paid Search,Whole Life,Control,16,0.0,0,2026-02-03
CUST-01978,25,67287,Paid Social,Accidental Death,Control,27,15.0,1,2026-03-21
CUST-01979,28,62346,Email,Whole Life,Control,15,0.0,0,2026-03-24
CUST-01980,62,53095,Email,Term Life,Variant A,56,0.0,0,2026-01-08
CUST-01981,42,69150,Paid Search,Term Life,Control,54,0.0,0,2026-01-12
CUST-01982,39,89911,Email,Whole Life,Control,61,0.0,0,2026-02-12
CUST-01983,27,87223,Paid Social,Accidental Death,Control,68,0.0,0,2026-04-15
CUST-01984,47,73834,Paid Social,Accidental Death,Control,50,15.0,1,2026-02-25
CUST-01985,48,79991,Paid Search,Accidental Death,Variant A,33,0.0,0,2026-01-31
CUST-01986,28,96792,Paid Search,Term Life,Variant A,74,0.0,0,2026-02-11
CUST-01987,40,61250,Paid Social,Term Life,Control,50,0.0,0,2026-02-02
CUST-01988,37,37114,Paid Social,Term Life,Control,20,0.0,0,2026-01-19
CUST-01989,45,97528,Paid Social,Term Life,Variant A,55,15.0,1,2026-04-01
CUST-01990,28,51755,Paid Social,Term Life,Variant A,15,0.0,0,2026-03-29
CUST-01991,57,47741,Paid Social,Accidental Death,Control,15,0.0,0,2026-04-23
CUST-01992,52,25000,Paid Search,Term Life,Control,67,15.0,1,2026-04-02
CUST-01993,37,79282,Paid Social,Term Life,Variant A,57,15.0,1,2026-02-24
CUST-01994,39,25000,Paid Search,Term Life,Variant A,93,0.0,0,2026-01-04
CUST-01995,40,46243,Paid Social,Accidental Death,Variant A,62,0.0,0,2026-01-12
CUST-01996,32,79705,Paid Social,Whole Life,Control,23,0.0,0,2026-03-28
CUST-01997,36,83048,Email,Whole Life,Variant A,36,0.0,0,2026-03-25
CUST-01998,38,48707,Paid Search,Accidental Death,Variant A,54,15.0,1,2026-04-14
CUST-01999,61,61646,Paid Search,Term Life,Variant A,76,0.0,0,2026-01-28
CUST-02000,53,43185,Paid Search,Whole Life,Variant A,59,0.0,0,2026-04-28
CUST-02001,53,51290,Paid Search,Term Life,Control,80,15.0,1,2026-02-27
CUST-02002,46,71655,Paid Search,Term Life,Variant A,45,0.0,0,2026-02-17
CUST-02003,28,52458,Email,Accidental Death,Control,74,0.0,0,2026-04-30
CUST-02004,41,58894,Paid Search,Whole Life,Variant A,25,0.0,0,2026-01-01
CUST-02005,53,28382,Paid Search,Term Life,Variant A,30,0.0,0,2026-04-15
CUST-02006,26,93323,Paid Social,Term Life,Variant A,5,0.0,0,2026-03-16
CUST-02007,49,77751,Paid Social,Whole Life,Control,85,0.0,0,2026-02-13
CUST-02008,69,84822,Paid Social,Term Life,Control,31,0.0,0,2026-03-04
CUST-02009,54,97260,Paid Search,Term Life,Control,54,0.0,0,2026-04-05
CUST-02010,58,44369,Paid Social,Term Life,Control,70,0.0,0,2026-04-15
CUST-02011,44,56040,Paid Search,Term Life,Control,69,15.0,1,2026-02-07
CUST-02012,53,25000,Paid Search,Accidental Death,Variant A,14,0.0,0,2026-01-09
CUST-02013,33,143510,Email,Term Life,Control,99,15.0,1,2026-01-06
CUST-02014,51,61260,Paid Search,Term Life,Variant A,41,0.0,0,2026-03-11
CUST-02015,49,90968,Paid Social,Whole Life,Variant A,73,0.0,0,2026-02-21
CUST-02016,45,34045,Paid Social,Accidental Death,Variant A,45,15.0,1,2026-03-08
CUST-02017,57,89909,Paid Search,Term Life,Variant A,50,0.0,0,2026-04-06
CUST-02018,35,111439,Email,Term Life,Control,81,15.0,1,2026-04-09
CUST-02019,39,63492,Paid Search,Term Life,Control,49,15.0,1,2026-01-16
CUST-02020,43,39727,Paid Social,Whole Life,Control,92,0.0,0,2026-01-02
CUST-02021,29,61530,Email,Whole Life,Variant A,31,0.0,0,2026-02-05
CUST-02022,44,25000,Paid Social,Accidental Death,Variant A,69,0.0,0,2026-04-15
CUST-02023,21,64052,Email,Accidental Death,Variant A,88,0.0,0,2026-03-12
CUST-02024,54,85524,Paid Search,Whole Life,Variant A,12,0.0,0,2026-02-04
CUST-02025,42,64106,Paid Social,Whole Life,Variant A,71,15.0,1,2026-04-30
CUST-02026,35,57896,Paid Search,Term Life,Variant A,53,0.0,0,2026-01-30
CUST-02027,31,78189,Paid Social,Term Life,Variant A,93,0.0,0,2026-02-14
CUST-02028,39,80100,Email,Accidental Death,Control,93,0.0,0,2026-02-15
CUST-02029,50,25000,Paid Search,Term Life,Control,18,0.0,0,2026-04-03
CUST-02030,48,67220,Paid Social,Term Life,Control,66,0.0,0,2026-04-15
CUST-02031,33,125899,Paid Search,Whole Life,Variant A,47,0.0,0,2026-03-06
CUST-02032,31,31624,Paid Social,Term Life,Variant A,31,15.0,1,2026-04-18
CUST-02033,49,62864,Paid Social,Whole Life,Control,31,0.0,0,2026-01-01
CUST-02034,33,113543,Email,Whole Life,Variant A,72,18.25,1,2026-04-15
CUST-02035,42,92604,Paid Social,Term Life,Control,79,0.0,0,2026-02-26
CUST-02036,43,52165,Paid Search,Accidental Death,Variant A,52,0.0,0,2026-03-12
CUST-02037,45,70153,Paid Search,Term Life,Control,71,0.0,0,2026-03-08
CUST-02038,52,64947,Paid Search,Term Life,Control,29,0.0,0,2026-04-10
CUST-02039,26,46298,Paid Search,Whole Life,Control,68,0.0,0,2026-04-13
CUST-02040,19,63143,Paid Search,Whole Life,Control,28,15.0,1,2026-01-31
CUST-02041,35,58000,Email,Whole Life,Control,13,0.0,0,2026-01-25
CUST-02042,63,67818,Paid Social,Term Life,Variant A,12,0.0,0,2026-02-16
CUST-02043,66,46290,Paid Social,Whole Life,Control,99,0.0,0,2026-02-25
CUST-02044,63,33084,Paid Search,Term Life,Variant A,63,15.0,1,2026-03-29
CUST-02045,39,63967,Email,Accidental Death,Control,21,0.0,0,2026-01-01
CUST-02046,20,107877,Paid Social,Term Life,Control,47,0.0,0,2026-04-12
CUST-02047,18,67055,Paid Search,Whole Life,Variant A,99,15.0,1,2026-04-28
CUST-02048,34,56710,Paid Social,Term Life,Control,72,15.0,1,2026-04-05
CUST-02049,39,83852,Paid Social,Term Life,Variant A,8,0.0,0,2026-02-06
CUST-02050,57,61042,Paid Search,Term Life,Control,12,0.0,0,2026-03-16
CUST-02051,52,111700,Paid Social,Accidental Death,Control,46,15.0,1,2026-04-23
CUST-02052,44,64902,Paid Social,Whole Life,Control,53,0.0,0,2026-03-08
CUST-02053,31,82512,Paid Search,Accidental Death,Variant A,10,0.0,0,2026-01-12
CUST-02054,30,46134,Email,Term Life,Control,77,15.0,1,2026-01-20
CUST-02055,45,77577,Email,Term Life,Variant A,46,15.0,1,2026-01-30
CUST-02056,50,71877,Paid Social,Term Life,Variant A,76,0.0,0,2026-03-15
CUST-02057,46,63587,Paid Social,Accidental Death,Control,36,0.0,0,2026-04-13
CUST-02058,29,52456,Paid Social,Term Life,Variant A,19,0.0,0,2026-03-05
CUST-02059,49,49049,Paid Social,Accidental Death,Control,86,15.0,1,2026-03-20
CUST-02060,47,72058,Paid Social,Accidental Death,Variant A,91,15.0,1,2026-03-26
CUST-02061,29,80723,Paid Search,Accidental Death,Variant A,73,15.0,1,2026-03-05
CUST-02062,32,61820,Paid Social,Whole Life,Control,31,0.0,0,2026-01-18
CUST-02063,50,72181,Email,Whole Life,Variant A,70,15.0,1,2026-02-01
CUST-02064,39,64052,Paid Social,Whole Life,Control,63,15.0,1,2026-01-19
CUST-02065,61,67463,Paid Search,Term Life,Control,32,0.0,0,2026-04-04
CUST-02066,48,59988,Paid Social,Whole Life,Variant A,28,0.0,0,2026-02-02
CUST-02067,36,65449,Paid Search,Term Life,Variant A,55,0.0,0,2026-03-03
CUST-02068,41,132451,Paid Search,Term Life,Variant A,25,0.0,0,2026-01-22
CUST-02069,42,72790,Paid Search,Term Life,Control,35,0.0,0,2026-04-19
CUST-02070,33,81132,Paid Search,Term Life,Variant A,79,15.0,1,2026-01-29
CUST-02071,31,75950,Paid Social,Term Life,Control,54,15.0,1,2026-03-29
CUST-02072,50,58429,Paid Social,Term Life,Control,96,0.0,0,2026-01-04
CUST-02073,52,97349,Paid Search,Whole Life,Variant A,44,0.0,0,2026-02-19
CUST-02074,49,57720,Email,Term Life,Control,72,15.0,1,2026-03-17
CUST-02075,60,91376,Email,Whole Life,Control,20,0.0,0,2026-04-10
CUST-02076,35,56644,Email,Term Life,Variant A,80,15.0,1,2026-01-04
CUST-02077,62,41000,Paid Search,Whole Life,Variant A,90,0.0,0,2026-01-05
CUST-02078,31,74134,Paid Social,Whole Life,Variant A,67,15.77,1,2026-03-24
CUST-02079,29,37383,Email,Whole Life,Control,60,0.0,0,2026-04-15
CUST-02080,20,78391,Paid Social,Whole Life,Variant A,84,15.0,1,2026-02-08
CUST-02081,36,35146,Paid Search,Term Life,Control,28,0.0,0,2026-02-26
CUST-02082,35,57024,Paid Search,Whole Life,Variant A,32,0.0,0,2026-01-31
CUST-02083,48,29206,Paid Social,Term Life,Variant A,97,15.0,1,2026-01-07
CUST-02084,44,135604,Email,Term Life,Variant A,89,15.0,1,2026-01-12
CUST-02085,27,25000,Paid Social,Whole Life,Control,93,15.0,1,2026-01-10
CUST-02086,37,65245,Paid Social,Term Life,Control,35,0.0,0,2026-01-29
CUST-02087,37,93582,Paid Search,Whole Life,Variant A,19,0.0,0,2026-04-26
CUST-02088,20,90909,Paid Social,Whole Life,Control,46,0.0,0,2026-03-26
CUST-02089,30,86283,Email,Term Life,Variant A,54,0.0,0,2026-01-13
CUST-02090,32,57069,Paid Search,Term Life,Control,90,15.0,1,2026-03-28
CUST-02091,59,98777,Paid Social,Term Life,Control,9,0.0,0,2026-03-11
CUST-02092,44,87834,Email,Accidental Death,Control,52,0.0,0,2026-01-31
CUST-02093,49,70307,Paid Search,Whole Life,Control,17,0.0,0,2026-01-09
CUST-02094,24,71014,Paid Social,Term Life,Variant A,36,0.0,0,2026-02-20
CUST-02095,56,57401,Paid Search,Term Life,Control,71,0.0,0,2026-03-29
CUST-02096,57,42258,Paid Social,Whole Life,Variant A,83,15.0,1,2026-01-16
CUST-02097,18,95928,Paid Social,Accidental Death,Control,95,15.0,1,2026-02-28
CUST-02098,33,97805,Paid Social,Term Life,Control,95,15.0,1,2026-02-27
CUST-02099,47,42897,Paid Social,Term Life,Control,34,15.0,1,2026-01-11
CUST-02100,49,61155,Paid Search,Accidental Death,Control,10,0.0,0,2026-02-05
CUST-02101,33,61414,Email,Term Life,Variant A,29,15.0,1,2026-01-01
CUST-02102,38,64183,Paid Social,Term Life,Variant A,32,15.0,1,2026-01-21
CUST-02103,34,66607,Paid Search,Accidental Death,Variant A,66,15.0,1,2026-02-13
CUST-02104,43,88671,Paid Social,Whole Life,Variant A,26,0.0,0,2026-04-10
CUST-02105,56,46319,Paid Social,Term Life,Variant A,72,15.0,1,2026-02-06
CUST-02106,32,43841,Paid Search,Term Life,Variant A,19,0.0,0,2026-01-06
CUST-02107,54,95915,Email,Term Life,Variant A,30,0.0,0,2026-01-14
CUST-02108,32,53433,Email,Term Life,Variant A,67,15.0,1,2026-04-03
CUST-02109,31,33424,Paid Search,Accidental Death,Variant A,22,0.0,0,2026-01-01
CUST-02110,51,52871,Email,Term Life,Variant A,77,0.0,0,2026-01-08
CUST-02111,53,56748,Paid Search,Whole Life,Variant A,67,0.0,0,2026-04-21
CUST-02112,52,103874,Paid Search,Accidental Death,Variant A,66,0.0,0,2026-02-13
CUST-02113,26,88120,Paid Search,Term Life,Variant A,72,15.0,1,2026-03-24
CUST-02114,36,93688,Email,Term Life,Variant A,52,0.0,0,2026-03-28
CUST-02115,51,85499,Paid Social,Whole Life,Control,54,0.0,0,2026-04-13
CUST-02116,42,88656,Paid Search,Accidental Death,Variant A,67,15.0,1,2026-04-15
CUST-02117,29,47797,Paid Social,Accidental Death,Control,73,0.0,0,2026-03-16
CUST-02118,47,60034,Paid Social,Term Life,Variant A,10,0.0,0,2026-01-27
CUST-02119,33,40252,Paid Search,Whole Life,Control,62,0.0,0,2026-04-29
CUST-02120,63,59737,Email,Whole Life,Control,55,0.0,0,2026-04-14
CUST-02121,60,82102,Email,Accidental Death,Variant A,16,0.0,0,2026-02-05
CUST-02122,49,68364,Paid Social,Term Life,Variant A,99,0.0,0,2026-02-11
CUST-02123,58,97787,Email,Whole Life,Control,51,15.0,1,2026-01-20
CUST-02124,42,36464,Paid Social,Accidental Death,Control,13,0.0,0,2026-04-16
CUST-02125,51,77505,Email,Term Life,Variant A,11,0.0,0,2026-01-08
CUST-02126,59,33792,Paid Social,Term Life,Control,33,0.0,0,2026-02-15
CUST-02127,44,67354,Paid Social,Term Life,Control,82,0.0,0,2026-04-10
CUST-02128,38,83508,Paid Search,Term Life,Variant A,55,15.0,1,2026-02-21
CUST-02129,21,59637,Email,Term Life,Variant A,88,15.0,1,2026-01-26
CUST-02130,41,78778,Paid Social,Accidental Death,Variant A,59,15.0,1,2026-02-04
CUST-02131,51,41006,Paid Search,Term Life,Variant A,63,0.0,0,2026-03-01
CUST-02132,53,25000,Paid Search,Term Life,Variant A,60,15.0,1,2026-01-03
CUST-02133,48,78925,Paid Social,Whole Life,Variant A,26,0.0,0,2026-01-04
CUST-02134,35,108600,Paid Social,Term Life,Variant A,22,0.0,0,2026-04-18
CUST-02135,18,40098,Paid Social,Term Life,Control,62,0.0,0,2026-04-03
CUST-02136,36,95554,Email,Whole Life,Control,44,0.0,0,2026-03-03
CUST-02137,38,66085,Paid Search,Accidental Death,Variant A,93,0.0,0,2026-03-05
CUST-02138,38,31607,Paid Social,Whole Life,Variant A,35,0.0,0,2026-02-19
CUST-02139,49,36712,Paid Search,Whole Life,Control,60,15.0,1,2026-04-02
CUST-02140,65,65394,Email,Term Life,Variant A,39,0.0,0,2026-01-19
CUST-02141,43,54888,Email,Accidental Death,Variant A,30,0.0,0,2026-02-12
CUST-02142,39,32177,Paid Social,Term Life,Control,72,0.0,0,2026-04-02
CUST-02143,38,25000,Paid Social,Whole Life,Variant A,88,15.0,1,2026-03-23
CUST-02144,43,43832,Paid Search,Term Life,Variant A,38,0.0,0,2026-01-14
CUST-02145,32,69845,Paid Social,Accidental Death,Control,80,0.0,0,2026-04-17
CUST-02146,43,64839,Email,Whole Life,Variant A,20,15.0,1,2026-01-14
CUST-02147,47,52469,Paid Social,Whole Life,Control,46,15.0,1,2026-02-23
CUST-02148,44,70047,Paid Search,Term Life,Variant A,9,0.0,0,2026-01-29
CUST-02149,47,91000,Paid Social,Term Life,Variant A,65,15.0,1,2026-01-03
CUST-02150,47,74853,Email,Whole Life,Variant A,48,0.0,0,2026-04-08
CUST-02151,20,61967,Paid Search,Whole Life,Control,39,0.0,0,2026-03-14
CUST-02152,49,88201,Paid Search,Term Life,Control,95,0.0,0,2026-04-14
CUST-02153,33,41003,Paid Social,Accidental Death,Variant A,5,0.0,0,2026-01-05
CUST-02154,28,59377,Email,Accidental Death,Control,47,15.0,1,2026-04-03
CUST-02155,28,59972,Paid Search,Term Life,Control,36,0.0,0,2026-04-15
CUST-02156,47,34076,Paid Search,Accidental Death,Control,67,0.0,0,2026-01-05
CUST-02157,39,54503,Paid Search,Whole Life,Variant A,37,0.0,0,2026-04-27
CUST-02158,21,25000,Paid Search,Term Life,Variant A,99,15.0,1,2026-02-14
CUST-02159,47,112804,Paid Social,Term Life,Variant A,81,0.0,0,2026-03-05
CUST-02160,24,41564,Paid Social,Whole Life,Control,70,0.0,0,2026-03-05
CUST-02161,43,104652,Paid Social,Whole Life,Control,34,0.0,0,2026-02-12
CUST-02162,44,65952,Paid Social,Term Life,Variant A,14,0.0,0,2026-02-12
CUST-02163,52,79121,Paid Search,Whole Life,Variant A,27,0.0,0,2026-04-26
CUST-02164,63,52780,Email,Whole Life,Control,43,0.0,0,2026-04-18
CUST-02165,25,70198,Paid Social,Whole Life,Control,49,0.0,0,2026-02-20
CUST-02166,41,81262,Email,Term Life,Control,33,0.0,0,2026-01-13
CUST-02167,38,81613,Paid Social,Accidental Death,Variant A,34,0.0,0,2026-03-31
CUST-02168,47,84369,Paid Search,Term Life,Control,38,15.0,1,2026-03-14
CUST-02169,44,55791,Paid Social,Term Life,Variant A,56,0.0,0,2026-03-09
CUST-02170,37,52991,Paid Search,Term Life,Variant A,85,15.0,1,2026-04-13
CUST-02171,36,25145,Paid Social,Term Life,Control,26,0.0,0,2026-04-05
CUST-02172,28,78080,Paid Search,Accidental Death,Control,9,0.0,0,2026-03-10
CUST-02173,53,92059,Paid Search,Term Life,Control,15,0.0,0,2026-01-07
CUST-02174,47,105399,Email,Whole Life,Variant A,90,0.0,0,2026-04-02
CUST-02175,53,72629,Paid Search,Term Life,Variant A,36,0.0,0,2026-04-14
CUST-02176,38,45838,Email,Term Life,Control,28,0.0,0,2026-03-19
CUST-02177,34,25000,Paid Search,Accidental Death,Variant A,15,0.0,0,2026-03-29
CUST-02178,29,91041,Paid Social,Whole Life,Variant A,15,0.0,0,2026-02-11
CUST-02179,46,25000,Paid Social,Term Life,Control,21,0.0,0,2026-04-12
CUST-02180,29,56484,Paid Social,Whole Life,Control,36,0.0,0,2026-01-05
CUST-02181,64,59392,Paid Search,Term Life,Control,87,0.0,0,2026-02-16
CUST-02182,26,63263,Paid Search,Term Life,Control,31,0.0,0,2026-02-17
CUST-02183,45,65895,Paid Search,Whole Life,Control,36,0.0,0,2026-04-08
CUST-02184,60,68453,Paid Search,Whole Life,Control,65,0.0,0,2026-04-02
CUST-02185,49,25000,Paid Social,Term Life,Control,29,0.0,0,2026-02-16
CUST-02186,44,65366,Email,Accidental Death,Variant A,68,0.0,0,2026-01-08
CUST-02187,30,25000,Email,Whole Life,Control,68,0.0,0,2026-01-21
CUST-02188,25,83305,Paid Social,Term Life,Control,32,15.0,1,2026-03-29
CUST-02189,51,51121,Paid Social,Whole Life,Variant A,44,15.0,1,2026-04-28
CUST-02190,60,25000,Paid Social,Whole Life,Control,95,0.0,0,2026-01-24
CUST-02191,36,44644,Paid Search,Whole Life,Control,18,0.0,0,2026-01-13
CUST-02192,28,50748,Email,Term Life,Control,46,0.0,0,2026-04-23
CUST-02193,18,94767,Paid Social,Whole Life,Variant A,43,0.0,0,2026-01-15
CUST-02194,30,69915,Paid Social,Term Life,Control,6,0.0,0,2026-04-20
CUST-02195,40,73611,Paid Search,Accidental Death,Variant A,85,15.0,1,2026-03-30
CUST-02196,61,94530,Paid Social,Whole Life,Variant A,5,0.0,0,2026-04-25
CUST-02197,50,62596,Paid Social,Term Life,Variant A,36,0.0,0,2026-04-19
CUST-02198,45,83854,Email,Whole Life,Variant A,87,15.0,1,2026-02-22
CUST-02199,37,82096,Paid Social,Accidental Death,Control,68,0.0,0,2026-04-02
CUST-02200,35,32838,Paid Search,Accidental Death,Control,82,15.0,1,2026-04-13
CUST-02201,58,101824,Email,Term Life,Control,35,0.0,0,2026-03-13
CUST-02202,44,29492,Paid Search,Term Life,Control,62,0.0,0,2026-01-31
CUST-02203,18,87934,Paid Social,Whole Life,Variant A,86,19.28,1,2026-03-12
CUST-02204,33,27073,Paid Search,Term Life,Variant A,82,0.0,0,2026-02-20
CUST-02205,31,80030,Paid Social,Accidental Death,Control,18,0.0,0,2026-02-16
CUST-02206,35,111547,Email,Term Life,Variant A,92,15.0,1,2026-02-08
CUST-02207,48,59675,Paid Search,Term Life,Variant A,73,0.0,0,2026-03-22
CUST-02208,40,58591,Email,Term Life,Variant A,20,0.0,0,2026-04-27
CUST-02209,41,80260,Paid Search,Term Life,Variant A,73,0.0,0,2026-02-26
CUST-02210,57,56765,Email,Whole Life,Control,58,0.0,0,2026-02-19
CUST-02211,33,110456,Paid Social,Term Life,Control,17,0.0,0,2026-04-25
CUST-02212,64,69804,Email,Term Life,Control,84,15.0,1,2026-02-26
CUST-02213,33,56995,Paid Search,Term Life,Control,83,0.0,0,2026-02-04
CUST-02214,43,51492,Email,Whole Life,Control,35,0.0,0,2026-04-30
CUST-02215,38,41676,Paid Social,Term Life,Variant A,73,15.0,1,2026-03-27
CUST-02216,43,49306,Paid Search,Whole Life,Variant A,25,0.0,0,2026-01-07
CUST-02217,47,56233,Email,Whole Life,Variant A,34,0.0,0,2026-02-22
CUST-02218,47,52809,Paid Search,Whole Life,Variant A,27,0.0,0,2026-01-10
CUST-02219,32,48545,Email,Accidental Death,Variant A,42,0.0,0,2026-04-02
CUST-02220,28,117471,Paid Search,Accidental Death,Control,33,15.0,1,2026-02-08
CUST-02221,72,39247,Paid Social,Accidental Death,Variant A,81,15.0,1,2026-02-27
CUST-02222,36,68665,Paid Social,Term Life,Control,36,15.0,1,2026-04-17
CUST-02223,50,79813,Paid Search,Term Life,Variant A,66,0.0,0,2026-04-03
CUST-02224,22,80752,Paid Search,Term Life,Control,95,15.0,1,2026-02-04
CUST-02225,38,63534,Paid Search,Accidental Death,Variant A,49,15.0,1,2026-02-28
CUST-02226,40,58982,Paid Social,Accidental Death,Variant A,53,15.0,1,2026-04-27
CUST-02227,47,76288,Paid Search,Accidental Death,Variant A,37,0.0,0,2026-01-22
CUST-02228,18,71663,Paid Social,Term Life,Control,8,0.0,0,2026-01-09
CUST-02229,43,58526,Paid Search,Accidental Death,Control,22,15.0,1,2026-04-10
CUST-02230,28,25953,Paid Search,Term Life,Variant A,74,0.0,0,2026-01-08
CUST-02231,45,53301,Paid Social,Term Life,Control,68,15.0,1,2026-04-04
CUST-02232,29,36336,Paid Search,Term Life,Variant A,32,0.0,0,2026-04-04
CUST-02233,31,48321,Email,Term Life,Variant A,62,0.0,0,2026-04-30
CUST-02234,38,65830,Email,Whole Life,Control,95,0.0,0,2026-02-27
CUST-02235,29,73968,Paid Social,Term Life,Control,94,15.0,1,2026-04-05
CUST-02236,36,109511,Paid Social,Term Life,Variant A,60,0.0,0,2026-01-22
CUST-02237,27,51564,Email,Whole Life,Control,24,15.0,1,2026-04-18
CUST-02238,20,84365,Paid Search,Accidental Death,Control,81,15.0,1,2026-04-05
CUST-02239,54,72649,Paid Search,Whole Life,Control,96,15.98,1,2026-02-09
CUST-02240,26,97399,Paid Search,Term Life,Control,38,0.0,0,2026-04-21
CUST-02241,39,79405,Paid Social,Accidental Death,Control,91,0.0,0,2026-01-28
CUST-02242,51,39787,Paid Search,Accidental Death,Control,14,0.0,0,2026-02-15
CUST-02243,34,25000,Paid Social,Term Life,Variant A,98,15.0,1,2026-03-10
CUST-02244,32,72781,Email,Whole Life,Variant A,26,0.0,0,2026-03-22
CUST-02245,44,51788,Email,Term Life,Variant A,9,0.0,0,2026-02-21
CUST-02246,55,40492,Paid Social,Term Life,Control,48,15.0,1,2026-01-11
CUST-02247,27,33310,Paid Search,Whole Life,Variant A,13,0.0,0,2026-01-22
CUST-02248,40,69024,Email,Accidental Death,Variant A,47,0.0,0,2026-02-16
CUST-02249,21,102692,Paid Social,Term Life,Control,8,0.0,0,2026-03-30
CUST-02250,37,54783,Paid Search,Accidental Death,Variant A,46,0.0,0,2026-01-13
CUST-02251,42,79756,Paid Search,Accidental Death,Control,69,15.0,1,2026-04-10
CUST-02252,31,62443,Email,Accidental Death,Control,45,0.0,0,2026-04-28
CUST-02253,36,32765,Paid Social,Term Life,Variant A,68,0.0,0,2026-02-14
CUST-02254,25,83370,Email,Accidental Death,Control,59,0.0,0,2026-04-19
CUST-02255,42,37632,Email,Term Life,Variant A,94,0.0,0,2026-03-16
CUST-02256,54,65540,Paid Social,Whole Life,Control,22,0.0,0,2026-03-10
CUST-02257,28,56461,Paid Social,Term Life,Variant A,20,0.0,0,2026-03-19
CUST-02258,34,87326,Paid Social,Term Life,Control,91,15.0,1,2026-01-22
CUST-02259,48,38546,Paid Search,Whole Life,Control,50,0.0,0,2026-03-08
CUST-02260,56,74771,Paid Social,Term Life,Variant A,40,15.0,1,2026-04-24
CUST-02261,24,44005,Paid Social,Term Life,Variant A,94,15.0,1,2026-02-04
CUST-02262,39,52222,Paid Social,Term Life,Variant A,70,0.0,0,2026-02-01
CUST-02263,45,25000,Email,Whole Life,Variant A,48,15.0,1,2026-02-07
CUST-02264,40,117302,Paid Social,Term Life,Control,9,0.0,0,2026-02-27
CUST-02265,18,78763,Paid Social,Accidental Death,Control,33,0.0,0,2026-02-09
CUST-02266,48,45816,Paid Social,Term Life,Variant A,8,0.0,0,2026-03-29
CUST-02267,60,36883,Paid Social,Term Life,Variant A,90,15.0,1,2026-04-02
CUST-02268,43,52608,Paid Social,Term Life,Control,53,0.0,0,2026-01-21
CUST-02269,29,82921,Paid Search,Term Life,Variant A,76,0.0,0,2026-02-18
CUST-02270,35,25000,Paid Social,Term Life,Variant A,89,15.0,1,2026-04-07
CUST-02271,63,61460,Paid Search,Term Life,Variant A,12,0.0,0,2026-04-02
CUST-02272,52,109266,Paid Search,Accidental Death,Control,56,15.0,1,2026-02-08
CUST-02273,49,36651,Paid Social,Whole Life,Control,73,0.0,0,2026-04-24
CUST-02274,46,67009,Paid Social,Term Life,Control,25,0.0,0,2026-03-02
CUST-02275,34,120082,Email,Term Life,Control,31,15.0,1,2026-04-10
CUST-02276,39,80803,Paid Social,Accidental Death,Control,42,0.0,0,2026-01-10
CUST-02277,41,68148,Paid Social,Term Life,Control,9,0.0,0,2026-04-11
CUST-02278,48,77665,Paid Social,Term Life,Control,89,0.0,0,2026-02-09
CUST-02279,60,54978,Paid Social,Whole Life,Control,65,0.0,0,2026-02-27
CUST-02280,55,97490,Paid Search,Whole Life,Control,12,0.0,0,2026-03-30
CUST-02281,24,55016,Paid Search,Whole Life,Control,90,15.0,1,2026-02-14
CUST-02282,44,25000,Paid Search,Term Life,Control,22,0.0,0,2026-01-17
CUST-02283,50,55217,Paid Social,Term Life,Control,8,0.0,0,2026-04-27
CUST-02284,49,40831,Paid Search,Whole Life,Control,8,0.0,0,2026-03-09
CUST-02285,34,57970,Paid Search,Term Life,Variant A,41,0.0,0,2026-01-10
CUST-02286,75,58522,Paid Search,Whole Life,Variant A,19,0.0,0,2026-04-27
CUST-02287,26,94935,Email,Whole Life,Control,42,0.0,0,2026-03-03
CUST-02288,29,82382,Paid Search,Term Life,Variant A,31,0.0,0,2026-03-30
CUST-02289,44,71581,Paid Social,Accidental Death,Control,89,15.0,1,2026-02-01
CUST-02290,67,64926,Paid Search,Accidental Death,Variant A,52,0.0,0,2026-03-13
CUST-02291,31,38528,Paid Social,Whole Life,Control,50,15.0,1,2026-02-11
CUST-02292,38,25000,Paid Search,Term Life,Variant A,50,0.0,0,2026-02-14
CUST-02293,54,67829,Paid Search,Term Life,Control,52,0.0,0,2026-03-17
CUST-02294,41,84866,Paid Social,Term Life,Control,63,15.0,1,2026-01-21
CUST-02295,37,62291,Paid Search,Term Life,Control,8,0.0,0,2026-04-19
CUST-02296,48,51628,Paid Search,Accidental Death,Variant A,79,15.0,1,2026-01-27
CUST-02297,45,76612,Paid Search,Term Life,Control,23,0.0,0,2026-01-30
CUST-02298,54,62916,Paid Search,Term Life,Control,61,0.0,0,2026-03-15
CUST-02299,57,107143,Paid Search,Term Life,Control,23,0.0,0,2026-03-26
CUST-02300,45,95818,Paid Search,Whole Life,Variant A,95,20.67,1,2026-01-01
CUST-02301,45,88987,Email,Term Life,Control,46,0.0,0,2026-01-09
CUST-02302,44,83943,Paid Social,Term Life,Variant A,96,15.0,1,2026-01-03
CUST-02303,47,32745,Paid Social,Term Life,Control,9,0.0,0,2026-04-23
CUST-02304,42,81574,Paid Search,Accidental Death,Variant A,52,0.0,0,2026-02-22
CUST-02305,41,74408,Email,Term Life,Control,29,0.0,0,2026-02-11
CUST-02306,56,80160,Paid Search,Accidental Death,Control,71,15.0,1,2026-01-19
CUST-02307,60,77315,Paid Search,Accidental Death,Variant A,30,0.0,0,2026-01-06
CUST-02308,23,76319,Paid Social,Term Life,Variant A,78,0.0,0,2026-01-07
CUST-02309,42,132521,Paid Search,Whole Life,Variant A,92,18.68,1,2026-02-12
CUST-02310,33,63095,Paid Search,Term Life,Variant A,66,15.0,1,2026-03-21
CUST-02311,38,88408,Paid Social,Accidental Death,Control,97,15.0,1,2026-02-05
CUST-02312,46,53225,Email,Whole Life,Variant A,11,0.0,0,2026-03-09
CUST-02313,50,84766,Paid Social,Term Life,Variant A,48,0.0,0,2026-03-23
CUST-02314,40,88482,Paid Social,Term Life,Control,91,15.0,1,2026-04-06
CUST-02315,19,74110,Email,Term Life,Control,31,0.0,0,2026-04-06
CUST-02316,30,106731,Paid Search,Accidental Death,Control,46,15.0,1,2026-03-23
CUST-02317,52,42893,Paid Search,Term Life,Control,77,0.0,0,2026-02-08
CUST-02318,18,52819,Paid Search,Whole Life,Control,60,15.0,1,2026-02-12
CUST-02319,56,70309,Paid Social,Term Life,Variant A,7,0.0,0,2026-02-06
CUST-02320,48,87020,Paid Social,Accidental Death,Variant A,17,0.0,0,2026-04-27
CUST-02321,57,69485,Email,Term Life,Variant A,74,15.0,1,2026-01-28
CUST-02322,39,97143,Paid Social,Whole Life,Control,63,17.2,1,2026-02-19
CUST-02323,18,48457,Paid Social,Term Life,Control,42,0.0,0,2026-02-08
CUST-02324,47,36485,Paid Search,Whole Life,Variant A,89,15.0,1,2026-01-02
CUST-02325,57,72703,Email,Term Life,Variant A,87,15.0,1,2026-02-06
CUST-02326,53,63070,Email,Term Life,Variant A,93,0.0,0,2026-04-11
CUST-02327,34,78571,Email,Term Life,Variant A,72,0.0,0,2026-04-25
CUST-02328,43,64314,Paid Search,Whole Life,Control,90,0.0,0,2026-03-07
CUST-02329,35,56499,Paid Social,Term Life,Control,73,0.0,0,2026-01-19
CUST-02330,32,63126,Paid Search,Whole Life,Control,5,0.0,0,2026-03-10
CUST-02331,53,65721,Paid Search,Term Life,Control,54,0.0,0,2026-02-13
CUST-02332,27,57375,Paid Search,Accidental Death,Control,85,0.0,0,2026-01-13
CUST-02333,31,59921,Paid Social,Accidental Death,Variant A,77,15.0,1,2026-01-22
CUST-02334,28,54910,Paid Social,Whole Life,Variant A,13,15.0,1,2026-04-26
CUST-02335,24,86416,Paid Search,Term Life,Variant A,57,15.0,1,2026-01-07
CUST-02336,43,69850,Paid Search,Term Life,Variant A,92,0.0,0,2026-01-02
CUST-02337,55,121418,Paid Social,Term Life,Variant A,14,0.0,0,2026-03-03
CUST-02338,39,69017,Paid Search,Term Life,Variant A,88,15.0,1,2026-04-28
CUST-02339,23,51228,Paid Search,Whole Life,Variant A,85,15.0,1,2026-03-19
CUST-02340,52,131766,Paid Social,Whole Life,Control,81,20.69,1,2026-03-30
CUST-02341,62,75340,Paid Social,Accidental Death,Control,33,0.0,0,2026-03-31
CUST-02342,34,89753,Paid Search,Term Life,Control,40,0.0,0,2026-01-05
CUST-02343,36,79802,Paid Search,Whole Life,Control,91,0.0,0,2026-01-20
CUST-02344,48,80575,Paid Search,Term Life,Variant A,31,0.0,0,2026-02-23
CUST-02345,61,78391,Email,Whole Life,Control,22,0.0,0,2026-03-17
CUST-02346,35,37447,Paid Social,Term Life,Control,22,0.0,0,2026-03-04
CUST-02347,26,74188,Paid Social,Term Life,Control,13,15.0,1,2026-02-05
CUST-02348,49,31878,Paid Search,Term Life,Control,71,0.0,0,2026-04-05
CUST-02349,51,60640,Paid Social,Whole Life,Control,11,0.0,0,2026-03-22
CUST-02350,42,46859,Paid Search,Accidental Death,Control,62,15.0,1,2026-01-16
CUST-02351,35,73936,Paid Social,Term Life,Control,83,15.0,1,2026-02-26
CUST-02352,53,73353,Email,Term Life,Control,34,0.0,0,2026-03-05
CUST-02353,48,77028,Paid Social,Term Life,Variant A,77,0.0,0,2026-01-10
CUST-02354,32,72182,Email,Whole Life,Control,65,0.0,0,2026-04-09
CUST-02355,42,49829,Paid Social,Term Life,Variant A,95,15.0,1,2026-04-28
CUST-02356,25,58474,Paid Search,Whole Life,Control,86,15.0,1,2026-04-07
CUST-02357,50,88009,Email,Accidental Death,Control,99,15.0,1,2026-04-12
CUST-02358,38,91696,Paid Search,Accidental Death,Variant A,21,0.0,0,2026-04-09
CUST-02359,36,36330,Paid Social,Term Life,Control,57,0.0,0,2026-02-20
CUST-02360,41,26726,Paid Search,Accidental Death,Control,10,0.0,0,2026-01-27
CUST-02361,42,46827,Paid Search,Whole Life,Variant A,43,0.0,0,2026-01-07
CUST-02362,52,91130,Paid Social,Term Life,Variant A,29,15.0,1,2026-04-01
CUST-02363,49,95372,Paid Search,Whole Life,Control,46,0.0,0,2026-02-10
CUST-02364,40,41882,Paid Social,Accidental Death,Variant A,46,15.0,1,2026-04-28
CUST-02365,51,72682,Paid Social,Term Life,Variant A,63,15.0,1,2026-03-17
CUST-02366,46,110860,Paid Search,Term Life,Control,42,15.0,1,2026-04-20
CUST-02367,36,75382,Paid Search,Term Life,Variant A,35,0.0,0,2026-04-07
CUST-02368,40,100537,Paid Social,Whole Life,Variant A,33,0.0,0,2026-01-13
CUST-02369,40,89968,Paid Search,Term Life,Control,13,0.0,0,2026-04-27
CUST-02370,48,42245,Paid Social,Accidental Death,Variant A,5,0.0,0,2026-03-07
CUST-02371,37,60250,Paid Social,Whole Life,Control,84,15.0,1,2026-01-03
CUST-02372,37,65868,Email,Whole Life,Variant A,91,0.0,0,2026-01-11
CUST-02373,65,67603,Paid Social,Term Life,Variant A,76,0.0,0,2026-01-05
CUST-02374,53,87908,Paid Social,Whole Life,Control,51,0.0,0,2026-03-01
CUST-02375,32,75217,Paid Social,Term Life,Variant A,80,15.0,1,2026-01-02
CUST-02376,48,25000,Paid Search,Term Life,Variant A,14,15.0,1,2026-04-20
CUST-02377,43,32178,Paid Search,Whole Life,Variant A,20,0.0,0,2026-04-02
CUST-02378,46,25000,Paid Social,Term Life,Control,51,0.0,0,2026-03-18
CUST-02379,43,69384,Paid Social,Whole Life,Control,47,15.0,1,2026-04-20
CUST-02380,56,71012,Paid Social,Term Life,Variant A,28,0.0,0,2026-04-09
CUST-02381,46,72080,Email,Term Life,Control,12,15.0,1,2026-04-14
CUST-02382,41,41026,Email,Term Life,Control,79,0.0,0,2026-03-05
CUST-02383,54,81853,Email,Accidental Death,Variant A,30,0.0,0,2026-01-13
CUST-02384,44,82906,Paid Social,Whole Life,Control,11,0.0,0,2026-02-23
CUST-02385,43,33621,Paid Search,Whole Life,Control,83,0.0,0,2026-01-12
CUST-02386,45,28349,Paid Social,Term Life,Control,19,0.0,0,2026-01-18
CUST-02387,40,64996,Paid Search,Term Life,Control,52,0.0,0,2026-01-18
CUST-02388,42,109794,Paid Social,Accidental Death,Control,7,0.0,0,2026-01-17
CUST-02389,34,107493,Paid Social,Term Life,Control,20,0.0,0,2026-02-08
CUST-02390,32,79085,Paid Social,Term Life,Control,83,0.0,0,2026-03-27
CUST-02391,30,46750,Paid Search,Whole Life,Variant A,93,15.0,1,2026-01-13
CUST-02392,25,87171,Paid Search,Term Life,Control,18,0.0,0,2026-02-14
CUST-02393,31,53689,Paid Social,Accidental Death,Variant A,92,0.0,0,2026-04-12
CUST-02394,39,45812,Paid Search,Whole Life,Control,79,15.0,1,2026-04-27
CUST-02395,43,25000,Email,Term Life,Variant A,7,0.0,0,2026-01-19
CUST-02396,38,67559,Paid Search,Term Life,Variant A,77,0.0,0,2026-03-29
CUST-02397,18,49253,Paid Search,Term Life,Variant A,74,15.0,1,2026-01-19
CUST-02398,60,67410,Paid Search,Accidental Death,Variant A,35,15.0,1,2026-01-21
CUST-02399,55,25000,Paid Social,Whole Life,Control,84,15.0,1,2026-01-24
CUST-02400,47,69245,Paid Social,Term Life,Control,79,15.0,1,2026-01-30
CUST-02401,64,25000,Paid Search,Term Life,Variant A,21,0.0,0,2026-04-02
CUST-02402,30,92198,Paid Search,Whole Life,Variant A,53,15.0,1,2026-02-17
CUST-02403,64,78047,Paid Social,Whole Life,Variant A,7,0.0,0,2026-02-04
CUST-02404,30,58033,Paid Search,Term Life,Variant A,87,15.0,1,2026-04-20
CUST-02405,44,79067,Paid Social,Term Life,Control,92,15.0,1,2026-04-27
CUST-02406,26,40548,Paid Social,Term Life,Variant A,59,0.0,0,2026-02-28
CUST-02407,42,66809,Paid Search,Whole Life,Control,76,0.0,0,2026-04-12
CUST-02408,46,84869,Paid Search,Accidental Death,Variant A,44,0.0,0,2026-01-17
CUST-02409,40,25000,Email,Term Life,Control,70,15.0,1,2026-02-17
CUST-02410,50,53819,Paid Social,Whole Life,Variant A,91,0.0,0,2026-04-08
CUST-02411,43,64433,Paid Social,Term Life,Variant A,44,0.0,0,2026-02-24
CUST-02412,35,60092,Paid Search,Term Life,Control,34,0.0,0,2026-01-09
CUST-02413,35,101427,Paid Social,Term Life,Variant A,29,0.0,0,2026-03-18
CUST-02414,51,36902,Paid Search,Accidental Death,Variant A,11,15.0,1,2026-01-14
CUST-02415,34,49471,Paid Social,Term Life,Control,96,15.0,1,2026-01-26
CUST-02416,52,25000,Email,Whole Life,Control,54,0.0,0,2026-02-21
CUST-02417,56,102757,Paid Search,Term Life,Control,85,0.0,0,2026-03-26
CUST-02418,21,58842,Paid Search,Term Life,Control,5,0.0,0,2026-02-13
CUST-02419,55,54039,Paid Search,Term Life,Variant A,95,15.0,1,2026-03-25
CUST-02420,66,63687,Paid Search,Whole Life,Control,48,15.0,1,2026-01-11
CUST-02421,45,80905,Paid Search,Term Life,Control,53,0.0,0,2026-02-20
CUST-02422,49,73684,Paid Search,Whole Life,Variant A,11,0.0,0,2026-02-11
CUST-02423,54,131197,Paid Social,Term Life,Variant A,7,0.0,0,2026-04-24
CUST-02424,38,76348,Paid Social,Term Life,Variant A,98,0.0,0,2026-03-03
CUST-02425,44,53368,Paid Search,Term Life,Variant A,5,0.0,0,2026-02-04
CUST-02426,26,50966,Email,Term Life,Control,55,0.0,0,2026-03-05
CUST-02427,43,55181,Paid Search,Term Life,Control,42,0.0,0,2026-04-22
CUST-02428,47,27454,Email,Term Life,Control,47,0.0,0,2026-04-05
CUST-02429,48,65996,Paid Search,Whole Life,Variant A,59,0.0,0,2026-01-18
CUST-02430,54,84586,Email,Whole Life,Control,61,0.0,0,2026-01-14
CUST-02431,32,49665,Paid Social,Term Life,Control,57,0.0,0,2026-04-30
CUST-02432,35,44815,Email,Term Life,Variant A,37,0.0,0,2026-02-18
CUST-02433,64,102898,Email,Term Life,Control,84,15.0,1,2026-03-10
CUST-02434,40,29337,Paid Search,Term Life,Variant A,66,0.0,0,2026-01-17
CUST-02435,44,25000,Email,Term Life,Variant A,15,0.0,0,2026-01-21
CUST-02436,41,36177,Paid Search,Accidental Death,Control,76,15.0,1,2026-01-14
CUST-02437,32,26489,Paid Search,Term Life,Variant A,56,0.0,0,2026-01-03
CUST-02438,61,74655,Paid Search,Term Life,Control,5,0.0,0,2026-01-31
CUST-02439,35,55982,Paid Social,Term Life,Variant A,18,0.0,0,2026-03-30
CUST-02440,28,59507,Paid Search,Term Life,Control,98,15.0,1,2026-02-16
CUST-02441,36,93823,Paid Social,Whole Life,Variant A,89,0.0,0,2026-02-13
CUST-02442,18,47716,Paid Social,Term Life,Variant A,25,0.0,0,2026-01-17
CUST-02443,34,84377,Paid Social,Term Life,Variant A,38,15.0,1,2026-03-31
CUST-02444,30,102783,Email,Whole Life,Variant A,94,16.48,1,2026-03-22
CUST-02445,49,53608,Paid Social,Term Life,Variant A,18,0.0,0,2026-02-25
CUST-02446,33,83425,Paid Search,Whole Life,Variant A,44,0.0,0,2026-03-24
CUST-02447,52,58954,Paid Search,Whole Life,Variant A,39,15.0,1,2026-01-27
CUST-02448,58,88102,Paid Search,Term Life,Variant A,46,0.0,0,2026-03-12
CUST-02449,51,25712,Paid Search,Whole Life,Control,86,0.0,0,2026-03-31
CUST-02450,39,25000,Paid Search,Term Life,Variant A,24,0.0,0,2026-03-10
CUST-02451,43,55218,Paid Search,Whole Life,Variant A,64,15.0,1,2026-01-02
CUST-02452,23,42776,Email,Term Life,Variant A,13,0.0,0,2026-03-21
CUST-02453,40,52082,Paid Social,Term Life,Variant A,37,0.0,0,2026-03-03
CUST-02454,31,59511,Paid Search,Whole Life,Control,53,15.0,1,2026-04-19
CUST-02455,50,83000,Paid Social,Accidental Death,Control,72,0.0,0,2026-03-16
CUST-02456,72,54808,Paid Search,Accidental Death,Control,8,0.0,0,2026-04-13
CUST-02457,47,44403,Paid Social,Whole Life,Variant A,52,15.0,1,2026-03-28
CUST-02458,18,56212,Paid Social,Term Life,Control,20,0.0,0,2026-04-09
CUST-02459,37,45771,Paid Social,Term Life,Variant A,51,0.0,0,2026-01-06
CUST-02460,43,41649,Paid Social,Term Life,Control,30,15.0,1,2026-04-11
CUST-02461,43,25000,Email,Term Life,Control,74,15.0,1,2026-03-06
CUST-02462,33,66736,Email,Term Life,Control,41,0.0,0,2026-04-07
CUST-02463,44,50782,Paid Social,Accidental Death,Control,26,0.0,0,2026-01-18
CUST-02464,27,89156,Paid Social,Term Life,Control,11,0.0,0,2026-02-24
CUST-02465,30,28815,Paid Social,Term Life,Variant A,46,0.0,0,2026-03-08
CUST-02466,49,51447,Paid Search,Term Life,Control,34,0.0,0,2026-02-26
CUST-02467,29,110322,Paid Search,Accidental Death,Control,78,0.0,0,2026-01-19
CUST-02468,48,41509,Paid Search,Whole Life,Variant A,83,15.0,1,2026-03-15
CUST-02469,25,59086,Paid Social,Whole Life,Control,10,0.0,0,2026-03-25
CUST-02470,63,34603,Paid Social,Term Life,Variant A,28,15.0,1,2026-01-11
CUST-02471,32,31289,Paid Search,Accidental Death,Variant A,70,0.0,0,2026-04-06
CUST-02472,39,103682,Email,Term Life,Variant A,44,0.0,0,2026-04-14
CUST-02473,45,69275,Email,Accidental Death,Variant A,19,0.0,0,2026-03-25
CUST-02474,35,68341,Paid Social,Whole Life,Control,57,15.0,1,2026-02-24
CUST-02475,43,25000,Paid Social,Term Life,Control,89,0.0,0,2026-04-06
CUST-02476,48,73968,Email,Term Life,Control,86,15.0,1,2026-04-17
CUST-02477,53,93935,Paid Search,Whole Life,Control,9,0.0,0,2026-02-06
CUST-02478,51,93736,Paid Social,Term Life,Control,93,0.0,0,2026-03-27
CUST-02479,39,81708,Paid Search,Accidental Death,Variant A,40,0.0,0,2026-04-30
CUST-02480,40,36762,Paid Social,Term Life,Control,78,0.0,0,2026-01-04
CUST-02481,70,72828,Paid Search,Term Life,Variant A,50,0.0,0,2026-01-13
CUST-02482,53,81689,Email,Term Life,Variant A,27,0.0,0,2026-03-11
CUST-02483,30,25000,Email,Term Life,Control,92,15.0,1,2026-04-03
CUST-02484,43,36968,Paid Search,Term Life,Control,49,0.0,0,2026-02-27
CUST-02485,37,87203,Paid Social,Term Life,Control,14,0.0,0,2026-01-02
CUST-02486,40,86901,Email,Whole Life,Variant A,58,17.08,1,2026-03-01
CUST-02487,27,26285,Paid Social,Term Life,Control,74,15.0,1,2026-03-30
CUST-02488,37,84875,Email,Accidental Death,Variant A,81,0.0,0,2026-02-01
CUST-02489,63,67382,Paid Social,Whole Life,Variant A,89,15.0,1,2026-03-04
CUST-02490,48,84525,Paid Search,Accidental Death,Variant A,36,0.0,0,2026-03-01
CUST-02491,18,49136,Paid Search,Term Life,Control,47,15.0,1,2026-01-26
CUST-02492,56,81129,Paid Search,Term Life,Variant A,19,0.0,0,2026-03-31
CUST-02493,55,86095,Paid Social,Term Life,Control,70,0.0,0,2026-04-12
CUST-02494,37,56216,Paid Search,Whole Life,Control,19,0.0,0,2026-01-22
CUST-02495,50,65443,Paid Social,Accidental Death,Control,85,0.0,0,2026-03-15
CUST-02496,31,48786,Paid Social,Term Life,Variant A,24,15.0,1,2026-03-28
CUST-02497,36,106290,Paid Social,Term Life,Variant A,54,0.0,0,2026-01-04
CUST-02498,59,61993,Email,Accidental Death,Control,10,0.0,0,2026-01-16
CUST-02499,38,41949,Email,Term Life,Variant A,83,15.0,1,2026-04-29
CUST-02500,19,47104,Paid Social,Whole Life,Control,21,0.0,0,2026-03-04
CUST-02501,41,68169,Email,Whole Life,Variant A,30,15.0,1,2026-02-11
CUST-02502,41,83833,Paid Social,Accidental Death,Control,26,0.0,0,2026-02-02
CUST-02503,56,31604,Paid Social,Term Life,Control,77,0.0,0,2026-01-13
CUST-02504,42,111191,Email,Term Life,Variant A,68,0.0,0,2026-02-15
CUST-02505,36,72716,Paid Search,Whole Life,Variant A,80,0.0,0,2026-04-29
CUST-02506,54,76661,Paid Search,Accidental Death,Control,90,15.0,1,2026-04-18
CUST-02507,43,62570,Email,Term Life,Variant A,62,15.0,1,2026-01-13
CUST-02508,32,65481,Paid Social,Term Life,Control,91,15.0,1,2026-02-02
CUST-02509,55,61292,Email,Whole Life,Control,41,0.0,0,2026-01-14
CUST-02510,44,90444,Email,Accidental Death,Control,82,0.0,0,2026-01-08
CUST-02511,42,64801,Paid Search,Accidental Death,Variant A,92,15.0,1,2026-03-31
CUST-02512,44,84176,Email,Accidental Death,Variant A,76,15.0,1,2026-03-27
CUST-02513,29,54153,Paid Social,Term Life,Control,94,15.0,1,2026-02-15
CUST-02514,35,69891,Paid Social,Term Life,Variant A,32,0.0,0,2026-01-01
CUST-02515,42,44901,Paid Social,Whole Life,Variant A,90,0.0,0,2026-02-28
CUST-02516,39,95413,Email,Accidental Death,Variant A,53,15.0,1,2026-03-01
CUST-02517,57,44156,Paid Search,Term Life,Variant A,77,15.0,1,2026-02-18
CUST-02518,44,56875,Paid Social,Term Life,Variant A,71,15.0,1,2026-03-21
CUST-02519,52,57125,Paid Social,Whole Life,Control,93,15.0,1,2026-04-18
CUST-02520,42,56151,Paid Social,Term Life,Control,80,15.0,1,2026-04-03
CUST-02521,54,83062,Paid Social,Term Life,Variant A,97,15.0,1,2026-03-02
CUST-02522,46,57083,Paid Search,Whole Life,Variant A,71,15.0,1,2026-04-26
CUST-02523,42,99848,Paid Search,Whole Life,Control,45,0.0,0,2026-01-23
CUST-02524,41,44538,Paid Search,Whole Life,Variant A,50,0.0,0,2026-01-05
CUST-02525,30,69234,Email,Term Life,Variant A,91,0.0,0,2026-03-26
CUST-02526,48,45605,Paid Search,Whole Life,Control,91,15.0,1,2026-04-30
CUST-02527,41,75524,Paid Search,Whole Life,Variant A,59,15.0,1,2026-02-19
CUST-02528,35,64601,Email,Whole Life,Control,86,0.0,0,2026-02-05
CUST-02529,55,61123,Paid Search,Whole Life,Variant A,15,0.0,0,2026-01-20
CUST-02530,26,94711,Email,Term Life,Variant A,30,0.0,0,2026-02-12
CUST-02531,36,48641,Paid Social,Term Life,Variant A,76,0.0,0,2026-01-08
CUST-02532,54,79662,Email,Term Life,Variant A,96,15.0,1,2026-04-28
CUST-02533,45,45776,Paid Search,Term Life,Control,86,0.0,0,2026-03-31
CUST-02534,41,67817,Paid Search,Whole Life,Control,17,0.0,0,2026-02-10
CUST-02535,45,35110,Paid Social,Accidental Death,Variant A,40,0.0,0,2026-01-25
CUST-02536,44,48437,Email,Whole Life,Variant A,68,15.0,1,2026-04-26
CUST-02537,23,62946,Paid Social,Whole Life,Variant A,55,15.0,1,2026-04-16
CUST-02538,37,110366,Paid Search,Term Life,Control,80,15.0,1,2026-01-07
CUST-02539,61,67520,Paid Social,Term Life,Variant A,26,0.0,0,2026-04-25
CUST-02540,34,106366,Paid Social,Term Life,Control,64,15.0,1,2026-03-27
CUST-02541,38,70508,Paid Social,Term Life,Control,6,0.0,0,2026-03-02
CUST-02542,35,55322,Paid Social,Term Life,Control,60,15.0,1,2026-02-02
CUST-02543,40,103483,Email,Whole Life,Variant A,44,0.0,0,2026-03-10
CUST-02544,35,75925,Paid Social,Accidental Death,Variant A,32,0.0,0,2026-02-07
CUST-02545,47,48931,Paid Search,Term Life,Variant A,81,15.0,1,2026-01-12
CUST-02546,44,76764,Paid Social,Term Life,Variant A,7,0.0,0,2026-02-13
CUST-02547,51,57685,Paid Search,Whole Life,Control,67,0.0,0,2026-02-22
CUST-02548,29,25000,Paid Social,Term Life,Variant A,27,0.0,0,2026-01-14
CUST-02549,37,88399,Paid Social,Accidental Death,Control,59,0.0,0,2026-03-12
CUST-02550,39,92373,Paid Search,Whole Life,Variant A,36,0.0,0,2026-04-02
CUST-02551,47,110948,Paid Search,Accidental Death,Control,88,15.0,1,2026-02-21
CUST-02552,32,75553,Paid Search,Term Life,Variant A,32,15.0,1,2026-04-27
CUST-02553,52,58781,Email,Whole Life,Variant A,12,0.0,0,2026-02-21
CUST-02554,56,85874,Email,Term Life,Control,7,0.0,0,2026-02-15
CUST-02555,30,86245,Paid Search,Whole Life,Control,98,15.0,1,2026-03-21
CUST-02556,36,105957,Email,Term Life,Control,93,15.0,1,2026-02-10
CUST-02557,35,63884,Paid Social,Term Life,Variant A,57,15.0,1,2026-01-02
CUST-02558,73,60860,Paid Search,Whole Life,Control,98,15.0,1,2026-02-18
CUST-02559,36,47111,Paid Search,Whole Life,Variant A,33,0.0,0,2026-04-05
CUST-02560,62,78436,Paid Social,Accidental Death,Control,98,15.0,1,2026-04-10
CUST-02561,26,26293,Paid Social,Whole Life,Control,93,15.0,1,2026-03-19
CUST-02562,30,84402,Paid Social,Whole Life,Variant A,85,15.0,1,2026-04-20
CUST-02563,33,79695,Paid Search,Term Life,Variant A,63,15.0,1,2026-01-28
CUST-02564,31,79626,Paid Search,Whole Life,Variant A,28,0.0,0,2026-04-21
CUST-02565,38,68455,Paid Social,Whole Life,Variant A,42,0.0,0,2026-02-01
CUST-02566,33,103324,Paid Search,Accidental Death,Variant A,32,0.0,0,2026-04-02
CUST-02567,32,86799,Paid Search,Accidental Death,Control,66,0.0,0,2026-03-17
CUST-02568,55,49823,Paid Search,Term Life,Control,55,15.0,1,2026-03-18
CUST-02569,56,50270,Email,Accidental Death,Control,11,0.0,0,2026-01-22
CUST-02570,53,43008,Email,Term Life,Control,27,0.0,0,2026-02-11
CUST-02571,48,78782,Paid Social,Term Life,Variant A,50,0.0,0,2026-04-22
CUST-02572,43,39996,Email,Whole Life,Variant A,94,0.0,0,2026-01-29
CUST-02573,36,92084,Paid Search,Term Life,Control,82,0.0,0,2026-04-04
CUST-02574,30,98074,Paid Social,Whole Life,Variant A,32,0.0,0,2026-03-20
CUST-02575,46,43024,Paid Search,Term Life,Variant A,28,0.0,0,2026-04-14
CUST-02576,27,60361,Paid Social,Term Life,Control,11,0.0,0,2026-03-09
CUST-02577,30,65415,Email,Whole Life,Variant A,83,15.0,1,2026-02-02
CUST-02578,55,87099,Paid Social,Whole Life,Control,53,16.48,1,2026-02-15
CUST-02579,64,105233,Paid Search,Accidental Death,Variant A,7,0.0,0,2026-01-09
CUST-02580,46,25000,Paid Social,Whole Life,Control,6,0.0,0,2026-04-25
CUST-02581,55,57045,Paid Search,Whole Life,Variant A,11,15.0,1,2026-02-07
CUST-02582,39,58349,Email,Term Life,Control,84,0.0,0,2026-03-21
CUST-02583,25,29983,Paid Social,Term Life,Variant A,25,0.0,0,2026-01-26
CUST-02584,49,52872,Paid Social,Term Life,Control,13,15.0,1,2026-04-30
CUST-02585,48,75694,Paid Social,Whole Life,Control,16,0.0,0,2026-02-12
CUST-02586,42,58033,Paid Social,Whole Life,Variant A,97,15.0,1,2026-02-22
CUST-02587,39,26384,Paid Search,Term Life,Variant A,28,0.0,0,2026-01-27
CUST-02588,53,136852,Paid Social,Whole Life,Variant A,37,0.0,0,2026-04-29
CUST-02589,30,71654,Paid Search,Whole Life,Variant A,82,0.0,0,2026-01-11
CUST-02590,32,67792,Paid Social,Term Life,Variant A,47,0.0,0,2026-04-20
CUST-02591,29,37551,Email,Term Life,Control,86,15.0,1,2026-04-17
CUST-02592,43,71517,Email,Accidental Death,Control,9,0.0,0,2026-01-26
CUST-02593,28,60894,Paid Social,Whole Life,Control,83,15.0,1,2026-03-19
CUST-02594,33,25000,Paid Social,Accidental Death,Variant A,75,15.0,1,2026-02-26
CUST-02595,33,38243,Paid Search,Term Life,Control,93,15.0,1,2026-01-01
CUST-02596,38,84873,Paid Social,Accidental Death,Control,18,0.0,0,2026-01-11
CUST-02597,24,113600,Paid Search,Term Life,Variant A,40,0.0,0,2026-01-30
CUST-02598,43,74179,Paid Social,Term Life,Control,39,0.0,0,2026-03-29
CUST-02599,56,92577,Paid Search,Accidental Death,Control,54,0.0,0,2026-04-24
CUST-02600,43,61106,Paid Search,Term Life,Variant A,92,15.0,1,2026-04-23
CUST-02601,60,62836,Paid Social,Whole Life,Control,83,15.0,1,2026-01-04
CUST-02602,58,92274,Paid Search,Term Life,Variant A,15,0.0,0,2026-03-27
CUST-02603,51,106569,Paid Social,Whole Life,Control,28,0.0,0,2026-04-20
CUST-02604,42,97527,Paid Search,Accidental Death,Control,79,0.0,0,2026-03-13
CUST-02605,42,38340,Paid Search,Term Life,Variant A,48,0.0,0,2026-04-21
CUST-02606,51,63326,Paid Social,Whole Life,Control,55,0.0,0,2026-03-21
CUST-02607,37,71938,Paid Search,Term Life,Control,21,0.0,0,2026-02-02
CUST-02608,19,58508,Paid Search,Whole Life,Variant A,74,15.0,1,2026-02-02
CUST-02609,47,74696,Paid Social,Term Life,Control,89,0.0,0,2026-03-15
CUST-02610,28,85514,Paid Search,Term Life,Control,12,0.0,0,2026-03-07
CUST-02611,30,90070,Email,Term Life,Control,83,15.0,1,2026-04-18
CUST-02612,42,107146,Paid Search,Term Life,Variant A,78,0.0,0,2026-01-04
CUST-02613,40,56763,Paid Search,Accidental Death,Control,32,0.0,0,2026-03-28
CUST-02614,25,30899,Paid Social,Term Life,Variant A,83,15.0,1,2026-02-20
CUST-02615,43,73955,Paid Search,Term Life,Control,16,0.0,0,2026-01-27
CUST-02616,53,112095,Paid Search,Term Life,Control,47,0.0,0,2026-02-02
CUST-02617,28,53075,Paid Search,Term Life,Variant A,86,15.0,1,2026-04-07
CUST-02618,57,82171,Paid Search,Whole Life,Control,41,15.81,1,2026-04-15
CUST-02619,23,82393,Email,Accidental Death,Control,92,15.0,1,2026-03-25
CUST-02620,67,69786,Paid Search,Term Life,Variant A,67,0.0,0,2026-03-18
CUST-02621,37,65173,Paid Social,Accidental Death,Variant A,97,15.0,1,2026-03-16
CUST-02622,43,41914,Email,Whole Life,Control,67,0.0,0,2026-03-24
CUST-02623,19,25000,Paid Social,Term Life,Control,14,0.0,0,2026-04-27
CUST-02624,41,37203,Email,Whole Life,Control,82,0.0,0,2026-04-23
CUST-02625,44,55242,Paid Search,Whole Life,Variant A,84,0.0,0,2026-02-01
CUST-02626,40,92435,Email,Whole Life,Variant A,41,0.0,0,2026-03-08
CUST-02627,35,62421,Paid Search,Accidental Death,Variant A,15,0.0,0,2026-04-26
CUST-02628,30,52024,Paid Social,Term Life,Control,94,0.0,0,2026-03-18
CUST-02629,55,42725,Paid Social,Accidental Death,Control,23,0.0,0,2026-01-28
CUST-02630,42,81420,Paid Search,Whole Life,Control,56,0.0,0,2026-03-27
CUST-02631,60,98958,Paid Social,Term Life,Control,22,0.0,0,2026-02-26
CUST-02632,35,91585,Paid Social,Whole Life,Variant A,98,15.0,1,2026-01-19
CUST-02633,36,80153,Paid Search,Term Life,Control,36,0.0,0,2026-01-31
CUST-02634,51,28109,Paid Search,Accidental Death,Variant A,27,0.0,0,2026-03-25
CUST-02635,22,56208,Paid Social,Whole Life,Variant A,16,0.0,0,2026-02-22
CUST-02636,27,113682,Paid Social,Term Life,Control,62,0.0,0,2026-03-29
CUST-02637,55,93048,Email,Term Life,Variant A,81,15.0,1,2026-02-01
CUST-02638,27,26562,Paid Social,Whole Life,Control,25,0.0,0,2026-01-09
CUST-02639,20,63610,Email,Term Life,Control,25,0.0,0,2026-02-20
CUST-02640,64,74077,Paid Social,Term Life,Control,97,15.0,1,2026-03-24
CUST-02641,25,45946,Paid Search,Term Life,Control,97,0.0,0,2026-01-23
CUST-02642,44,25000,Paid Search,Term Life,Control,95,15.0,1,2026-01-25
CUST-02643,42,67470,Paid Social,Term Life,Variant A,33,0.0,0,2026-04-07
CUST-02644,18,45306,Paid Social,Term Life,Variant A,83,15.0,1,2026-04-23
CUST-02645,38,45403,Paid Search,Term Life,Control,51,0.0,0,2026-02-15
CUST-02646,47,56132,Paid Search,Whole Life,Variant A,16,0.0,0,2026-02-13
CUST-02647,46,61658,Email,Whole Life,Variant A,62,0.0,0,2026-03-07
CUST-02648,52,64772,Paid Social,Term Life,Variant A,45,15.0,1,2026-04-28
CUST-02649,37,42900,Paid Social,Term Life,Control,23,0.0,0,2026-03-08
CUST-02650,50,59494,Paid Social,Whole Life,Control,16,0.0,0,2026-01-28
CUST-02651,33,25000,Paid Search,Term Life,Variant A,27,0.0,0,2026-04-30
CUST-02652,25,72775,Paid Search,Term Life,Variant A,9,0.0,0,2026-04-11
CUST-02653,26,25000,Paid Search,Term Life,Control,30,0.0,0,2026-04-09
CUST-02654,24,57762,Paid Search,Accidental Death,Variant A,67,15.0,1,2026-03-19
CUST-02655,54,87979,Paid Social,Whole Life,Control,56,0.0,0,2026-01-24
CUST-02656,23,38516,Paid Social,Whole Life,Variant A,14,0.0,0,2026-02-25
CUST-02657,45,82910,Email,Whole Life,Control,90,0.0,0,2026-02-19
CUST-02658,38,93893,Email,Whole Life,Variant A,43,0.0,0,2026-04-11
CUST-02659,40,25000,Paid Search,Term Life,Variant A,27,0.0,0,2026-01-03
CUST-02660,58,61215,Paid Social,Whole Life,Control,15,0.0,0,2026-01-23
CUST-02661,36,25000,Paid Social,Term Life,Control,96,15.0,1,2026-02-03
CUST-02662,49,62044,Email,Whole Life,Variant A,99,15.0,1,2026-01-09
CUST-02663,42,64820,Paid Search,Whole Life,Variant A,76,0.0,0,2026-03-23
CUST-02664,40,25000,Paid Social,Whole Life,Variant A,52,0.0,0,2026-02-28
CUST-02665,69,113120,Paid Social,Term Life,Variant A,96,15.0,1,2026-03-07
CUST-02666,24,72150,Paid Search,Term Life,Variant A,20,0.0,0,2026-01-22
CUST-02667,57,43774,Paid Search,Whole Life,Control,50,0.0,0,2026-04-25
CUST-02668,49,101634,Paid Social,Whole Life,Variant A,51,16.01,1,2026-02-04
CUST-02669,36,25000,Paid Social,Accidental Death,Control,99,15.0,1,2026-01-31
CUST-02670,61,34270,Paid Search,Term Life,Control,52,0.0,0,2026-03-31
CUST-02671,19,25000,Paid Social,Whole Life,Variant A,84,15.0,1,2026-04-24
CUST-02672,35,110026,Paid Search,Whole Life,Variant A,73,0.0,0,2026-03-19
CUST-02673,27,73308,Paid Social,Accidental Death,Control,29,0.0,0,2026-04-19
CUST-02674,46,81485,Paid Search,Whole Life,Control,81,15.0,1,2026-02-17
CUST-02675,28,72525,Email,Whole Life,Variant A,97,15.0,1,2026-02-22
CUST-02676,47,79344,Paid Search,Whole Life,Control,95,0.0,0,2026-04-02
CUST-02677,39,66951,Paid Search,Whole Life,Variant A,85,15.0,1,2026-03-16
CUST-02678,36,71773,Paid Search,Accidental Death,Variant A,41,0.0,0,2026-02-01
CUST-02679,46,67690,Paid Search,Term Life,Variant A,67,15.0,1,2026-03-26
CUST-02680,38,49785,Paid Social,Term Life,Control,33,0.0,0,2026-03-28
CUST-02681,28,63834,Paid Search,Accidental Death,Control,62,0.0,0,2026-04-30
CUST-02682,75,71839,Email,Whole Life,Variant A,98,15.0,1,2026-03-29
CUST-02683,36,67763,Paid Search,Whole Life,Control,35,0.0,0,2026-01-12
CUST-02684,18,28055,Paid Search,Term Life,Variant A,90,0.0,0,2026-03-03
CUST-02685,31,31375,Paid Search,Term Life,Control,93,0.0,0,2026-01-03
CUST-02686,26,92071,Paid Search,Whole Life,Control,72,15.99,1,2026-01-06
CUST-02687,51,57325,Paid Search,Whole Life,Variant A,45,0.0,0,2026-04-22
CUST-02688,45,79618,Paid Social,Term Life,Variant A,54,0.0,0,2026-01-12
CUST-02689,46,37697,Paid Social,Term Life,Control,48,15.0,1,2026-02-22
CUST-02690,37,28171,Paid Social,Accidental Death,Variant A,13,0.0,0,2026-01-20
CUST-02691,38,43910,Paid Social,Term Life,Variant A,63,15.0,1,2026-01-06
CUST-02692,37,59435,Paid Social,Accidental Death,Variant A,94,15.0,1,2026-03-25
CUST-02693,41,48371,Paid Search,Term Life,Control,95,15.0,1,2026-01-14
CUST-02694,52,97348,Paid Social,Whole Life,Control,31,0.0,0,2026-02-25
CUST-02695,46,69488,Email,Accidental Death,Variant A,86,0.0,0,2026-02-10
CUST-02696,48,111223,Paid Social,Whole Life,Control,98,0.0,0,2026-02-18
CUST-02697,47,75110,Paid Social,Term Life,Control,63,15.0,1,2026-04-18
CUST-02698,52,25000,Paid Search,Whole Life,Control,99,0.0,0,2026-03-06
CUST-02699,45,91401,Paid Social,Term Life,Control,7,0.0,0,2026-03-25
CUST-02700,46,27261,Paid Social,Term Life,Variant A,97,15.0,1,2026-03-27
CUST-02701,56,70763,Paid Social,Accidental Death,Control,11,0.0,0,2026-04-14
CUST-02702,34,45632,Email,Whole Life,Control,86,0.0,0,2026-04-05
CUST-02703,31,118567,Paid Search,Whole Life,Variant A,20,0.0,0,2026-01-31
CUST-02704,27,100989,Paid Search,Term Life,Variant A,53,0.0,0,2026-01-28
CUST-02705,44,46454,Paid Social,Term Life,Control,36,0.0,0,2026-01-12
CUST-02706,19,61816,Email,Term Life,Variant A,93,0.0,0,2026-01-16
CUST-02707,47,71114,Paid Search,Whole Life,Control,48,15.0,1,2026-04-07
CUST-02708,40,86585,Paid Search,Whole Life,Control,23,0.0,0,2026-02-04
CUST-02709,55,65728,Paid Search,Whole Life,Variant A,7,0.0,0,2026-02-13
CUST-02710,33,39377,Paid Search,Accidental Death,Variant A,64,0.0,0,2026-03-09
CUST-02711,39,47061,Paid Social,Term Life,Variant A,39,0.0,0,2026-01-10
CUST-02712,55,64887,Paid Social,Term Life,Variant A,33,15.0,1,2026-04-08
CUST-02713,58,95861,Paid Search,Term Life,Variant A,79,15.0,1,2026-04-15
CUST-02714,33,75695,Paid Search,Term Life,Variant A,74,15.0,1,2026-01-03
CUST-02715,44,45664,Paid Search,Term Life,Variant A,87,15.0,1,2026-01-31
CUST-02716,45,81209,Paid Search,Accidental Death,Variant A,49,0.0,0,2026-02-21
CUST-02717,46,55325,Paid Social,Term Life,Variant A,31,0.0,0,2026-04-05
CUST-02718,38,87260,Email,Accidental Death,Control,73,15.0,1,2026-04-26
CUST-02719,57,128175,Email,Term Life,Control,94,0.0,0,2026-03-06
CUST-02720,19,56029,Paid Search,Accidental Death,Control,39,15.0,1,2026-01-05
CUST-02721,36,85040,Email,Whole Life,Variant A,23,0.0,0,2026-01-05
CUST-02722,47,46365,Paid Social,Accidental Death,Variant A,21,0.0,0,2026-03-07
CUST-02723,47,62193,Paid Social,Term Life,Variant A,39,15.0,1,2026-01-15
CUST-02724,58,65739,Paid Social,Whole Life,Control,81,15.0,1,2026-03-06
CUST-02725,56,60157,Paid Search,Accidental Death,Control,82,15.0,1,2026-01-21
CUST-02726,38,126575,Paid Search,Term Life,Control,34,0.0,0,2026-04-11
CUST-02727,57,57335,Paid Search,Term Life,Variant A,52,15.0,1,2026-03-12
CUST-02728,33,79671,Paid Search,Term Life,Variant A,61,0.0,0,2026-01-11
CUST-02729,53,25000,Paid Search,Accidental Death,Variant A,21,0.0,0,2026-03-31
CUST-02730,63,75799,Paid Social,Whole Life,Control,19,0.0,0,2026-02-11
CUST-02731,56,93551,Paid Social,Whole Life,Control,86,19.98,1,2026-03-07
CUST-02732,43,51810,Paid Social,Term Life,Control,18,0.0,0,2026-04-04
CUST-02733,38,25000,Paid Search,Term Life,Control,18,0.0,0,2026-03-02
CUST-02734,23,64033,Email,Accidental Death,Variant A,49,0.0,0,2026-03-01
CUST-02735,45,65429,Email,Term Life,Control,42,0.0,0,2026-01-14
CUST-02736,28,83101,Paid Social,Whole Life,Variant A,67,0.0,0,2026-04-30
CUST-02737,32,115272,Email,Accidental Death,Variant A,79,0.0,0,2026-04-27
CUST-02738,27,55498,Paid Social,Term Life,Control,15,0.0,0,2026-01-05
CUST-02739,36,43592,Email,Whole Life,Control,52,0.0,0,2026-01-31
CUST-02740,41,35827,Paid Search,Term Life,Variant A,30,0.0,0,2026-02-17
CUST-02741,45,69951,Paid Search,Whole Life,Control,71,15.07,1,2026-02-01
CUST-02742,34,76983,Paid Search,Term Life,Variant A,29,0.0,0,2026-02-26
CUST-02743,54,51358,Paid Search,Whole Life,Control,85,15.0,1,2026-02-03
CUST-02744,39,84467,Paid Search,Term Life,Variant A,65,0.0,0,2026-03-15
CUST-02745,32,76634,Paid Social,Term Life,Control,90,0.0,0,2026-04-05
CUST-02746,44,66080,Paid Social,Whole Life,Variant A,97,15.0,1,2026-01-27
CUST-02747,65,42439,Paid Social,Term Life,Variant A,30,0.0,0,2026-03-23
CUST-02748,46,52953,Paid Search,Whole Life,Control,38,15.0,1,2026-01-05
CUST-02749,37,25000,Email,Term Life,Control,94,15.0,1,2026-01-17
CUST-02750,23,70894,Paid Social,Whole Life,Variant A,13,0.0,0,2026-03-16
CUST-02751,39,65658,Paid Search,Term Life,Control,44,0.0,0,2026-03-10
CUST-02752,44,69711,Paid Social,Whole Life,Variant A,79,15.07,1,2026-04-27
CUST-02753,37,77607,Paid Search,Term Life,Variant A,11,0.0,0,2026-02-25
CUST-02754,22,74645,Paid Search,Term Life,Control,34,15.0,1,2026-02-07
CUST-02755,31,62240,Email,Term Life,Control,70,15.0,1,2026-02-23
CUST-02756,59,66216,Paid Search,Whole Life,Control,34,0.0,0,2026-02-17
CUST-02757,59,29892,Paid Social,Term Life,Variant A,72,0.0,0,2026-04-11
CUST-02758,31,50406,Email,Accidental Death,Variant A,62,15.0,1,2026-03-26
CUST-02759,50,66261,Paid Social,Accidental Death,Variant A,59,0.0,0,2026-03-29
CUST-02760,27,46603,Paid Search,Term Life,Variant A,18,15.0,1,2026-04-04
CUST-02761,58,86503,Paid Search,Whole Life,Variant A,81,0.0,0,2026-03-21
CUST-02762,44,48534,Paid Search,Term Life,Control,93,15.0,1,2026-02-18
CUST-02763,53,70407,Paid Social,Term Life,Variant A,81,15.0,1,2026-02-10
CUST-02764,21,67914,Paid Social,Whole Life,Control,81,0.0,0,2026-01-22
CUST-02765,50,83656,Paid Search,Whole Life,Control,41,0.0,0,2026-02-26
CUST-02766,41,87519,Email,Whole Life,Variant A,48,0.0,0,2026-03-07
CUST-02767,52,82350,Paid Social,Term Life,Variant A,10,15.0,1,2026-01-19
CUST-02768,52,25000,Paid Search,Term Life,Control,30,0.0,0,2026-04-23
CUST-02769,42,94853,Paid Social,Term Life,Variant A,18,0.0,0,2026-04-11
CUST-02770,34,103182,Paid Social,Whole Life,Control,12,18.72,1,2026-01-02
CUST-02771,51,52946,Paid Search,Whole Life,Variant A,28,0.0,0,2026-03-16
CUST-02772,41,70916,Paid Search,Whole Life,Control,90,15.0,1,2026-02-02
CUST-02773,31,42729,Email,Term Life,Control,43,0.0,0,2026-03-14
CUST-02774,30,25000,Paid Social,Term Life,Variant A,53,0.0,0,2026-02-28
CUST-02775,24,46532,Paid Social,Term Life,Variant A,89,0.0,0,2026-03-30
CUST-02776,35,51496,Paid Social,Term Life,Variant A,67,0.0,0,2026-01-06
CUST-02777,55,56128,Paid Search,Term Life,Variant A,30,0.0,0,2026-01-11
CUST-02778,44,41027,Paid Search,Accidental Death,Variant A,14,0.0,0,2026-01-27
CUST-02779,35,46664,Paid Social,Accidental Death,Variant A,81,15.0,1,2026-03-13
CUST-02780,51,64724,Paid Search,Whole Life,Variant A,62,0.0,0,2026-02-14
CUST-02781,32,45744,Paid Search,Term Life,Variant A,18,0.0,0,2026-01-31
CUST-02782,43,78588,Email,Term Life,Variant A,77,15.0,1,2026-04-01
CUST-02783,39,82041,Email,Accidental Death,Control,75,0.0,0,2026-03-04
CUST-02784,51,124509,Paid Social,Term Life,Variant A,43,15.0,1,2026-02-13
CUST-02785,23,93141,Email,Accidental Death,Variant A,35,0.0,0,2026-02-10
CUST-02786,31,71077,Paid Search,Term Life,Control,54,0.0,0,2026-02-16
CUST-02787,22,49493,Email,Term Life,Variant A,20,0.0,0,2026-03-10
CUST-02788,38,72343,Paid Search,Accidental Death,Control,76,15.0,1,2026-03-20
CUST-02789,56,73164,Email,Term Life,Control,55,0.0,0,2026-01-02
CUST-02790,35,52167,Email,Whole Life,Variant A,19,0.0,0,2026-01-15
CUST-02791,35,84593,Paid Social,Whole Life,Control,93,15.0,1,2026-04-05
CUST-02792,52,30047,Email,Term Life,Variant A,42,15.0,1,2026-01-20
CUST-02793,54,58890,Paid Social,Term Life,Control,83,0.0,0,2026-01-03
CUST-02794,40,78896,Paid Search,Whole Life,Variant A,93,15.53,1,2026-04-16
CUST-02795,50,57810,Paid Social,Whole Life,Control,75,15.0,1,2026-02-08
CUST-02796,29,59831,Paid Social,Term Life,Control,94,15.0,1,2026-03-15
CUST-02797,58,61555,Paid Search,Accidental Death,Variant A,76,0.0,0,2026-03-31
CUST-02798,67,44109,Paid Social,Term Life,Control,86,15.0,1,2026-01-10
CUST-02799,48,94347,Email,Term Life,Control,25,0.0,0,2026-02-09
CUST-02800,18,39549,Paid Search,Term Life,Control,20,0.0,0,2026-01-13
CUST-02801,35,72953,Paid Social,Term Life,Control,71,15.0,1,2026-03-26
CUST-02802,49,75341,Email,Term Life,Control,69,15.0,1,2026-04-08
CUST-02803,36,41284,Email,Accidental Death,Control,17,15.0,1,2026-02-13
CUST-02804,57,66827,Email,Term Life,Variant A,68,0.0,0,2026-02-01
CUST-02805,49,42259,Paid Social,Term Life,Variant A,65,15.0,1,2026-03-14
CUST-02806,33,99776,Email,Term Life,Variant A,36,0.0,0,2026-01-30
CUST-02807,42,36530,Paid Social,Whole Life,Variant A,16,0.0,0,2026-01-01
CUST-02808,31,48652,Paid Search,Accidental Death,Control,99,15.0,1,2026-02-22
CUST-02809,39,34394,Paid Social,Term Life,Variant A,45,15.0,1,2026-03-17
CUST-02810,35,31057,Paid Social,Term Life,Control,70,15.0,1,2026-02-13
CUST-02811,56,104780,Paid Search,Term Life,Variant A,12,15.0,1,2026-02-04
CUST-02812,67,78569,Paid Social,Term Life,Control,63,15.0,1,2026-03-29
CUST-02813,24,68507,Paid Social,Term Life,Variant A,29,0.0,0,2026-02-09
CUST-02814,18,48585,Paid Search,Term Life,Variant A,9,0.0,0,2026-02-14
CUST-02815,39,87690,Paid Social,Term Life,Control,49,0.0,0,2026-03-01
CUST-02816,23,44394,Paid Social,Whole Life,Variant A,6,0.0,0,2026-04-23
CUST-02817,42,84840,Paid Social,Term Life,Control,46,0.0,0,2026-04-26
CUST-02818,50,43187,Paid Search,Accidental Death,Variant A,42,0.0,0,2026-03-04
CUST-02819,59,48887,Paid Search,Accidental Death,Variant A,7,0.0,0,2026-01-10
CUST-02820,44,83957,Paid Search,Whole Life,Control,50,0.0,0,2026-02-16
CUST-02821,39,86595,Email,Term Life,Control,26,0.0,0,2026-01-24
CUST-02822,18,79936,Paid Search,Term Life,Variant A,37,0.0,0,2026-02-26
CUST-02823,42,38758,Paid Social,Term Life,Variant A,36,0.0,0,2026-04-15
CUST-02824,42,53831,Paid Search,Whole Life,Variant A,21,0.0,0,2026-01-18
CUST-02825,49,68922,Paid Search,Term Life,Variant A,86,0.0,0,2026-02-26
CUST-02826,33,43767,Email,Accidental Death,Control,60,15.0,1,2026-03-13
CUST-02827,36,99274,Paid Social,Accidental Death,Variant A,7,0.0,0,2026-02-15
CUST-02828,24,25000,Paid Search,Term Life,Variant A,74,0.0,0,2026-02-12
CUST-02829,18,45531,Paid Social,Whole Life,Control,53,15.0,1,2026-03-18
CUST-02830,28,52260,Paid Search,Term Life,Control,59,0.0,0,2026-01-16
CUST-02831,23,25000,Paid Social,Term Life,Control,81,0.0,0,2026-01-14
CUST-02832,46,30094,Paid Social,Term Life,Variant A,35,0.0,0,2026-01-09
CUST-02833,35,80632,Paid Search,Term Life,Control,85,0.0,0,2026-03-14
CUST-02834,35,65757,Paid Search,Accidental Death,Variant A,25,0.0,0,2026-04-25
CUST-02835,30,104328,Paid Search,Term Life,Variant A,20,0.0,0,2026-03-10
CUST-02836,18,103630,Email,Term Life,Control,21,0.0,0,2026-04-21
CUST-02837,60,75826,Email,Whole Life,Control,5,0.0,0,2026-03-02
CUST-02838,29,72830,Paid Search,Whole Life,Control,76,15.0,1,2026-01-11
CUST-02839,37,66648,Paid Social,Term Life,Control,69,0.0,0,2026-01-19
CUST-02840,24,25000,Paid Search,Accidental Death,Control,70,0.0,0,2026-03-05
CUST-02841,53,30136,Paid Search,Whole Life,Variant A,41,0.0,0,2026-02-07
CUST-02842,43,67516,Paid Social,Term Life,Variant A,28,0.0,0,2026-01-10
CUST-02843,32,80400,Email,Term Life,Variant A,95,15.0,1,2026-01-16
CUST-02844,37,72241,Email,Term Life,Control,88,15.0,1,2026-04-03
CUST-02845,62,42688,Paid Social,Accidental Death,Variant A,66,0.0,0,2026-03-10
CUST-02846,41,88435,Paid Search,Whole Life,Variant A,25,0.0,0,2026-03-23
CUST-02847,39,102061,Paid Social,Accidental Death,Control,41,0.0,0,2026-04-25
CUST-02848,30,88449,Paid Search,Term Life,Control,39,0.0,0,2026-04-29
CUST-02849,19,89739,Paid Social,Term Life,Variant A,42,0.0,0,2026-02-11
CUST-02850,40,51019,Paid Search,Term Life,Variant A,57,15.0,1,2026-04-16
CUST-02851,45,91898,Paid Social,Term Life,Control,19,0.0,0,2026-02-13
CUST-02852,55,68643,Paid Search,Whole Life,Variant A,46,0.0,0,2026-02-22
CUST-02853,18,77788,Paid Search,Whole Life,Variant A,98,15.81,1,2026-02-04
CUST-02854,28,74135,Email,Term Life,Control,8,0.0,0,2026-02-05
CUST-02855,35,61962,Paid Search,Term Life,Control,43,0.0,0,2026-01-22
CUST-02856,41,43499,Paid Social,Term Life,Variant A,83,15.0,1,2026-01-24
CUST-02857,40,62946,Paid Search,Term Life,Control,27,15.0,1,2026-03-17
CUST-02858,40,89669,Paid Search,Term Life,Variant A,19,0.0,0,2026-04-13
CUST-02859,46,53963,Paid Search,Term Life,Control,94,15.0,1,2026-01-12
CUST-02860,31,87333,Paid Search,Term Life,Variant A,16,15.0,1,2026-02-04
CUST-02861,53,83426,Email,Term Life,Variant A,86,15.0,1,2026-02-19
CUST-02862,47,57526,Paid Search,Term Life,Control,74,0.0,0,2026-03-24
CUST-02863,38,99720,Email,Term Life,Control,86,0.0,0,2026-04-11
CUST-02864,61,56111,Paid Social,Whole Life,Variant A,58,15.0,1,2026-03-19
CUST-02865,60,102738,Paid Social,Term Life,Control,92,15.0,1,2026-03-28
CUST-02866,53,75853,Paid Social,Accidental Death,Variant A,42,15.0,1,2026-02-09
CUST-02867,18,64603,Paid Social,Term Life,Control,32,15.0,1,2026-01-22
CUST-02868,60,42804,Paid Social,Term Life,Control,83,0.0,0,2026-02-16
CUST-02869,51,62793,Paid Search,Term Life,Control,23,0.0,0,2026-04-22
CUST-02870,66,59906,Paid Search,Term Life,Control,73,0.0,0,2026-04-24
CUST-02871,56,33542,Email,Accidental Death,Control,68,15.0,1,2026-03-16
CUST-02872,60,59559,Email,Term Life,Variant A,8,0.0,0,2026-03-07
CUST-02873,52,44904,Email,Accidental Death,Variant A,85,0.0,0,2026-01-10
CUST-02874,58,79649,Paid Social,Accidental Death,Variant A,14,0.0,0,2026-02-12
CUST-02875,65,97657,Paid Social,Whole Life,Control,16,0.0,0,2026-03-10
CUST-02876,44,34327,Paid Social,Whole Life,Control,73,15.0,1,2026-04-04
CUST-02877,23,107807,Paid Social,Whole Life,Control,11,0.0,0,2026-03-26
CUST-02878,38,61786,Paid Search,Term Life,Control,48,15.0,1,2026-04-23
CUST-02879,46,40624,Paid Social,Whole Life,Variant A,27,0.0,0,2026-04-07
CUST-02880,42,83943,Paid Search,Term Life,Variant A,6,0.0,0,2026-01-25
CUST-02881,27,53838,Paid Search,Term Life,Control,98,15.0,1,2026-04-20
CUST-02882,22,62956,Email,Term Life,Variant A,41,0.0,0,2026-02-16
CUST-02883,33,54893,Paid Search,Whole Life,Control,73,0.0,0,2026-01-07
CUST-02884,51,44581,Paid Search,Accidental Death,Variant A,24,0.0,0,2026-04-14
CUST-02885,60,83099,Paid Search,Term Life,Variant A,94,15.0,1,2026-01-28
CUST-02886,52,57842,Email,Accidental Death,Control,48,15.0,1,2026-03-21
CUST-02887,54,29083,Paid Social,Term Life,Variant A,74,0.0,0,2026-02-14
CUST-02888,41,78776,Paid Social,Term Life,Variant A,97,15.0,1,2026-04-11
CUST-02889,21,34860,Email,Term Life,Control,78,15.0,1,2026-03-08
CUST-02890,36,36168,Email,Term Life,Variant A,55,0.0,0,2026-04-19
CUST-02891,38,94815,Paid Search,Term Life,Variant A,84,15.0,1,2026-03-24
CUST-02892,36,35091,Paid Social,Whole Life,Variant A,35,0.0,0,2026-01-12
CUST-02893,42,25000,Paid Social,Accidental Death,Variant A,45,0.0,0,2026-03-24
CUST-02894,47,80571,Paid Social,Term Life,Control,62,0.0,0,2026-04-23
CUST-02895,52,57403,Paid Search,Term Life,Control,9,0.0,0,2026-01-11
CUST-02896,38,59558,Email,Accidental Death,Control,37,0.0,0,2026-01-03
CUST-02897,19,57137,Paid Social,Whole Life,Control,47,0.0,0,2026-03-02
CUST-02898,36,70791,Paid Search,Term Life,Variant A,23,15.0,1,2026-03-07
CUST-02899,42,46182,Paid Social,Term Life,Control,36,0.0,0,2026-02-25
CUST-02900,56,101902,Paid Search,Accidental Death,Variant A,91,0.0,0,2026-04-20
CUST-02901,35,28094,Paid Search,Whole Life,Variant A,7,0.0,0,2026-01-26
CUST-02902,48,76121,Paid Social,Term Life,Variant A,5,0.0,0,2026-03-27
CUST-02903,45,81053,Paid Search,Term Life,Control,45,15.0,1,2026-04-27
CUST-02904,42,46008,Paid Social,Accidental Death,Control,96,0.0,0,2026-03-22
CUST-02905,53,39406,Paid Social,Term Life,Control,52,15.0,1,2026-02-03
CUST-02906,34,90429,Paid Search,Accidental Death,Variant A,43,0.0,0,2026-04-24
CUST-02907,35,40228,Email,Term Life,Variant A,9,0.0,0,2026-02-24
CUST-02908,41,49833,Paid Search,Whole Life,Control,81,0.0,0,2026-03-20
CUST-02909,34,87182,Paid Search,Term Life,Control,15,0.0,0,2026-03-17
CUST-02910,48,65868,Paid Search,Term Life,Variant A,26,0.0,0,2026-01-16
CUST-02911,33,25000,Paid Search,Accidental Death,Control,91,0.0,0,2026-03-21
CUST-02912,44,108676,Paid Search,Term Life,Variant A,68,0.0,0,2026-02-08
CUST-02913,40,51749,Paid Social,Whole Life,Variant A,16,0.0,0,2026-01-06
CUST-02914,44,54931,Email,Term Life,Variant A,57,15.0,1,2026-04-20
CUST-02915,36,71394,Paid Search,Term Life,Variant A,59,0.0,0,2026-03-13
CUST-02916,37,80626,Paid Social,Term Life,Variant A,57,0.0,0,2026-02-21
CUST-02917,43,114027,Paid Social,Whole Life,Control,25,0.0,0,2026-01-25
CUST-02918,44,25000,Email,Term Life,Variant A,23,15.0,1,2026-02-25
CUST-02919,41,85648,Paid Social,Term Life,Variant A,73,0.0,0,2026-03-24
CUST-02920,62,83575,Paid Search,Term Life,Control,92,15.0,1,2026-01-19
CUST-02921,30,61570,Paid Search,Whole Life,Control,98,0.0,0,2026-03-17
CUST-02922,41,84681,Paid Social,Whole Life,Control,76,15.0,1,2026-03-14
CUST-02923,23,88356,Email,Term Life,Variant A,70,0.0,0,2026-04-15
CUST-02924,46,30450,Paid Search,Term Life,Control,63,15.0,1,2026-04-03
CUST-02925,28,108744,Paid Search,Accidental Death,Variant A,53,0.0,0,2026-01-27
CUST-02926,38,26030,Email,Term Life,Control,63,0.0,0,2026-01-05
CUST-02927,37,36617,Email,Accidental Death,Variant A,27,0.0,0,2026-01-26
CUST-02928,45,58455,Email,Accidental Death,Variant A,7,0.0,0,2026-01-30
CUST-02929,35,113123,Paid Social,Whole Life,Control,60,21.82,1,2026-03-19
CUST-02930,34,57293,Paid Search,Term Life,Control,62,0.0,0,2026-04-07
CUST-02931,59,64201,Paid Social,Accidental Death,Control,92,0.0,0,2026-02-04
CUST-02932,45,100801,Paid Social,Whole Life,Variant A,66,19.05,1,2026-03-16
CUST-02933,35,57492,Paid Search,Whole Life,Variant A,22,0.0,0,2026-02-22
CUST-02934,38,35539,Paid Social,Term Life,Control,65,0.0,0,2026-03-09
CUST-02935,61,54569,Paid Social,Term Life,Control,41,15.0,1,2026-04-26
CUST-02936,39,99269,Paid Search,Term Life,Control,58,0.0,0,2026-02-02
CUST-02937,33,66771,Paid Social,Whole Life,Variant A,99,15.0,1,2026-03-11
CUST-02938,33,113266,Paid Social,Whole Life,Control,82,22.63,1,2026-01-28
CUST-02939,35,83448,Email,Term Life,Variant A,69,15.0,1,2026-03-15
CUST-02940,34,48879,Paid Search,Term Life,Variant A,18,0.0,0,2026-02-05
CUST-02941,26,66276,Paid Search,Term Life,Variant A,9,15.0,1,2026-02-18
CUST-02942,28,43669,Paid Social,Whole Life,Control,99,0.0,0,2026-03-31
CUST-02943,32,48289,Paid Search,Accidental Death,Control,99,15.0,1,2026-04-04
CUST-02944,49,176977,Paid Social,Term Life,Variant A,98,0.0,0,2026-03-27
CUST-02945,37,90465,Paid Social,Term Life,Control,66,0.0,0,2026-02-22
CUST-02946,39,86527,Paid Search,Term Life,Control,5,0.0,0,2026-03-10
CUST-02947,57,49420,Paid Social,Whole Life,Variant A,67,0.0,0,2026-01-02
CUST-02948,57,104239,Paid Social,Whole Life,Control,71,0.0,0,2026-04-07
CUST-02949,38,92485,Paid Search,Accidental Death,Control,24,0.0,0,2026-03-21
CUST-02950,34,112040,Email,Term Life,Variant A,47,0.0,0,2026-03-12
CUST-02951,31,110827,Email,Accidental Death,Variant A,89,15.0,1,2026-03-05
CUST-02952,50,28022,Paid Social,Term Life,Control,98,0.0,0,2026-01-21
CUST-02953,39,37254,Paid Social,Whole Life,Variant A,46,0.0,0,2026-02-04
CUST-02954,37,39905,Paid Social,Term Life,Variant A,98,15.0,1,2026-02-15
CUST-02955,32,41401,Email,Accidental Death,Variant A,73,0.0,0,2026-03-27
CUST-02956,32,73086,Paid Social,Whole Life,Control,78,15.0,1,2026-04-25
CUST-02957,45,50829,Paid Social,Whole Life,Variant A,92,0.0,0,2026-02-17
CUST-02958,26,116814,Email,Accidental Death,Control,43,0.0,0,2026-01-22
CUST-02959,53,112616,Paid Search,Term Life,Control,66,0.0,0,2026-01-06
CUST-02960,35,64838,Email,Term Life,Control,52,15.0,1,2026-04-30
CUST-02961,40,113883,Paid Search,Accidental Death,Control,10,0.0,0,2026-02-02
CUST-02962,25,102203,Paid Search,Term Life,Variant A,78,15.0,1,2026-02-08
CUST-02963,41,53732,Paid Search,Term Life,Variant A,46,0.0,0,2026-02-12
CUST-02964,38,25000,Email,Term Life,Control,62,0.0,0,2026-01-25
CUST-02965,41,59550,Email,Whole Life,Control,47,0.0,0,2026-01-18
CUST-02966,59,48884,Paid Social,Term Life,Control,14,0.0,0,2026-02-10
CUST-02967,44,70162,Paid Social,Term Life,Control,93,15.0,1,2026-04-28
CUST-02968,32,67230,Paid Social,Term Life,Control,82,0.0,0,2026-02-04
CUST-02969,33,66575,Email,Term Life,Control,43,0.0,0,2026-01-24
CUST-02970,49,78092,Paid Social,Accidental Death,Control,17,0.0,0,2026-02-24
CUST-02971,57,34686,Paid Search,Accidental Death,Control,79,0.0,0,2026-04-14
CUST-02972,45,75284,Paid Search,Whole Life,Variant A,43,15.0,1,2026-02-09
CUST-02973,50,54009,Paid Social,Term Life,Control,15,0.0,0,2026-03-28
CUST-02974,49,69999,Paid Social,Accidental Death,Control,20,0.0,0,2026-04-07
CUST-02975,59,88935,Paid Search,Whole Life,Control,37,0.0,0,2026-01-29
CUST-02976,18,34390,Paid Search,Term Life,Control,64,0.0,0,2026-01-10
CUST-02977,50,57967,Email,Accidental Death,Variant A,63,0.0,0,2026-03-20
CUST-02978,53,62036,Paid Search,Whole Life,Variant A,78,15.0,1,2026-01-10
CUST-02979,25,52143,Paid Social,Whole Life,Variant A,55,0.0,0,2026-03-31
CUST-02980,31,87495,Email,Whole Life,Variant A,19,0.0,0,2026-04-14
CUST-02981,31,46990,Paid Social,Term Life,Control,84,15.0,1,2026-03-05
CUST-02982,33,51114,Paid Search,Term Life,Control,47,0.0,0,2026-04-27
CUST-02983,36,47252,Paid Social,Whole Life,Variant A,31,0.0,0,2026-01-29
CUST-02984,44,92301,Email,Term Life,Variant A,60,0.0,0,2026-04-08
CUST-02985,52,52688,Paid Social,Term Life,Variant A,64,0.0,0,2026-01-18
CUST-02986,54,76501,Email,Whole Life,Control,74,16.43,1,2026-01-02
CUST-02987,31,114392,Paid Search,Whole Life,Control,51,17.36,1,2026-01-25
CUST-02988,31,63129,Paid Social,Term Life,Control,12,15.0,1,2026-03-26
CUST-02989,57,92801,Paid Social,Whole Life,Control,67,0.0,0,2026-02-20
CUST-02990,49,106783,Email,Accidental Death,Variant A,93,15.0,1,2026-04-05
CUST-02991,42,90679,Paid Search,Whole Life,Control,11,0.0,0,2026-01-22
CUST-02992,47,64579,Email,Term Life,Control,85,15.0,1,2026-01-09
CUST-02993,41,81052,Paid Social,Term Life,Variant A,98,0.0,0,2026-04-01
CUST-02994,48,32815,Paid Search,Term Life,Control,6,0.0,0,2026-03-30
CUST-02995,37,45498,Paid Search,Term Life,Control,21,0.0,0,2026-03-30
CUST-02996,45,49883,Email,Term Life,Control,8,0.0,0,2026-04-01
CUST-02997,23,121015,Paid Search,Term Life,Control,30,0.0,0,2026-03-15
CUST-02998,33,44685,Paid Search,Term Life,Control,82,15.0,1,2026-04-04
CUST-02999,33,44313,Paid Search,Accidental Death,Variant A,76,0.0,0,2026-01-04
CUST-03000,37,38901,Email,Term Life,Variant A,73,0.0,0,2026-01-21
CUST-03001,30,78995,Paid Social,Whole Life,Variant A,9,17.0,1,2026-01-30
CUST-03002,35,68565,Paid Social,Whole Life,Variant A,9,0.0,0,2026-02-02
CUST-03003,23,92168,Paid Search,Term Life,Variant A,95,15.0,1,2026-02-12
CUST-03004,48,81781,Paid Social,Accidental Death,Control,73,15.0,1,2026-03-31
CUST-03005,41,30490,Paid Social,Whole Life,Variant A,7,0.0,0,2026-04-28
CUST-03006,21,44818,Email,Term Life,Control,42,0.0,0,2026-01-02
CUST-03007,31,99133,Email,Whole Life,Control,98,16.53,1,2026-03-28
CUST-03008,46,59917,Paid Search,Term Life,Control,5,0.0,0,2026-01-31
CUST-03009,35,94689,Paid Social,Whole Life,Control,12,0.0,0,2026-01-04
CUST-03010,33,61257,Paid Search,Term Life,Variant A,17,0.0,0,2026-02-16
CUST-03011,41,40808,Paid Social,Accidental Death,Control,88,15.0,1,2026-03-25
CUST-03012,46,57418,Paid Search,Term Life,Control,74,0.0,0,2026-03-30
CUST-03013,24,40798,Paid Search,Whole Life,Variant A,54,15.0,1,2026-02-14
CUST-03014,48,50861,Paid Search,Term Life,Control,12,0.0,0,2026-03-06
CUST-03015,32,70023,Paid Social,Whole Life,Variant A,34,15.0,1,2026-04-28
CUST-03016,41,77790,Paid Search,Whole Life,Variant A,44,15.0,1,2026-03-07
CUST-03017,41,25245,Paid Social,Term Life,Control,83,15.0,1,2026-01-06
CUST-03018,35,64565,Paid Social,Whole Life,Control,78,0.0,0,2026-01-07
CUST-03019,29,50334,Paid Search,Term Life,Control,37,0.0,0,2026-02-20
CUST-03020,38,48789,Paid Social,Accidental Death,Control,77,0.0,0,2026-03-09
CUST-03021,61,68317,Paid Search,Term Life,Control,56,0.0,0,2026-01-18
CUST-03022,25,51238,Paid Social,Accidental Death,Control,37,0.0,0,2026-04-29
CUST-03023,62,99553,Paid Social,Accidental Death,Variant A,77,15.0,1,2026-02-10
CUST-03024,38,94701,Paid Search,Term Life,Control,82,0.0,0,2026-04-27
CUST-03025,42,94545,Paid Search,Term Life,Control,41,15.0,1,2026-04-17
CUST-03026,28,52627,Paid Search,Term Life,Control,74,0.0,0,2026-03-10
CUST-03027,32,40937,Email,Accidental Death,Variant A,73,15.0,1,2026-01-25
CUST-03028,35,67050,Paid Social,Term Life,Control,8,0.0,0,2026-02-25
CUST-03029,29,61241,Paid Social,Whole Life,Control,64,0.0,0,2026-01-01
CUST-03030,39,49779,Paid Social,Accidental Death,Control,84,0.0,0,2026-04-08
CUST-03031,37,35606,Paid Search,Term Life,Control,78,0.0,0,2026-02-24
CUST-03032,64,63962,Paid Social,Whole Life,Control,35,0.0,0,2026-01-03
CUST-03033,28,54898,Paid Social,Term Life,Variant A,99,15.0,1,2026-02-23
CUST-03034,43,82208,Paid Search,Term Life,Variant A,18,0.0,0,2026-03-22
CUST-03035,44,81627,Paid Search,Whole Life,Variant A,81,15.0,1,2026-02-01
CUST-03036,29,92519,Paid Search,Term Life,Variant A,64,0.0,0,2026-03-29
CUST-03037,50,33517,Paid Social,Term Life,Variant A,72,0.0,0,2026-01-02
CUST-03038,37,75026,Email,Accidental Death,Variant A,30,0.0,0,2026-03-06
CUST-03039,18,46813,Paid Search,Term Life,Control,28,0.0,0,2026-04-08
CUST-03040,49,34489,Paid Social,Accidental Death,Variant A,60,15.0,1,2026-01-08
CUST-03041,28,54284,Paid Search,Accidental Death,Control,13,0.0,0,2026-04-19
CUST-03042,29,91717,Email,Term Life,Control,39,0.0,0,2026-02-27
CUST-03043,50,55692,Paid Search,Term Life,Control,83,0.0,0,2026-04-20
CUST-03044,37,104136,Paid Social,Whole Life,Variant A,28,0.0,0,2026-02-22
CUST-03045,53,78721,Paid Social,Term Life,Control,35,15.0,1,2026-02-13
CUST-03046,56,55147,Paid Social,Term Life,Variant A,87,15.0,1,2026-03-14
CUST-03047,34,94001,Paid Social,Whole Life,Variant A,70,19.27,1,2026-01-28
CUST-03048,51,76134,Paid Search,Term Life,Control,70,15.0,1,2026-01-19
CUST-03049,32,41686,Paid Search,Accidental Death,Control,45,15.0,1,2026-02-25
CUST-03050,68,111470,Paid Search,Term Life,Control,40,0.0,0,2026-01-20
CUST-03051,33,71486,Paid Search,Term Life,Control,38,0.0,0,2026-03-12
CUST-03052,54,65469,Paid Social,Term Life,Variant A,43,15.0,1,2026-04-16
CUST-03053,52,43611,Paid Search,Accidental Death,Variant A,87,0.0,0,2026-02-25
CUST-03054,45,94488,Paid Search,Whole Life,Control,27,0.0,0,2026-02-04
CUST-03055,33,77931,Paid Social,Accidental Death,Variant A,84,15.0,1,2026-01-19
CUST-03056,40,80730,Email,Term Life,Variant A,48,15.0,1,2026-03-22
CUST-03057,18,52311,Paid Social,Term Life,Control,74,15.0,1,2026-04-14
CUST-03058,44,85852,Paid Search,Term Life,Variant A,62,15.0,1,2026-03-04
CUST-03059,46,87795,Paid Search,Term Life,Control,63,0.0,0,2026-03-23
CUST-03060,43,48280,Email,Whole Life,Variant A,30,0.0,0,2026-01-07
CUST-03061,18,29575,Paid Search,Whole Life,Control,26,0.0,0,2026-01-27
CUST-03062,26,79534,Paid Search,Term Life,Variant A,92,15.0,1,2026-02-08
CUST-03063,33,25666,Paid Social,Accidental Death,Control,44,15.0,1,2026-01-30
CUST-03064,45,68800,Paid Social,Term Life,Variant A,89,15.0,1,2026-01-23
CUST-03065,45,53818,Paid Social,Accidental Death,Control,98,0.0,0,2026-03-25
CUST-03066,39,95466,Paid Search,Term Life,Control,15,0.0,0,2026-01-23
CUST-03067,49,55178,Paid Search,Term Life,Control,13,0.0,0,2026-03-31
CUST-03068,29,92681,Email,Term Life,Variant A,16,0.0,0,2026-04-22
CUST-03069,49,52144,Paid Search,Term Life,Variant A,30,0.0,0,2026-02-16
CUST-03070,47,89999,Paid Social,Whole Life,Variant A,42,0.0,0,2026-03-19
CUST-03071,46,116508,Paid Social,Term Life,Variant A,7,0.0,0,2026-02-17
CUST-03072,39,38298,Paid Social,Term Life,Variant A,19,0.0,0,2026-04-05
CUST-03073,63,72300,Paid Search,Whole Life,Control,51,0.0,0,2026-04-01
CUST-03074,47,133719,Paid Search,Whole Life,Control,9,0.0,0,2026-03-04
CUST-03075,30,66664,Paid Social,Accidental Death,Variant A,58,15.0,1,2026-04-30
CUST-03076,44,66544,Email,Term Life,Variant A,28,0.0,0,2026-01-09
CUST-03077,51,84712,Email,Whole Life,Control,15,0.0,0,2026-01-23
CUST-03078,34,66027,Paid Search,Whole Life,Variant A,37,15.0,1,2026-04-28
CUST-03079,55,25000,Paid Search,Term Life,Variant A,91,0.0,0,2026-04-27
CUST-03080,46,93307,Email,Term Life,Variant A,78,15.0,1,2026-03-04
CUST-03081,18,25000,Paid Social,Term Life,Variant A,61,0.0,0,2026-03-15
CUST-03082,45,54580,Email,Term Life,Control,56,15.0,1,2026-02-16
CUST-03083,37,95185,Paid Search,Term Life,Variant A,68,0.0,0,2026-03-28
CUST-03084,48,56086,Paid Social,Term Life,Control,47,15.0,1,2026-03-15
CUST-03085,53,47657,Paid Social,Whole Life,Control,96,15.0,1,2026-03-07
CUST-03086,44,86981,Paid Social,Whole Life,Control,85,0.0,0,2026-02-06
CUST-03087,61,43722,Paid Social,Accidental Death,Variant A,48,15.0,1,2026-04-14
CUST-03088,39,34444,Paid Search,Whole Life,Variant A,94,15.0,1,2026-04-12
CUST-03089,49,71862,Paid Social,Term Life,Variant A,93,15.0,1,2026-02-07
CUST-03090,51,60426,Paid Search,Accidental Death,Variant A,40,0.0,0,2026-01-01
CUST-03091,40,33908,Paid Social,Accidental Death,Variant A,16,0.0,0,2026-02-17
CUST-03092,51,80923,Email,Term Life,Control,60,15.0,1,2026-03-23
CUST-03093,34,76612,Paid Search,Whole Life,Variant A,7,0.0,0,2026-02-04
CUST-03094,36,56006,Email,Accidental Death,Control,54,0.0,0,2026-03-12
CUST-03095,26,57716,Paid Search,Whole Life,Variant A,33,0.0,0,2026-04-18
CUST-03096,44,76759,Paid Social,Accidental Death,Control,92,0.0,0,2026-04-16
CUST-03097,45,94759,Email,Term Life,Control,87,15.0,1,2026-03-27
CUST-03098,56,57930,Paid Search,Term Life,Control,81,15.0,1,2026-02-22
CUST-03099,51,81367,Paid Search,Term Life,Variant A,20,0.0,0,2026-01-25
CUST-03100,38,79130,Paid Social,Whole Life,Control,44,15.0,1,2026-02-11
CUST-03101,27,86982,Paid Search,Accidental Death,Control,31,0.0,0,2026-01-23
CUST-03102,47,65982,Paid Social,Accidental Death,Variant A,74,15.0,1,2026-01-09
CUST-03103,55,42191,Email,Term Life,Control,46,15.0,1,2026-01-27
CUST-03104,51,53437,Paid Social,Term Life,Variant A,61,0.0,0,2026-03-16
CUST-03105,55,73571,Paid Search,Accidental Death,Variant A,14,0.0,0,2026-02-20
CUST-03106,39,110461,Paid Social,Whole Life,Variant A,42,18.36,1,2026-04-01
CUST-03107,36,52899,Paid Social,Term Life,Control,12,0.0,0,2026-04-14
CUST-03108,33,85119,Paid Search,Term Life,Control,22,0.0,0,2026-04-02
CUST-03109,41,56798,Paid Social,Whole Life,Control,21,0.0,0,2026-02-26
CUST-03110,41,67761,Paid Social,Whole Life,Control,62,0.0,0,2026-03-23
CUST-03111,44,102884,Paid Social,Term Life,Control,70,15.0,1,2026-02-05
CUST-03112,40,84107,Paid Search,Term Life,Variant A,48,0.0,0,2026-02-03
CUST-03113,40,33967,Paid Social,Accidental Death,Variant A,88,15.0,1,2026-01-13
CUST-03114,32,50688,Paid Search,Whole Life,Control,78,0.0,0,2026-02-24
CUST-03115,53,96405,Paid Search,Term Life,Control,13,15.0,1,2026-02-15
CUST-03116,42,68546,Email,Term Life,Variant A,52,15.0,1,2026-02-21
CUST-03117,39,36278,Paid Social,Whole Life,Control,43,15.0,1,2026-04-04
CUST-03118,33,44526,Paid Search,Term Life,Variant A,93,15.0,1,2026-01-28
CUST-03119,26,82587,Paid Search,Term Life,Control,93,15.0,1,2026-03-27
CUST-03120,57,89860,Paid Search,Whole Life,Variant A,92,0.0,0,2026-03-29
CUST-03121,48,65446,Paid Search,Term Life,Variant A,10,0.0,0,2026-04-21
CUST-03122,22,126882,Paid Search,Whole Life,Variant A,34,22.74,1,2026-01-30
CUST-03123,51,85603,Paid Search,Term Life,Control,78,15.0,1,2026-02-14
CUST-03124,53,58912,Paid Social,Whole Life,Control,99,15.0,1,2026-02-07
CUST-03125,43,44607,Paid Social,Term Life,Variant A,22,0.0,0,2026-01-20
CUST-03126,61,40627,Paid Social,Term Life,Variant A,47,0.0,0,2026-03-11
CUST-03127,44,73385,Paid Social,Term Life,Variant A,37,0.0,0,2026-04-07
CUST-03128,24,52780,Paid Search,Accidental Death,Variant A,57,15.0,1,2026-02-16
CUST-03129,46,106843,Email,Accidental Death,Control,60,0.0,0,2026-04-12
CUST-03130,44,101657,Email,Term Life,Control,23,15.0,1,2026-02-28
CUST-03131,34,80826,Email,Whole Life,Control,91,15.0,1,2026-03-20
CUST-03132,48,35525,Email,Whole Life,Variant A,73,0.0,0,2026-03-20
CUST-03133,21,48194,Email,Accidental Death,Control,30,0.0,0,2026-04-06
CUST-03134,53,96391,Paid Social,Term Life,Control,33,0.0,0,2026-01-14
CUST-03135,31,50923,Paid Search,Whole Life,Variant A,28,15.0,1,2026-02-11
CUST-03136,30,93053,Paid Social,Term Life,Variant A,10,0.0,0,2026-03-02
CUST-03137,40,76865,Paid Social,Term Life,Variant A,58,0.0,0,2026-02-28
CUST-03138,47,66292,Paid Social,Accidental Death,Variant A,43,0.0,0,2026-01-08
CUST-03139,43,47429,Paid Social,Whole Life,Variant A,8,0.0,0,2026-04-10
CUST-03140,33,62643,Paid Search,Term Life,Control,62,0.0,0,2026-02-26
CUST-03141,35,69741,Paid Search,Term Life,Control,52,15.0,1,2026-01-22
CUST-03142,28,90813,Email,Whole Life,Variant A,64,17.41,1,2026-04-12
CUST-03143,39,42856,Paid Social,Whole Life,Control,30,0.0,0,2026-03-25
CUST-03144,54,58429,Paid Social,Term Life,Control,83,15.0,1,2026-03-29
CUST-03145,41,66120,Paid Search,Accidental Death,Control,81,0.0,0,2026-01-21
CUST-03146,52,81566,Paid Search,Term Life,Variant A,44,0.0,0,2026-01-28
CUST-03147,59,42288,Email,Term Life,Control,90,0.0,0,2026-02-18
CUST-03148,34,32085,Paid Social,Accidental Death,Control,81,15.0,1,2026-01-23
CUST-03149,39,81849,Paid Social,Term Life,Control,60,0.0,0,2026-03-29
CUST-03150,68,27051,Paid Social,Term Life,Control,43,15.0,1,2026-02-23
CUST-03151,59,97124,Paid Social,Whole Life,Variant A,85,21.04,1,2026-04-13
CUST-03152,21,61101,Paid Search,Accidental Death,Variant A,43,15.0,1,2026-04-18
CUST-03153,46,26311,Paid Social,Term Life,Variant A,52,0.0,0,2026-01-23
CUST-03154,42,52989,Paid Social,Accidental Death,Variant A,29,0.0,0,2026-03-09
CUST-03155,51,74478,Paid Social,Whole Life,Control,38,15.0,1,2026-02-15
CUST-03156,33,51682,Paid Social,Term Life,Variant A,25,0.0,0,2026-03-09
CUST-03157,31,65500,Email,Whole Life,Control,29,15.0,1,2026-04-04
CUST-03158,33,83501,Paid Search,Term Life,Variant A,93,0.0,0,2026-04-22
CUST-03159,35,59945,Email,Term Life,Control,26,0.0,0,2026-01-28
CUST-03160,51,41573,Paid Search,Whole Life,Variant A,27,15.0,1,2026-04-05
CUST-03161,27,57525,Paid Social,Accidental Death,Control,29,0.0,0,2026-04-07
CUST-03162,34,100371,Paid Search,Term Life,Control,82,15.0,1,2026-02-19
CUST-03163,20,107126,Paid Search,Term Life,Variant A,82,0.0,0,2026-03-24
CUST-03164,54,25000,Paid Social,Term Life,Variant A,30,0.0,0,2026-04-27
CUST-03165,57,92275,Paid Search,Term Life,Variant A,34,15.0,1,2026-03-04
CUST-03166,38,71253,Paid Social,Term Life,Variant A,94,15.0,1,2026-01-10
CUST-03167,38,88099,Email,Term Life,Control,42,0.0,0,2026-03-30
CUST-03168,47,51237,Paid Search,Whole Life,Variant A,90,15.0,1,2026-02-06
CUST-03169,59,25000,Paid Social,Term Life,Control,38,0.0,0,2026-01-13
CUST-03170,46,79612,Paid Social,Term Life,Variant A,93,15.0,1,2026-03-11
CUST-03171,33,41475,Paid Social,Accidental Death,Variant A,81,15.0,1,2026-01-30
CUST-03172,22,30292,Paid Search,Accidental Death,Variant A,97,15.0,1,2026-03-28
CUST-03173,28,32039,Paid Search,Term Life,Control,77,0.0,0,2026-04-10
CUST-03174,42,80022,Paid Search,Term Life,Control,19,0.0,0,2026-03-21
CUST-03175,34,68486,Paid Search,Whole Life,Control,99,15.0,1,2026-03-13
CUST-03176,44,84561,Paid Search,Term Life,Control,48,0.0,0,2026-03-21
CUST-03177,35,81726,Paid Social,Term Life,Control,95,15.0,1,2026-01-11
CUST-03178,29,54476,Email,Whole Life,Variant A,99,15.0,1,2026-04-28
CUST-03179,27,63238,Email,Term Life,Control,14,0.0,0,2026-01-01
CUST-03180,60,52214,Paid Social,Term Life,Variant A,41,0.0,0,2026-03-27
CUST-03181,52,59741,Paid Search,Term Life,Control,11,0.0,0,2026-01-18
CUST-03182,62,40818,Paid Search,Term Life,Control,36,0.0,0,2026-04-10
CUST-03183,48,74762,Paid Search,Term Life,Variant A,15,15.0,1,2026-01-11
CUST-03184,36,91878,Paid Search,Accidental Death,Variant A,52,15.0,1,2026-03-25
CUST-03185,57,44584,Paid Social,Term Life,Control,96,15.0,1,2026-01-10
CUST-03186,41,97031,Paid Social,Term Life,Control,72,0.0,0,2026-02-17
CUST-03187,44,67838,Paid Search,Term Life,Control,52,0.0,0,2026-03-02
CUST-03188,41,71026,Paid Search,Accidental Death,Variant A,49,15.0,1,2026-01-10
CUST-03189,18,25000,Email,Whole Life,Variant A,99,0.0,0,2026-04-11
CUST-03190,61,25000,Paid Social,Term Life,Variant A,97,15.0,1,2026-03-01
CUST-03191,47,68602,Paid Search,Accidental Death,Control,37,0.0,0,2026-04-24
CUST-03192,45,84743,Email,Term Life,Variant A,8,0.0,0,2026-01-22
CUST-03193,41,48215,Email,Term Life,Variant A,51,15.0,1,2026-03-16
CUST-03194,43,106752,Paid Search,Term Life,Variant A,94,0.0,0,2026-04-09
CUST-03195,34,83373,Paid Search,Term Life,Control,57,0.0,0,2026-01-09
CUST-03196,49,42291,Paid Social,Term Life,Variant A,35,15.0,1,2026-01-15
CUST-03197,26,65771,Email,Whole Life,Variant A,35,15.0,1,2026-04-28
CUST-03198,44,126923,Email,Term Life,Variant A,31,0.0,0,2026-04-25
CUST-03199,48,33935,Paid Search,Whole Life,Control,93,15.0,1,2026-03-24
CUST-03200,39,78206,Paid Search,Term Life,Variant A,52,15.0,1,2026-02-06
CUST-03201,46,56931,Paid Social,Term Life,Variant A,40,15.0,1,2026-03-11
CUST-03202,30,82672,Paid Social,Term Life,Variant A,53,0.0,0,2026-04-10
CUST-03203,30,96681,Paid Search,Accidental Death,Variant A,35,0.0,0,2026-02-13
CUST-03204,44,55344,Email,Term Life,Variant A,48,15.0,1,2026-03-10
CUST-03205,50,92972,Paid Social,Whole Life,Variant A,63,0.0,0,2026-01-03
CUST-03206,19,120530,Email,Term Life,Control,27,0.0,0,2026-01-10
CUST-03207,48,66656,Email,Term Life,Control,72,0.0,0,2026-03-18
CUST-03208,35,84622,Paid Social,Term Life,Variant A,96,15.0,1,2026-01-04
CUST-03209,39,50238,Paid Social,Term Life,Control,46,15.0,1,2026-02-25
CUST-03210,25,65481,Paid Social,Term Life,Variant A,46,15.0,1,2026-02-09
CUST-03211,31,60583,Paid Search,Term Life,Variant A,17,15.0,1,2026-02-02
CUST-03212,53,84923,Paid Social,Whole Life,Variant A,5,0.0,0,2026-04-26
CUST-03213,42,95116,Paid Search,Term Life,Variant A,80,0.0,0,2026-04-08
CUST-03214,37,62258,Paid Social,Whole Life,Control,57,0.0,0,2026-04-10
CUST-03215,40,103340,Paid Search,Term Life,Control,44,0.0,0,2026-04-27
CUST-03216,47,103251,Paid Search,Whole Life,Control,94,19.15,1,2026-02-02
CUST-03217,47,86171,Paid Search,Whole Life,Variant A,50,0.0,0,2026-03-01
CUST-03218,41,52099,Paid Search,Term Life,Variant A,91,15.0,1,2026-01-21
CUST-03219,55,49704,Paid Social,Term Life,Control,26,15.0,1,2026-04-13
CUST-03220,53,44690,Paid Social,Whole Life,Control,56,15.0,1,2026-03-10
CUST-03221,46,88729,Paid Social,Accidental Death,Control,32,15.0,1,2026-04-29
CUST-03222,42,34705,Paid Search,Term Life,Variant A,57,15.0,1,2026-02-14
CUST-03223,49,81920,Paid Search,Term Life,Variant A,67,0.0,0,2026-02-26
CUST-03224,45,37972,Paid Search,Accidental Death,Variant A,21,0.0,0,2026-03-18
CUST-03225,54,85588,Paid Search,Term Life,Variant A,68,0.0,0,2026-02-09
CUST-03226,52,65430,Email,Whole Life,Variant A,10,0.0,0,2026-03-22
CUST-03227,29,98340,Paid Search,Term Life,Control,18,0.0,0,2026-03-05
CUST-03228,28,93536,Paid Search,Term Life,Control,21,0.0,0,2026-01-10
CUST-03229,33,100876,Paid Search,Whole Life,Variant A,42,0.0,0,2026-03-15
CUST-03230,53,101520,Paid Search,Whole Life,Variant A,73,0.0,0,2026-03-07
CUST-03231,23,68590,Paid Social,Term Life,Control,17,0.0,0,2026-04-12
CUST-03232,46,36030,Paid Social,Term Life,Control,57,0.0,0,2026-03-26
CUST-03233,46,38686,Paid Search,Whole Life,Variant A,13,0.0,0,2026-03-06
CUST-03234,55,25000,Paid Search,Whole Life,Control,48,0.0,0,2026-01-30
CUST-03235,44,37908,Paid Search,Term Life,Variant A,30,0.0,0,2026-03-23
CUST-03236,25,66720,Paid Search,Whole Life,Variant A,81,15.0,1,2026-02-04
CUST-03237,30,51008,Paid Search,Whole Life,Control,23,0.0,0,2026-02-22
CUST-03238,27,60496,Email,Whole Life,Variant A,52,15.0,1,2026-02-08
CUST-03239,35,77317,Paid Social,Whole Life,Control,85,0.0,0,2026-04-22
CUST-03240,39,57398,Paid Social,Term Life,Control,84,15.0,1,2026-01-22
CUST-03241,28,36954,Paid Social,Whole Life,Control,34,0.0,0,2026-03-08
CUST-03242,59,63669,Paid Social,Whole Life,Variant A,36,0.0,0,2026-03-11
CUST-03243,26,42537,Paid Social,Term Life,Variant A,82,15.0,1,2026-04-10
CUST-03244,58,58230,Paid Social,Term Life,Control,83,0.0,0,2026-03-21
CUST-03245,56,98569,Paid Social,Term Life,Variant A,80,15.0,1,2026-03-08
CUST-03246,52,58237,Paid Search,Whole Life,Control,79,15.0,1,2026-04-10
CUST-03247,33,109273,Paid Social,Term Life,Variant A,73,15.0,1,2026-03-16
CUST-03248,46,100790,Paid Social,Whole Life,Variant A,15,0.0,0,2026-04-30
CUST-03249,26,50517,Email,Accidental Death,Variant A,87,0.0,0,2026-01-17
CUST-03250,52,37221,Paid Social,Whole Life,Control,30,0.0,0,2026-01-19
CUST-03251,41,63686,Paid Social,Accidental Death,Control,30,0.0,0,2026-03-01
CUST-03252,37,93833,Paid Search,Accidental Death,Control,21,0.0,0,2026-03-13
CUST-03253,27,52745,Paid Social,Term Life,Control,99,0.0,0,2026-03-19
CUST-03254,18,87702,Paid Search,Whole Life,Variant A,87,16.41,1,2026-03-31
CUST-03255,29,95210,Paid Search,Term Life,Control,48,0.0,0,2026-04-22
CUST-03256,55,45649,Paid Search,Accidental Death,Control,88,0.0,0,2026-03-30
CUST-03257,37,48098,Paid Social,Term Life,Control,27,0.0,0,2026-02-20
CUST-03258,39,82816,Paid Search,Accidental Death,Variant A,29,15.0,1,2026-02-17
CUST-03259,49,68796,Paid Search,Whole Life,Variant A,96,15.0,1,2026-02-26
CUST-03260,63,47848,Email,Whole Life,Control,41,0.0,0,2026-01-10
CUST-03261,57,56195,Paid Search,Term Life,Control,80,15.0,1,2026-02-01
CUST-03262,30,63237,Paid Social,Term Life,Variant A,69,15.0,1,2026-03-20
CUST-03263,18,25878,Paid Social,Whole Life,Control,6,0.0,0,2026-03-09
CUST-03264,70,84141,Paid Search,Term Life,Variant A,78,0.0,0,2026-01-28
CUST-03265,69,53032,Paid Social,Accidental Death,Variant A,36,0.0,0,2026-01-04
CUST-03266,44,25000,Paid Search,Term Life,Control,93,15.0,1,2026-03-02
CUST-03267,26,64403,Paid Social,Whole Life,Control,78,0.0,0,2026-03-18
CUST-03268,53,46460,Paid Social,Term Life,Control,59,0.0,0,2026-01-12
CUST-03269,40,107220,Paid Social,Whole Life,Variant A,54,0.0,0,2026-01-15
CUST-03270,40,50363,Paid Social,Whole Life,Variant A,69,15.0,1,2026-01-29
CUST-03271,52,37558,Paid Search,Term Life,Control,36,0.0,0,2026-03-28
CUST-03272,46,77698,Paid Search,Term Life,Control,41,15.0,1,2026-01-13
CUST-03273,27,48488,Paid Social,Term Life,Variant A,80,15.0,1,2026-02-07
CUST-03274,38,45513,Paid Social,Whole Life,Control,86,0.0,0,2026-02-27
CUST-03275,49,77737,Email,Whole Life,Control,98,16.43,1,2026-04-20
CUST-03276,48,38988,Email,Whole Life,Variant A,17,0.0,0,2026-02-04
CUST-03277,45,28568,Email,Whole Life,Variant A,58,15.0,1,2026-02-09
CUST-03278,53,108149,Paid Social,Term Life,Control,7,0.0,0,2026-03-17
CUST-03279,37,79487,Paid Search,Term Life,Control,89,15.0,1,2026-04-04
CUST-03280,44,58394,Paid Social,Term Life,Variant A,46,0.0,0,2026-04-20
CUST-03281,18,64913,Paid Social,Term Life,Control,82,0.0,0,2026-01-05
CUST-03282,36,77646,Paid Search,Accidental Death,Variant A,44,0.0,0,2026-01-02
CUST-03283,51,89333,Email,Accidental Death,Variant A,78,15.0,1,2026-04-16
CUST-03284,37,46100,Email,Term Life,Control,70,0.0,0,2026-01-30
CUST-03285,36,74153,Paid Social,Whole Life,Variant A,64,15.0,1,2026-04-09
CUST-03286,29,52332,Paid Search,Accidental Death,Control,15,0.0,0,2026-04-29
CUST-03287,54,60275,Paid Search,Term Life,Variant A,5,0.0,0,2026-01-10
CUST-03288,48,69017,Email,Term Life,Variant A,30,0.0,0,2026-03-14
CUST-03289,51,64833,Email,Term Life,Variant A,46,15.0,1,2026-03-22
CUST-03290,21,83389,Paid Search,Whole Life,Variant A,66,0.0,0,2026-02-07
CUST-03291,40,77177,Paid Search,Accidental Death,Control,65,0.0,0,2026-02-28
CUST-03292,38,27295,Email,Whole Life,Control,81,15.0,1,2026-04-04
CUST-03293,38,31054,Paid Search,Term Life,Control,96,15.0,1,2026-04-15
CUST-03294,34,55757,Paid Social,Term Life,Variant A,89,0.0,0,2026-04-29
CUST-03295,37,110715,Email,Whole Life,Variant A,66,16.23,1,2026-02-04
CUST-03296,52,43710,Paid Search,Accidental Death,Control,78,15.0,1,2026-03-12
CUST-03297,19,59794,Paid Social,Whole Life,Control,16,0.0,0,2026-01-12
CUST-03298,63,51591,Paid Search,Whole Life,Control,31,15.0,1,2026-04-24
CUST-03299,47,51148,Paid Search,Term Life,Variant A,71,15.0,1,2026-02-11
CUST-03300,41,69455,Email,Accidental Death,Control,32,0.0,0,2026-04-08
CUST-03301,52,100019,Paid Social,Whole Life,Variant A,70,0.0,0,2026-02-18
CUST-03302,24,76399,Email,Term Life,Control,32,0.0,0,2026-03-08
CUST-03303,34,44911,Paid Social,Whole Life,Control,99,15.0,1,2026-02-02
CUST-03304,40,133830,Paid Search,Term Life,Control,25,0.0,0,2026-04-14
CUST-03305,58,66964,Paid Search,Term Life,Control,11,15.0,1,2026-01-13
CUST-03306,41,50569,Paid Search,Term Life,Control,99,0.0,0,2026-03-16
CUST-03307,47,100302,Paid Search,Term Life,Control,18,0.0,0,2026-04-14
CUST-03308,34,53273,Paid Search,Term Life,Control,43,15.0,1,2026-01-20
CUST-03309,47,106572,Paid Search,Term Life,Control,77,0.0,0,2026-04-05
CUST-03310,62,43233,Paid Social,Whole Life,Variant A,91,15.0,1,2026-02-02
CUST-03311,53,100750,Paid Social,Term Life,Variant A,66,0.0,0,2026-02-03
CUST-03312,41,70026,Paid Social,Term Life,Variant A,16,0.0,0,2026-02-19
CUST-03313,50,97276,Paid Social,Term Life,Control,97,15.0,1,2026-02-19
CUST-03314,48,112544,Paid Search,Whole Life,Variant A,42,0.0,0,2026-01-09
CUST-03315,48,36684,Paid Search,Term Life,Control,62,0.0,0,2026-01-07
CUST-03316,55,96894,Paid Social,Term Life,Control,60,0.0,0,2026-01-09
CUST-03317,55,29777,Paid Social,Accidental Death,Control,43,0.0,0,2026-04-16
CUST-03318,40,38820,Paid Search,Whole Life,Control,90,15.0,1,2026-01-26
CUST-03319,49,44914,Email,Accidental Death,Control,8,0.0,0,2026-01-02
CUST-03320,37,77590,Paid Social,Term Life,Control,52,0.0,0,2026-01-05
CUST-03321,30,65825,Paid Social,Term Life,Control,11,0.0,0,2026-04-23
CUST-03322,38,60821,Paid Search,Whole Life,Control,64,15.0,1,2026-03-07
CUST-03323,41,68655,Paid Social,Term Life,Variant A,44,0.0,0,2026-04-26
CUST-03324,22,79782,Paid Social,Term Life,Variant A,12,15.0,1,2026-01-10
CUST-03325,52,81706,Paid Social,Term Life,Variant A,62,15.0,1,2026-01-31
CUST-03326,18,92354,Paid Social,Accidental Death,Control,61,15.0,1,2026-02-02
CUST-03327,74,110500,Email,Term Life,Control,39,0.0,0,2026-04-18
CUST-03328,60,64465,Paid Social,Accidental Death,Variant A,77,15.0,1,2026-04-30
CUST-03329,38,51972,Paid Search,Accidental Death,Control,17,0.0,0,2026-04-21
CUST-03330,42,80338,Paid Social,Term Life,Variant A,43,0.0,0,2026-01-06
CUST-03331,45,36393,Paid Social,Whole Life,Control,88,15.0,1,2026-01-14
CUST-03332,34,48032,Paid Social,Whole Life,Control,25,0.0,0,2026-03-19
CUST-03333,44,89984,Paid Search,Accidental Death,Control,51,15.0,1,2026-01-15
CUST-03334,40,61896,Paid Search,Term Life,Variant A,87,0.0,0,2026-04-07
CUST-03335,40,34795,Email,Whole Life,Control,6,0.0,0,2026-04-05
CUST-03336,44,27754,Paid Social,Term Life,Control,48,0.0,0,2026-03-22
CUST-03337,26,66217,Email,Accidental Death,Variant A,34,15.0,1,2026-02-12
CUST-03338,42,93547,Paid Social,Term Life,Variant A,91,15.0,1,2026-03-20
CUST-03339,43,93213,Paid Social,Term Life,Variant A,59,15.0,1,2026-01-20
CUST-03340,43,67772,Paid Social,Whole Life,Control,44,0.0,0,2026-04-22
CUST-03341,39,115222,Email,Accidental Death,Variant A,81,15.0,1,2026-01-21
CUST-03342,55,62379,Paid Social,Whole Life,Control,96,15.0,1,2026-03-05
CUST-03343,37,61535,Paid Social,Term Life,Control,28,15.0,1,2026-01-29
CUST-03344,44,25000,Paid Search,Term Life,Variant A,46,15.0,1,2026-02-28
CUST-03345,57,53815,Paid Social,Accidental Death,Control,32,15.0,1,2026-03-14
CUST-03346,41,86300,Paid Social,Whole Life,Variant A,98,15.0,1,2026-03-05
CUST-03347,44,104099,Paid Search,Accidental Death,Variant A,97,0.0,0,2026-04-03
CUST-03348,40,44244,Paid Search,Term Life,Control,55,15.0,1,2026-02-13
CUST-03349,56,76556,Paid Search,Term Life,Variant A,26,0.0,0,2026-02-03
CUST-03350,38,91171,Paid Search,Whole Life,Variant A,93,0.0,0,2026-02-16
CUST-03351,57,65280,Paid Search,Accidental Death,Variant A,82,15.0,1,2026-01-09
CUST-03352,40,25000,Paid Social,Term Life,Variant A,78,15.0,1,2026-03-01
CUST-03353,31,71182,Email,Accidental Death,Control,78,15.0,1,2026-04-22
CUST-03354,50,84035,Paid Social,Whole Life,Variant A,12,0.0,0,2026-01-30
CUST-03355,38,41314,Paid Search,Term Life,Control,18,0.0,0,2026-01-17
CUST-03356,49,58646,Paid Search,Term Life,Variant A,49,0.0,0,2026-02-21
CUST-03357,18,36112,Paid Social,Term Life,Control,42,0.0,0,2026-02-28
CUST-03358,42,25000,Paid Search,Whole Life,Variant A,36,15.0,1,2026-04-29
CUST-03359,36,90675,Email,Term Life,Variant A,66,15.0,1,2026-01-04
CUST-03360,29,64906,Paid Social,Term Life,Variant A,71,0.0,0,2026-02-09
CUST-03361,35,104941,Paid Social,Accidental Death,Variant A,88,15.0,1,2026-04-06
CUST-03362,35,86433,Paid Search,Term Life,Variant A,65,15.0,1,2026-04-06
CUST-03363,41,56144,Paid Social,Term Life,Control,17,0.0,0,2026-01-07
CUST-03364,25,62920,Paid Search,Term Life,Control,91,15.0,1,2026-02-07
CUST-03365,45,79154,Email,Whole Life,Control,87,0.0,0,2026-02-01
CUST-03366,58,89172,Paid Social,Whole Life,Variant A,84,15.0,1,2026-03-10
CUST-03367,45,73066,Paid Search,Term Life,Control,51,0.0,0,2026-04-16
CUST-03368,51,92639,Paid Search,Whole Life,Control,58,0.0,0,2026-03-08
CUST-03369,55,57583,Paid Search,Whole Life,Control,75,15.0,1,2026-02-25
CUST-03370,56,40071,Paid Social,Term Life,Control,56,15.0,1,2026-01-20
CUST-03371,64,63379,Paid Search,Term Life,Control,76,15.0,1,2026-03-05
CUST-03372,36,70129,Paid Social,Term Life,Control,29,15.0,1,2026-04-30
CUST-03373,33,34961,Paid Search,Term Life,Control,27,0.0,0,2026-01-17
CUST-03374,51,31581,Paid Social,Whole Life,Variant A,78,0.0,0,2026-01-16
CUST-03375,50,76184,Email,Whole Life,Control,34,15.0,1,2026-01-11
CUST-03376,51,54841,Paid Social,Term Life,Variant A,15,0.0,0,2026-01-13
CUST-03377,64,60853,Paid Social,Term Life,Variant A,39,0.0,0,2026-01-18
CUST-03378,42,56007,Paid Search,Term Life,Control,31,0.0,0,2026-01-14
CUST-03379,47,103015,Paid Search,Whole Life,Control,71,0.0,0,2026-02-03
CUST-03380,30,96544,Paid Social,Term Life,Variant A,51,0.0,0,2026-03-17
CUST-03381,67,34066,Paid Search,Whole Life,Control,54,15.0,1,2026-03-27
CUST-03382,37,51680,Paid Social,Term Life,Variant A,12,15.0,1,2026-03-26
CUST-03383,38,86250,Paid Search,Whole Life,Control,59,0.0,0,2026-01-26
CUST-03384,37,80048,Paid Search,Accidental Death,Variant A,81,0.0,0,2026-02-11
CUST-03385,34,63963,Paid Search,Term Life,Variant A,46,0.0,0,2026-03-02
CUST-03386,33,36559,Email,Term Life,Variant A,71,0.0,0,2026-02-08
CUST-03387,35,47936,Paid Search,Accidental Death,Variant A,24,0.0,0,2026-01-02
CUST-03388,25,52080,Paid Social,Term Life,Variant A,49,0.0,0,2026-02-26
CUST-03389,32,71924,Paid Search,Whole Life,Variant A,39,15.0,1,2026-02-19
CUST-03390,65,107593,Paid Social,Term Life,Variant A,81,15.0,1,2026-04-23
CUST-03391,50,47827,Paid Search,Whole Life,Control,24,0.0,0,2026-01-16
CUST-03392,53,39349,Email,Term Life,Control,28,0.0,0,2026-03-03
CUST-03393,56,62285,Email,Accidental Death,Control,61,0.0,0,2026-04-08
CUST-03394,64,90793,Paid Search,Whole Life,Variant A,59,15.0,1,2026-01-11
CUST-03395,20,28827,Email,Whole Life,Control,13,0.0,0,2026-03-24
CUST-03396,27,101340,Email,Whole Life,Control,98,15.01,1,2026-03-04
CUST-03397,32,60699,Email,Whole Life,Variant A,93,15.0,1,2026-01-30
CUST-03398,36,46641,Email,Term Life,Control,20,0.0,0,2026-02-23
CUST-03399,38,25000,Paid Search,Accidental Death,Variant A,59,0.0,0,2026-03-12
CUST-03400,36,82663,Paid Social,Accidental Death,Variant A,76,0.0,0,2026-01-27
CUST-03401,44,60720,Paid Search,Term Life,Variant A,62,0.0,0,2026-03-27
CUST-03402,42,69267,Paid Search,Accidental Death,Variant A,68,0.0,0,2026-03-05
CUST-03403,33,42479,Email,Whole Life,Variant A,96,0.0,0,2026-03-22
CUST-03404,18,57022,Paid Search,Whole Life,Variant A,80,15.0,1,2026-03-20
CUST-03405,30,52835,Paid Social,Term Life,Control,92,15.0,1,2026-01-09
CUST-03406,35,62485,Email,Term Life,Control,53,0.0,0,2026-03-17
CUST-03407,39,48261,Email,Term Life,Control,33,0.0,0,2026-03-13
CUST-03408,28,26645,Email,Term Life,Variant A,83,15.0,1,2026-01-02
CUST-03409,36,133212,Paid Search,Whole Life,Variant A,86,0.0,0,2026-02-18
CUST-03410,28,30914,Paid Search,Term Life,Control,11,0.0,0,2026-02-17
CUST-03411,40,69536,Paid Social,Term Life,Variant A,81,0.0,0,2026-02-24
CUST-03412,29,25000,Paid Search,Accidental Death,Control,87,15.0,1,2026-03-21
CUST-03413,31,25000,Paid Search,Term Life,Control,73,0.0,0,2026-03-08
CUST-03414,26,67445,Paid Search,Term Life,Control,94,0.0,0,2026-04-25
CUST-03415,40,69359,Paid Social,Term Life,Variant A,6,0.0,0,2026-04-22
CUST-03416,31,96537,Paid Social,Term Life,Variant A,37,0.0,0,2026-01-31
CUST-03417,52,74988,Paid Search,Whole Life,Control,52,16.01,1,2026-04-17
CUST-03418,46,61254,Paid Social,Whole Life,Variant A,41,0.0,0,2026-01-26
CUST-03419,41,41259,Paid Search,Whole Life,Control,93,15.0,1,2026-04-15
CUST-03420,32,102475,Paid Search,Term Life,Variant A,93,15.0,1,2026-04-20
CUST-03421,46,88221,Paid Social,Whole Life,Control,34,17.62,1,2026-03-07
CUST-03422,50,33841,Paid Social,Term Life,Variant A,45,0.0,0,2026-01-30
CUST-03423,43,65949,Paid Social,Term Life,Variant A,8,0.0,0,2026-03-18
CUST-03424,61,68601,Paid Search,Term Life,Variant A,87,0.0,0,2026-04-11
CUST-03425,47,56358,Email,Term Life,Variant A,95,15.0,1,2026-04-26
CUST-03426,52,84296,Paid Social,Term Life,Control,43,0.0,0,2026-03-19
CUST-03427,43,85793,Paid Social,Term Life,Variant A,28,0.0,0,2026-01-01
CUST-03428,50,60237,Paid Social,Accidental Death,Control,54,15.0,1,2026-04-06
CUST-03429,32,57978,Email,Term Life,Control,41,0.0,0,2026-03-11
CUST-03430,36,102473,Paid Social,Term Life,Variant A,57,15.0,1,2026-01-22
CUST-03431,46,88320,Paid Social,Term Life,Control,29,15.0,1,2026-03-16
CUST-03432,46,66809,Email,Whole Life,Control,97,15.0,1,2026-04-23
CUST-03433,48,25000,Paid Social,Term Life,Variant A,35,0.0,0,2026-03-28
CUST-03434,55,73600,Paid Social,Accidental Death,Variant A,96,0.0,0,2026-02-23
CUST-03435,24,82452,Paid Social,Accidental Death,Variant A,42,0.0,0,2026-01-14
CUST-03436,30,25000,Paid Search,Term Life,Variant A,62,0.0,0,2026-01-14
CUST-03437,44,71296,Paid Search,Term Life,Variant A,57,15.0,1,2026-03-25
CUST-03438,33,54582,Paid Social,Term Life,Variant A,54,15.0,1,2026-03-12
CUST-03439,75,59478,Email,Whole Life,Variant A,8,0.0,0,2026-01-19
CUST-03440,48,42315,Email,Term Life,Control,96,15.0,1,2026-01-26
CUST-03441,41,61295,Paid Search,Term Life,Variant A,56,0.0,0,2026-02-28
CUST-03442,35,99799,Paid Social,Term Life,Control,35,0.0,0,2026-01-22
CUST-03443,36,53840,Paid Search,Whole Life,Variant A,91,15.0,1,2026-01-06
CUST-03444,42,89139,Email,Term Life,Variant A,82,15.0,1,2026-03-04
CUST-03445,43,44841,Email,Term Life,Control,96,15.0,1,2026-03-18
CUST-03446,36,83968,Paid Social,Whole Life,Variant A,18,0.0,0,2026-03-15
CUST-03447,38,65041,Email,Whole Life,Variant A,5,0.0,0,2026-02-23
CUST-03448,58,73800,Paid Social,Accidental Death,Variant A,47,0.0,0,2026-01-19
CUST-03449,58,65178,Paid Social,Term Life,Control,63,15.0,1,2026-04-05
CUST-03450,45,81040,Paid Search,Whole Life,Variant A,65,0.0,0,2026-01-10
CUST-03451,25,25000,Paid Social,Whole Life,Control,45,0.0,0,2026-02-06
CUST-03452,48,29504,Paid Social,Term Life,Variant A,22,0.0,0,2026-03-18
CUST-03453,60,75427,Paid Social,Whole Life,Control,64,15.28,1,2026-01-17
CUST-03454,58,25000,Paid Search,Term Life,Control,73,0.0,0,2026-04-28
CUST-03455,50,51735,Email,Accidental Death,Control,83,15.0,1,2026-02-24
CUST-03456,59,63641,Paid Search,Term Life,Control,63,15.0,1,2026-01-05
CUST-03457,42,44296,Paid Social,Whole Life,Variant A,46,0.0,0,2026-01-21
CUST-03458,49,47710,Paid Social,Term Life,Control,84,0.0,0,2026-04-28
CUST-03459,33,71789,Paid Social,Accidental Death,Variant A,40,0.0,0,2026-02-08
CUST-03460,45,90232,Paid Social,Term Life,Variant A,44,0.0,0,2026-01-20
CUST-03461,57,41038,Paid Search,Accidental Death,Variant A,34,0.0,0,2026-03-12
CUST-03462,34,50623,Paid Search,Accidental Death,Control,91,0.0,0,2026-01-15
CUST-03463,31,46718,Paid Social,Term Life,Variant A,15,0.0,0,2026-03-20
CUST-03464,43,25000,Paid Social,Accidental Death,Control,29,0.0,0,2026-02-22
CUST-03465,39,68542,Paid Search,Accidental Death,Control,49,15.0,1,2026-03-28
CUST-03466,49,88367,Paid Social,Term Life,Variant A,55,0.0,0,2026-02-02
CUST-03467,36,90416,Paid Social,Term Life,Control,47,15.0,1,2026-02-13
CUST-03468,62,43230,Paid Social,Whole Life,Variant A,70,0.0,0,2026-03-07
CUST-03469,26,33707,Email,Term Life,Control,51,0.0,0,2026-02-19
CUST-03470,57,65540,Paid Search,Term Life,Control,28,0.0,0,2026-02-01
CUST-03471,32,85731,Paid Search,Term Life,Control,81,0.0,0,2026-03-20
CUST-03472,20,68871,Paid Social,Term Life,Variant A,41,15.0,1,2026-03-12
CUST-03473,44,72232,Paid Social,Term Life,Control,60,0.0,0,2026-03-14
CUST-03474,38,93545,Paid Social,Term Life,Control,98,0.0,0,2026-02-24
CUST-03475,28,46521,Email,Accidental Death,Variant A,79,15.0,1,2026-01-28
CUST-03476,21,59500,Email,Whole Life,Variant A,91,15.0,1,2026-03-27
CUST-03477,41,105865,Email,Term Life,Variant A,50,15.0,1,2026-01-03
CUST-03478,53,60079,Paid Social,Whole Life,Control,32,0.0,0,2026-02-22
CUST-03479,49,33316,Paid Social,Whole Life,Control,97,15.0,1,2026-02-11
CUST-03480,42,48266,Paid Social,Accidental Death,Variant A,56,15.0,1,2026-01-02
CUST-03481,47,41545,Paid Search,Term Life,Variant A,19,0.0,0,2026-01-22
CUST-03482,41,73929,Paid Social,Term Life,Variant A,49,0.0,0,2026-01-25
CUST-03483,24,42601,Paid Search,Accidental Death,Variant A,62,0.0,0,2026-03-30
CUST-03484,24,71775,Email,Accidental Death,Control,71,15.0,1,2026-02-01
CUST-03485,39,46598,Paid Social,Whole Life,Control,77,0.0,0,2026-04-18
CUST-03486,40,25000,Paid Social,Whole Life,Variant A,76,15.0,1,2026-01-07
CUST-03487,52,72665,Paid Search,Term Life,Control,77,15.0,1,2026-03-03
CUST-03488,51,68711,Paid Search,Whole Life,Variant A,85,15.0,1,2026-01-31
CUST-03489,49,77943,Paid Search,Term Life,Control,45,15.0,1,2026-03-04
CUST-03490,38,48175,Paid Social,Term Life,Variant A,69,0.0,0,2026-02-06
CUST-03491,25,45511,Paid Search,Accidental Death,Control,44,0.0,0,2026-03-09
CUST-03492,46,75036,Paid Social,Term Life,Control,9,0.0,0,2026-04-07
CUST-03493,48,102975,Email,Term Life,Variant A,98,15.0,1,2026-03-20
CUST-03494,18,65279,Email,Accidental Death,Variant A,79,0.0,0,2026-01-09
CUST-03495,31,75614,Paid Social,Term Life,Control,32,0.0,0,2026-03-11
CUST-03496,33,56960,Paid Search,Accidental Death,Control,42,0.0,0,2026-02-15
CUST-03497,43,26409,Email,Accidental Death,Variant A,85,15.0,1,2026-04-05
CUST-03498,32,89185,Email,Whole Life,Variant A,91,0.0,0,2026-02-03
CUST-03499,41,87710,Paid Search,Term Life,Control,22,15.0,1,2026-04-18
CUST-03500,39,82769,Paid Social,Term Life,Variant A,41,0.0,0,2026-04-29
CUST-03501,40,60451,Paid Search,Term Life,Control,31,0.0,0,2026-03-01
CUST-03502,33,79926,Email,Term Life,Variant A,29,0.0,0,2026-04-12
CUST-03503,34,87344,Email,Term Life,Variant A,73,15.0,1,2026-01-13
CUST-03504,29,105503,Paid Search,Accidental Death,Control,87,15.0,1,2026-02-05
CUST-03505,46,89713,Email,Term Life,Variant A,31,15.0,1,2026-04-06
CUST-03506,48,66595,Paid Social,Whole Life,Control,81,0.0,0,2026-03-27
CUST-03507,32,32293,Email,Term Life,Control,58,0.0,0,2026-02-17
CUST-03508,60,68891,Paid Social,Whole Life,Variant A,11,0.0,0,2026-04-03
CUST-03509,38,71414,Email,Accidental Death,Control,94,15.0,1,2026-03-16
CUST-03510,60,82725,Paid Search,Term Life,Variant A,82,15.0,1,2026-01-06
CUST-03511,34,98847,Paid Search,Term Life,Control,31,15.0,1,2026-01-05
CUST-03512,18,62621,Paid Search,Whole Life,Variant A,63,15.0,1,2026-03-06
CUST-03513,46,117524,Email,Whole Life,Control,76,24.84,1,2026-04-25
CUST-03514,44,25000,Email,Whole Life,Control,35,0.0,0,2026-04-13
CUST-03515,42,75483,Email,Term Life,Variant A,95,15.0,1,2026-02-19
CUST-03516,34,45036,Email,Term Life,Control,72,15.0,1,2026-03-15
CUST-03517,41,25000,Paid Search,Accidental Death,Variant A,8,0.0,0,2026-03-15
CUST-03518,35,59955,Paid Search,Accidental Death,Variant A,22,15.0,1,2026-04-23
CUST-03519,38,28570,Paid Search,Term Life,Control,67,0.0,0,2026-01-24
CUST-03520,52,60964,Paid Search,Accidental Death,Variant A,91,15.0,1,2026-01-07
CUST-03521,44,65869,Paid Search,Term Life,Control,80,15.0,1,2026-03-27
CUST-03522,49,92963,Paid Social,Term Life,Control,56,15.0,1,2026-02-27
CUST-03523,39,27310,Paid Search,Term Life,Control,88,0.0,0,2026-01-21
CUST-03524,37,87711,Paid Search,Term Life,Variant A,67,0.0,0,2026-03-27
CUST-03525,28,67452,Paid Search,Whole Life,Variant A,49,0.0,0,2026-02-02
CUST-03526,37,90721,Paid Search,Term Life,Variant A,16,15.0,1,2026-02-13
CUST-03527,18,54206,Email,Term Life,Variant A,12,0.0,0,2026-01-25
CUST-03528,34,31693,Paid Social,Whole Life,Variant A,26,0.0,0,2026-04-05
CUST-03529,41,34562,Email,Whole Life,Variant A,95,15.0,1,2026-04-23
CUST-03530,48,32704,Paid Social,Whole Life,Control,45,15.0,1,2026-03-21
CUST-03531,38,76945,Paid Search,Accidental Death,Control,45,0.0,0,2026-04-26
CUST-03532,46,101923,Paid Social,Term Life,Control,85,0.0,0,2026-01-15
CUST-03533,18,50876,Paid Search,Whole Life,Variant A,61,15.0,1,2026-01-29
CUST-03534,41,80728,Paid Search,Whole Life,Variant A,36,0.0,0,2026-03-24
CUST-03535,21,26913,Paid Search,Whole Life,Variant A,99,15.0,1,2026-02-21
CUST-03536,27,69508,Paid Search,Term Life,Control,59,0.0,0,2026-01-17
CUST-03537,39,81714,Paid Search,Term Life,Control,10,0.0,0,2026-03-31
CUST-03538,57,28796,Paid Search,Accidental Death,Variant A,43,0.0,0,2026-04-10
CUST-03539,46,59902,Paid Social,Term Life,Control,13,0.0,0,2026-02-05
CUST-03540,42,82897,Paid Search,Accidental Death,Variant A,36,0.0,0,2026-02-04
CUST-03541,41,25000,Paid Search,Whole Life,Control,40,0.0,0,2026-02-09
CUST-03542,33,98386,Email,Whole Life,Variant A,20,0.0,0,2026-01-23
CUST-03543,35,73841,Paid Search,Accidental Death,Variant A,16,0.0,0,2026-03-14
CUST-03544,47,82918,Paid Search,Whole Life,Variant A,45,15.16,1,2026-02-03
CUST-03545,25,54682,Email,Term Life,Control,71,15.0,1,2026-02-27
CUST-03546,49,25000,Paid Search,Whole Life,Variant A,62,0.0,0,2026-04-25
CUST-03547,37,78351,Paid Search,Accidental Death,Control,95,15.0,1,2026-04-28
CUST-03548,51,62935,Paid Social,Term Life,Variant A,95,15.0,1,2026-03-23
CUST-03549,53,65802,Paid Search,Term Life,Variant A,13,0.0,0,2026-03-21
CUST-03550,21,92190,Paid Social,Term Life,Control,21,0.0,0,2026-03-02
CUST-03551,35,84051,Email,Accidental Death,Variant A,9,0.0,0,2026-04-06
CUST-03552,31,113030,Paid Search,Term Life,Variant A,30,0.0,0,2026-01-28
CUST-03553,20,68846,Paid Social,Whole Life,Variant A,89,15.0,1,2026-03-01
CUST-03554,29,47719,Paid Social,Term Life,Control,5,0.0,0,2026-02-01
CUST-03555,71,60289,Paid Search,Term Life,Control,5,0.0,0,2026-04-24
CUST-03556,49,75391,Paid Social,Whole Life,Variant A,39,15.0,1,2026-02-27
CUST-03557,65,90396,Paid Search,Term Life,Variant A,13,0.0,0,2026-03-23
CUST-03558,51,28324,Paid Social,Whole Life,Control,91,15.0,1,2026-02-13
CUST-03559,33,65213,Paid Search,Whole Life,Control,42,0.0,0,2026-02-03
CUST-03560,37,105238,Paid Social,Accidental Death,Control,8,0.0,0,2026-04-03
CUST-03561,49,58994,Paid Search,Term Life,Control,56,0.0,0,2026-01-21
CUST-03562,47,88275,Email,Accidental Death,Control,23,0.0,0,2026-01-01
CUST-03563,35,77327,Paid Search,Whole Life,Control,9,0.0,0,2026-02-24
CUST-03564,23,88896,Paid Social,Accidental Death,Variant A,96,15.0,1,2026-03-21
CUST-03565,75,44755,Paid Social,Term Life,Control,52,15.0,1,2026-02-18
CUST-03566,40,44864,Paid Social,Whole Life,Variant A,91,15.0,1,2026-04-07
CUST-03567,38,65506,Paid Social,Accidental Death,Variant A,67,15.0,1,2026-01-21
CUST-03568,43,26694,Paid Social,Accidental Death,Variant A,42,0.0,0,2026-04-29
CUST-03569,39,58256,Paid Social,Term Life,Variant A,56,0.0,0,2026-04-09
CUST-03570,43,71321,Email,Term Life,Variant A,91,0.0,0,2026-02-24
CUST-03571,57,109615,Paid Search,Term Life,Variant A,50,0.0,0,2026-01-27
CUST-03572,40,75067,Paid Social,Term Life,Variant A,86,15.0,1,2026-01-20
CUST-03573,28,80630,Email,Term Life,Control,97,15.0,1,2026-04-05
CUST-03574,40,94111,Email,Term Life,Control,96,15.0,1,2026-01-16
CUST-03575,36,40883,Email,Accidental Death,Variant A,13,15.0,1,2026-04-27
CUST-03576,59,60872,Paid Search,Term Life,Variant A,54,0.0,0,2026-03-19
CUST-03577,56,125635,Paid Search,Whole Life,Variant A,78,0.0,0,2026-02-17
CUST-03578,43,63021,Paid Social,Term Life,Control,70,15.0,1,2026-02-01
CUST-03579,26,92910,Paid Social,Term Life,Control,81,15.0,1,2026-04-30
CUST-03580,27,89093,Paid Social,Term Life,Control,42,0.0,0,2026-04-15
CUST-03581,42,28047,Paid Social,Term Life,Control,31,0.0,0,2026-02-01
CUST-03582,46,72761,Email,Whole Life,Variant A,24,0.0,0,2026-02-22
CUST-03583,37,68668,Paid Search,Accidental Death,Variant A,66,0.0,0,2026-02-22
CUST-03584,36,73248,Email,Term Life,Variant A,78,0.0,0,2026-01-02
CUST-03585,34,46147,Paid Social,Term Life,Control,20,15.0,1,2026-02-26
CUST-03586,41,37077,Paid Search,Term Life,Variant A,83,0.0,0,2026-04-19
CUST-03587,18,53099,Paid Social,Accidental Death,Variant A,17,0.0,0,2026-01-22
CUST-03588,28,62555,Paid Social,Whole Life,Variant A,24,15.0,1,2026-04-11
CUST-03589,34,94624,Paid Search,Whole Life,Variant A,28,0.0,0,2026-04-27
CUST-03590,56,110432,Paid Search,Whole Life,Variant A,54,0.0,0,2026-02-21
CUST-03591,32,99914,Email,Accidental Death,Control,11,0.0,0,2026-03-22
CUST-03592,44,86504,Paid Search,Term Life,Variant A,91,15.0,1,2026-04-06
CUST-03593,44,39891,Paid Social,Term Life,Variant A,92,15.0,1,2026-04-12
CUST-03594,57,54777,Paid Social,Accidental Death,Control,33,0.0,0,2026-03-22
CUST-03595,57,70248,Paid Social,Whole Life,Control,9,0.0,0,2026-02-27
CUST-03596,41,49189,Paid Social,Whole Life,Control,39,15.0,1,2026-02-03
CUST-03597,36,79430,Paid Search,Whole Life,Control,69,0.0,0,2026-03-12
CUST-03598,34,83012,Paid Social,Term Life,Variant A,86,0.0,0,2026-04-03
CUST-03599,39,78407,Paid Search,Whole Life,Control,74,0.0,0,2026-01-17
CUST-03600,36,90628,Paid Social,Whole Life,Control,91,0.0,0,2026-03-29
CUST-03601,48,42385,Paid Search,Term Life,Control,78,15.0,1,2026-03-13
CUST-03602,47,88320,Paid Social,Whole Life,Control,11,0.0,0,2026-01-23
CUST-03603,49,47608,Paid Search,Accidental Death,Variant A,48,15.0,1,2026-04-29
CUST-03604,57,41476,Paid Search,Term Life,Variant A,76,0.0,0,2026-02-02
CUST-03605,64,78302,Paid Search,Term Life,Control,17,0.0,0,2026-01-29
CUST-03606,43,95396,Paid Search,Term Life,Variant A,98,0.0,0,2026-01-19
CUST-03607,55,77200,Email,Whole Life,Control,86,15.0,1,2026-03-10
CUST-03608,37,65520,Paid Search,Term Life,Variant A,82,15.0,1,2026-02-06
CUST-03609,56,72753,Email,Whole Life,Variant A,79,15.84,1,2026-03-28
CUST-03610,54,68410,Email,Accidental Death,Variant A,42,15.0,1,2026-01-26
CUST-03611,54,36851,Paid Social,Term Life,Variant A,17,0.0,0,2026-01-24
CUST-03612,43,33934,Paid Search,Accidental Death,Variant A,58,0.0,0,2026-02-23
CUST-03613,33,63029,Paid Search,Accidental Death,Variant A,48,0.0,0,2026-01-21
CUST-03614,25,66996,Paid Social,Term Life,Control,17,0.0,0,2026-04-07
CUST-03615,41,65283,Paid Search,Term Life,Variant A,29,0.0,0,2026-03-31
CUST-03616,60,81902,Paid Search,Accidental Death,Variant A,28,0.0,0,2026-01-10
CUST-03617,38,59613,Paid Social,Accidental Death,Variant A,33,0.0,0,2026-02-11
CUST-03618,51,79074,Email,Term Life,Variant A,74,15.0,1,2026-01-29
CUST-03619,52,61385,Paid Social,Term Life,Variant A,22,0.0,0,2026-02-26
CUST-03620,38,110583,Paid Search,Term Life,Variant A,96,15.0,1,2026-04-28
CUST-03621,57,67017,Paid Social,Accidental Death,Control,9,0.0,0,2026-02-04
CUST-03622,18,123518,Paid Search,Term Life,Control,22,0.0,0,2026-01-28
CUST-03623,27,73800,Paid Search,Whole Life,Control,67,15.0,1,2026-01-12
CUST-03624,31,59658,Email,Accidental Death,Control,41,0.0,0,2026-02-27
CUST-03625,32,42513,Paid Search,Term Life,Control,75,15.0,1,2026-02-13
CUST-03626,46,28927,Paid Search,Whole Life,Control,59,0.0,0,2026-01-07
CUST-03627,45,40213,Paid Search,Term Life,Control,77,15.0,1,2026-01-16
CUST-03628,46,43009,Email,Accidental Death,Variant A,16,0.0,0,2026-03-25
CUST-03629,49,74870,Paid Social,Term Life,Control,56,0.0,0,2026-04-03
CUST-03630,30,51845,Paid Social,Whole Life,Control,61,15.0,1,2026-02-04
CUST-03631,27,69673,Paid Social,Whole Life,Variant A,50,0.0,0,2026-04-02
CUST-03632,46,97049,Paid Search,Term Life,Variant A,48,0.0,0,2026-01-07
CUST-03633,34,62804,Paid Social,Term Life,Control,28,0.0,0,2026-03-27
CUST-03634,23,116978,Paid Search,Term Life,Control,13,0.0,0,2026-01-14
CUST-03635,53,35604,Paid Search,Term Life,Control,16,0.0,0,2026-02-28
CUST-03636,58,61235,Paid Social,Accidental Death,Control,13,15.0,1,2026-04-10
CUST-03637,60,51517,Email,Accidental Death,Control,26,0.0,0,2026-03-03
CUST-03638,44,88412,Paid Search,Term Life,Variant A,21,15.0,1,2026-03-15
CUST-03639,49,25000,Paid Search,Whole Life,Variant A,37,0.0,0,2026-04-30
CUST-03640,58,28922,Paid Search,Whole Life,Variant A,51,0.0,0,2026-03-07
CUST-03641,34,62316,Paid Search,Accidental Death,Control,92,0.0,0,2026-01-22
CUST-03642,55,103784,Email,Term Life,Control,19,0.0,0,2026-01-16
CUST-03643,45,70646,Paid Social,Term Life,Control,97,0.0,0,2026-04-09
CUST-03644,52,31211,Paid Social,Term Life,Control,37,15.0,1,2026-04-21
CUST-03645,44,35070,Paid Social,Whole Life,Variant A,97,0.0,0,2026-04-14
CUST-03646,57,106824,Paid Search,Term Life,Variant A,19,0.0,0,2026-04-22
CUST-03647,44,49471,Paid Social,Term Life,Control,31,15.0,1,2026-03-16
CUST-03648,24,41425,Paid Social,Term Life,Variant A,65,15.0,1,2026-04-30
CUST-03649,59,101934,Paid Social,Whole Life,Variant A,72,0.0,0,2026-04-17
CUST-03650,30,90277,Email,Term Life,Control,86,0.0,0,2026-02-12
CUST-03651,57,96851,Paid Social,Term Life,Control,89,15.0,1,2026-04-07
CUST-03652,40,41248,Paid Search,Term Life,Control,52,0.0,0,2026-04-08
CUST-03653,56,26872,Email,Term Life,Variant A,12,0.0,0,2026-04-26
CUST-03654,55,68329,Paid Search,Whole Life,Control,10,0.0,0,2026-04-07
CUST-03655,47,73378,Paid Search,Term Life,Control,67,15.0,1,2026-03-24
CUST-03656,48,74115,Paid Search,Term Life,Variant A,88,15.0,1,2026-01-20
CUST-03657,47,101954,Paid Search,Whole Life,Control,6,0.0,0,2026-01-10
CUST-03658,18,25000,Paid Social,Term Life,Control,26,0.0,0,2026-01-19
CUST-03659,43,86492,Paid Social,Term Life,Variant A,25,0.0,0,2026-04-27
CUST-03660,28,37584,Email,Accidental Death,Variant A,10,0.0,0,2026-04-17
CUST-03661,44,86393,Paid Social,Term Life,Control,74,0.0,0,2026-01-12
CUST-03662,28,53126,Paid Social,Term Life,Control,17,0.0,0,2026-01-10
CUST-03663,27,44650,Paid Search,Term Life,Variant A,5,0.0,0,2026-03-12
CUST-03664,61,49752,Paid Search,Term Life,Variant A,26,0.0,0,2026-02-25
CUST-03665,54,28859,Paid Social,Whole Life,Variant A,28,15.0,1,2026-04-14
CUST-03666,41,66010,Paid Social,Whole Life,Control,68,0.0,0,2026-01-11
CUST-03667,44,45683,Email,Whole Life,Variant A,45,0.0,0,2026-04-24
CUST-03668,39,84657,Paid Search,Term Life,Control,98,15.0,1,2026-03-21
CUST-03669,48,81001,Paid Search,Term Life,Variant A,26,0.0,0,2026-04-07
CUST-03670,33,107203,Paid Social,Accidental Death,Control,65,15.0,1,2026-03-02
CUST-03671,53,74158,Paid Search,Accidental Death,Control,16,15.0,1,2026-02-07
CUST-03672,38,78016,Paid Search,Term Life,Control,94,0.0,0,2026-01-17
CUST-03673,36,100002,Paid Social,Term Life,Control,8,0.0,0,2026-02-23
CUST-03674,42,49308,Paid Search,Term Life,Control,87,15.0,1,2026-02-14
CUST-03675,34,27793,Paid Social,Term Life,Control,84,0.0,0,2026-04-29
CUST-03676,45,70002,Paid Search,Term Life,Control,16,0.0,0,2026-01-25
CUST-03677,35,29434,Paid Search,Term Life,Control,37,15.0,1,2026-04-16
CUST-03678,47,126348,Paid Search,Whole Life,Variant A,25,0.0,0,2026-01-31
CUST-03679,56,101387,Email,Whole Life,Control,77,21.84,1,2026-04-16
CUST-03680,33,119099,Paid Search,Term Life,Variant A,76,0.0,0,2026-03-06
CUST-03681,40,66561,Paid Social,Term Life,Variant A,88,0.0,0,2026-02-08
CUST-03682,47,78764,Paid Search,Accidental Death,Control,78,0.0,0,2026-01-20
CUST-03683,36,53513,Paid Social,Term Life,Control,96,15.0,1,2026-03-14
CUST-03684,47,87073,Paid Search,Whole Life,Variant A,78,0.0,0,2026-02-12
CUST-03685,48,34611,Paid Social,Term Life,Control,76,15.0,1,2026-04-26
CUST-03686,54,25000,Paid Social,Whole Life,Control,56,0.0,0,2026-03-07
CUST-03687,34,45232,Email,Term Life,Control,51,0.0,0,2026-01-01
CUST-03688,30,28613,Paid Search,Term Life,Control,63,15.0,1,2026-02-24
CUST-03689,38,101948,Paid Search,Term Life,Control,51,0.0,0,2026-04-18
CUST-03690,30,110391,Paid Search,Term Life,Variant A,60,0.0,0,2026-04-13
CUST-03691,48,29926,Email,Term Life,Variant A,17,0.0,0,2026-02-20
CUST-03692,28,97292,Paid Social,Whole Life,Variant A,48,0.0,0,2026-01-05
CUST-03693,69,88784,Paid Social,Term Life,Control,39,0.0,0,2026-01-12
CUST-03694,57,25755,Paid Search,Term Life,Variant A,33,0.0,0,2026-01-14
CUST-03695,42,55243,Paid Search,Whole Life,Variant A,60,15.0,1,2026-03-01
CUST-03696,52,50495,Paid Search,Whole Life,Variant A,9,0.0,0,2026-04-13
CUST-03697,22,83699,Email,Accidental Death,Variant A,71,15.0,1,2026-04-06
CUST-03698,72,34280,Paid Social,Whole Life,Control,57,0.0,0,2026-02-09
CUST-03699,34,62528,Email,Term Life,Variant A,64,0.0,0,2026-04-20
CUST-03700,40,47851,Paid Search,Whole Life,Control,10,0.0,0,2026-04-18
CUST-03701,19,76833,Paid Social,Accidental Death,Variant A,52,0.0,0,2026-01-09
CUST-03702,47,59580,Paid Social,Accidental Death,Control,84,15.0,1,2026-02-11
CUST-03703,28,51618,Paid Search,Term Life,Variant A,39,0.0,0,2026-02-11
CUST-03704,43,59667,Email,Term Life,Control,22,0.0,0,2026-02-02
CUST-03705,35,115901,Email,Term Life,Control,15,0.0,0,2026-01-25
CUST-03706,29,54577,Email,Whole Life,Variant A,55,15.0,1,2026-04-28
CUST-03707,32,38974,Paid Social,Whole Life,Variant A,27,15.0,1,2026-04-12
CUST-03708,44,79585,Paid Search,Whole Life,Variant A,51,15.0,1,2026-03-19
CUST-03709,26,61411,Paid Search,Term Life,Control,79,15.0,1,2026-04-29
CUST-03710,33,29619,Email,Whole Life,Control,63,0.0,0,2026-01-09
CUST-03711,49,120787,Paid Search,Accidental Death,Control,61,0.0,0,2026-04-29
CUST-03712,73,56188,Paid Social,Term Life,Control,97,0.0,0,2026-04-29
CUST-03713,47,55553,Paid Social,Whole Life,Variant A,60,0.0,0,2026-04-01
CUST-03714,30,68995,Paid Social,Term Life,Control,31,0.0,0,2026-02-13
CUST-03715,37,108252,Email,Accidental Death,Control,77,15.0,1,2026-03-24
CUST-03716,42,25000,Paid Search,Accidental Death,Variant A,39,15.0,1,2026-02-27
CUST-03717,37,71899,Paid Search,Whole Life,Control,59,15.0,1,2026-01-25
CUST-03718,52,117181,Paid Search,Whole Life,Variant A,13,0.0,0,2026-04-26
CUST-03719,44,68218,Paid Social,Accidental Death,Control,22,0.0,0,2026-02-01
CUST-03720,52,34116,Paid Search,Term Life,Control,48,0.0,0,2026-01-22
CUST-03721,38,49540,Paid Search,Term Life,Variant A,25,0.0,0,2026-04-03
CUST-03722,57,70172,Email,Whole Life,Control,60,0.0,0,2026-02-24
CUST-03723,40,98270,Email,Term Life,Variant A,52,0.0,0,2026-04-02
CUST-03724,30,56516,Paid Search,Term Life,Variant A,5,0.0,0,2026-03-02
CUST-03725,68,85666,Paid Search,Accidental Death,Variant A,31,0.0,0,2026-04-18
CUST-03726,20,29115,Email,Whole Life,Variant A,49,15.0,1,2026-02-26
CUST-03727,33,28907,Paid Search,Term Life,Variant A,67,0.0,0,2026-03-18
CUST-03728,34,52929,Paid Search,Term Life,Control,62,15.0,1,2026-03-02
CUST-03729,72,100950,Paid Search,Term Life,Control,44,15.0,1,2026-04-02
CUST-03730,63,66721,Paid Social,Term Life,Variant A,67,15.0,1,2026-03-08
CUST-03731,59,72245,Paid Search,Term Life,Variant A,42,0.0,0,2026-04-04
CUST-03732,38,71951,Email,Whole Life,Control,33,0.0,0,2026-03-16
CUST-03733,71,92730,Paid Social,Term Life,Control,44,0.0,0,2026-01-02
CUST-03734,46,49744,Paid Social,Term Life,Control,23,0.0,0,2026-04-24
CUST-03735,53,82207,Paid Search,Term Life,Control,92,15.0,1,2026-04-24
CUST-03736,44,44227,Paid Social,Accidental Death,Control,60,0.0,0,2026-02-26
CUST-03737,41,114581,Paid Social,Term Life,Variant A,48,0.0,0,2026-04-30
CUST-03738,38,44990,Paid Social,Term Life,Control,69,0.0,0,2026-03-14
CUST-03739,39,42940,Paid Social,Term Life,Variant A,91,15.0,1,2026-02-02
CUST-03740,49,78741,Paid Social,Whole Life,Variant A,17,0.0,0,2026-03-31
CUST-03741,46,66994,Email,Whole Life,Control,34,15.0,1,2026-03-04
CUST-03742,41,73171,Email,Term Life,Control,53,15.0,1,2026-01-16
CUST-03743,60,70682,Paid Social,Term Life,Control,79,15.0,1,2026-03-30
CUST-03744,18,37740,Paid Search,Term Life,Variant A,67,0.0,0,2026-01-01
CUST-03745,48,105333,Paid Search,Whole Life,Variant A,75,21.99,1,2026-03-26
CUST-03746,50,87338,Paid Search,Whole Life,Control,39,0.0,0,2026-03-05
CUST-03747,55,98973,Paid Social,Term Life,Control,15,15.0,1,2026-03-25
CUST-03748,41,51791,Paid Social,Term Life,Control,53,0.0,0,2026-04-30
CUST-03749,44,75413,Paid Social,Term Life,Variant A,44,0.0,0,2026-03-10
CUST-03750,53,69934,Email,Term Life,Control,25,0.0,0,2026-01-17
CUST-03751,59,93200,Email,Whole Life,Variant A,51,0.0,0,2026-02-09
CUST-03752,38,94006,Email,Term Life,Variant A,7,15.0,1,2026-04-12
CUST-03753,45,69826,Paid Search,Term Life,Control,34,0.0,0,2026-01-01
CUST-03754,62,27051,Paid Social,Term Life,Variant A,92,0.0,0,2026-01-13
CUST-03755,18,109491,Paid Search,Accidental Death,Control,71,15.0,1,2026-01-18
CUST-03756,33,78899,Paid Search,Accidental Death,Control,66,0.0,0,2026-03-09
CUST-03757,59,49789,Paid Search,Term Life,Control,41,0.0,0,2026-04-21
CUST-03758,55,75163,Paid Search,Term Life,Control,26,0.0,0,2026-01-14
CUST-03759,48,27222,Paid Social,Term Life,Control,35,0.0,0,2026-04-22
CUST-03760,36,91383,Email,Term Life,Variant A,50,15.0,1,2026-01-05
CUST-03761,31,28219,Paid Search,Term Life,Variant A,80,0.0,0,2026-03-03
CUST-03762,34,59479,Paid Social,Whole Life,Variant A,49,0.0,0,2026-02-02
CUST-03763,60,71111,Paid Social,Whole Life,Control,18,0.0,0,2026-01-26
CUST-03764,34,90970,Paid Search,Accidental Death,Variant A,16,0.0,0,2026-04-29
CUST-03765,43,67663,Paid Social,Term Life,Control,67,0.0,0,2026-03-02
CUST-03766,32,80874,Paid Search,Accidental Death,Control,95,15.0,1,2026-03-09
CUST-03767,52,64295,Paid Social,Whole Life,Control,81,15.0,1,2026-01-30
CUST-03768,35,64195,Paid Social,Term Life,Variant A,92,15.0,1,2026-03-03
CUST-03769,40,67136,Paid Search,Term Life,Control,42,0.0,0,2026-03-03
CUST-03770,21,60273,Paid Search,Term Life,Variant A,51,0.0,0,2026-03-22
CUST-03771,22,25000,Paid Social,Term Life,Control,58,15.0,1,2026-04-02
CUST-03772,42,45791,Email,Term Life,Variant A,59,0.0,0,2026-03-11
CUST-03773,26,71119,Paid Search,Whole Life,Variant A,52,0.0,0,2026-02-26
CUST-03774,67,58771,Paid Social,Term Life,Variant A,77,0.0,0,2026-04-01
CUST-03775,18,61104,Paid Social,Accidental Death,Variant A,76,0.0,0,2026-02-05
CUST-03776,32,56916,Email,Term Life,Variant A,19,15.0,1,2026-01-07
CUST-03777,42,43410,Email,Accidental Death,Control,75,0.0,0,2026-03-06
CUST-03778,37,52672,Paid Social,Term Life,Variant A,92,15.0,1,2026-03-15
CUST-03779,28,57329,Paid Social,Whole Life,Control,20,15.0,1,2026-03-18
CUST-03780,30,65128,Email,Term Life,Variant A,92,0.0,0,2026-02-10
CUST-03781,30,74834,Paid Search,Term Life,Variant A,47,15.0,1,2026-02-01
CUST-03782,38,60486,Paid Search,Accidental Death,Control,11,0.0,0,2026-01-14
CUST-03783,65,39258,Paid Search,Term Life,Variant A,47,0.0,0,2026-02-02
CUST-03784,42,30047,Email,Whole Life,Control,32,15.0,1,2026-01-30
CUST-03785,56,129935,Email,Whole Life,Control,70,25.71,1,2026-03-14
CUST-03786,48,36754,Paid Search,Term Life,Variant A,64,15.0,1,2026-01-06
CUST-03787,55,52034,Paid Social,Term Life,Control,7,0.0,0,2026-01-10
CUST-03788,18,77925,Paid Social,Whole Life,Variant A,5,0.0,0,2026-03-16
CUST-03789,38,74021,Paid Search,Term Life,Control,35,0.0,0,2026-04-13
CUST-03790,57,78021,Email,Whole Life,Variant A,60,16.7,1,2026-01-20
CUST-03791,35,53932,Paid Search,Accidental Death,Variant A,91,0.0,0,2026-03-30
CUST-03792,63,70963,Paid Search,Term Life,Variant A,88,15.0,1,2026-04-28
CUST-03793,59,66533,Paid Social,Term Life,Control,84,0.0,0,2026-01-12
CUST-03794,36,57196,Paid Social,Whole Life,Control,50,0.0,0,2026-01-22
CUST-03795,35,71135,Paid Search,Term Life,Variant A,36,0.0,0,2026-03-17
CUST-03796,29,91384,Paid Social,Term Life,Variant A,85,0.0,0,2026-01-14
CUST-03797,34,64444,Paid Social,Term Life,Control,22,0.0,0,2026-04-16
CUST-03798,27,64611,Paid Search,Whole Life,Variant A,72,15.0,1,2026-02-17
CUST-03799,47,91704,Paid Search,Term Life,Variant A,39,15.0,1,2026-02-23
CUST-03800,24,89034,Paid Social,Term Life,Variant A,27,15.0,1,2026-02-05
CUST-03801,49,104598,Paid Search,Whole Life,Variant A,83,20.1,1,2026-03-02
CUST-03802,49,25000,Email,Term Life,Variant A,17,0.0,0,2026-02-24
CUST-03803,22,87627,Email,Term Life,Control,82,15.0,1,2026-01-14
CUST-03804,60,80039,Email,Accidental Death,Variant A,18,0.0,0,2026-01-02
CUST-03805,48,42858,Paid Search,Whole Life,Variant A,41,0.0,0,2026-01-02
CUST-03806,50,71289,Email,Accidental Death,Control,9,0.0,0,2026-03-02
CUST-03807,32,91278,Paid Social,Term Life,Control,26,0.0,0,2026-04-17
CUST-03808,49,44271,Paid Search,Whole Life,Control,32,0.0,0,2026-04-17
CUST-03809,55,76064,Paid Search,Term Life,Variant A,8,0.0,0,2026-01-06
CUST-03810,40,86783,Paid Search,Term Life,Variant A,54,15.0,1,2026-01-25
CUST-03811,66,38224,Paid Social,Term Life,Variant A,33,0.0,0,2026-03-08
CUST-03812,42,61442,Paid Social,Term Life,Variant A,41,0.0,0,2026-01-23
CUST-03813,55,72524,Paid Search,Accidental Death,Control,39,0.0,0,2026-03-14
CUST-03814,45,45096,Paid Social,Term Life,Variant A,24,0.0,0,2026-04-05
CUST-03815,49,43021,Paid Search,Whole Life,Variant A,39,0.0,0,2026-01-28
CUST-03816,21,61623,Paid Social,Whole Life,Control,88,15.0,1,2026-01-25
CUST-03817,46,85040,Paid Search,Whole Life,Variant A,6,0.0,0,2026-04-09
CUST-03818,33,81093,Email,Term Life,Control,62,15.0,1,2026-03-06
CUST-03819,31,43464,Email,Whole Life,Control,22,0.0,0,2026-03-07
CUST-03820,62,81304,Paid Social,Term Life,Control,98,15.0,1,2026-03-20
CUST-03821,39,44101,Paid Search,Term Life,Variant A,60,15.0,1,2026-02-12
CUST-03822,29,25000,Paid Search,Accidental Death,Variant A,68,15.0,1,2026-02-09
CUST-03823,37,55821,Email,Term Life,Variant A,97,15.0,1,2026-03-21
CUST-03824,26,93074,Paid Search,Term Life,Variant A,56,15.0,1,2026-01-23
CUST-03825,59,81399,Paid Search,Accidental Death,Control,26,0.0,0,2026-02-18
CUST-03826,33,64960,Paid Search,Term Life,Control,97,0.0,0,2026-04-09
CUST-03827,48,54582,Paid Social,Whole Life,Control,64,0.0,0,2026-01-08
CUST-03828,58,55255,Paid Social,Term Life,Control,14,0.0,0,2026-01-07
CUST-03829,35,67719,Email,Term Life,Variant A,88,0.0,0,2026-01-21
CUST-03830,48,38289,Paid Search,Term Life,Variant A,84,15.0,1,2026-02-04
CUST-03831,29,56297,Paid Search,Term Life,Control,10,0.0,0,2026-04-13
CUST-03832,71,59610,Email,Term Life,Control,85,15.0,1,2026-04-11
CUST-03833,53,31223,Email,Whole Life,Variant A,10,0.0,0,2026-04-07
CUST-03834,39,44038,Paid Search,Whole Life,Variant A,90,15.0,1,2026-04-11
CUST-03835,32,75262,Paid Social,Accidental Death,Variant A,86,0.0,0,2026-04-09
CUST-03836,40,65237,Paid Search,Term Life,Control,32,15.0,1,2026-03-23
CUST-03837,37,57280,Email,Whole Life,Variant A,46,0.0,0,2026-03-02
CUST-03838,65,42214,Paid Search,Whole Life,Control,78,0.0,0,2026-03-24
CUST-03839,27,104421,Email,Accidental Death,Variant A,45,15.0,1,2026-03-15
CUST-03840,43,44050,Paid Social,Term Life,Control,67,15.0,1,2026-03-09
CUST-03841,41,71289,Paid Social,Whole Life,Control,26,0.0,0,2026-01-30
CUST-03842,40,52803,Paid Search,Accidental Death,Variant A,96,0.0,0,2026-04-19
CUST-03843,40,65906,Paid Social,Term Life,Control,83,0.0,0,2026-04-07
CUST-03844,40,76440,Paid Social,Accidental Death,Variant A,33,15.0,1,2026-03-09
CUST-03845,52,30743,Paid Search,Term Life,Control,75,15.0,1,2026-01-09
CUST-03846,49,64834,Paid Social,Whole Life,Control,38,0.0,0,2026-01-17
CUST-03847,47,94768,Email,Accidental Death,Variant A,6,0.0,0,2026-02-12
CUST-03848,18,109037,Paid Social,Whole Life,Control,30,0.0,0,2026-04-13
CUST-03849,45,61749,Paid Social,Term Life,Control,79,15.0,1,2026-03-29
CUST-03850,22,66042,Paid Search,Term Life,Control,93,0.0,0,2026-02-26
CUST-03851,49,120283,Paid Social,Accidental Death,Variant A,23,0.0,0,2026-04-13
CUST-03852,59,93373,Paid Search,Term Life,Variant A,24,0.0,0,2026-01-13
CUST-03853,30,49567,Paid Social,Term Life,Variant A,37,0.0,0,2026-02-26
CUST-03854,38,49525,Email,Whole Life,Variant A,85,15.0,1,2026-01-26
CUST-03855,34,88913,Paid Social,Term Life,Variant A,98,15.0,1,2026-03-02
CUST-03856,56,39724,Paid Search,Term Life,Control,86,15.0,1,2026-03-03
CUST-03857,43,92193,Paid Search,Term Life,Variant A,8,0.0,0,2026-01-19
CUST-03858,62,73357,Paid Social,Term Life,Control,36,0.0,0,2026-03-22
CUST-03859,46,77943,Paid Social,Whole Life,Variant A,23,0.0,0,2026-04-24
CUST-03860,44,58581,Email,Whole Life,Variant A,7,0.0,0,2026-01-30
CUST-03861,42,49254,Email,Whole Life,Variant A,96,15.0,1,2026-03-31
CUST-03862,51,101549,Paid Social,Accidental Death,Control,65,0.0,0,2026-01-13
CUST-03863,21,58831,Paid Search,Accidental Death,Variant A,42,0.0,0,2026-02-18
CUST-03864,43,54726,Paid Search,Whole Life,Variant A,10,0.0,0,2026-03-23
CUST-03865,41,62996,Paid Search,Term Life,Control,60,15.0,1,2026-03-26
CUST-03866,50,69825,Paid Search,Whole Life,Variant A,44,0.0,0,2026-04-26
CUST-03867,39,39229,Paid Social,Term Life,Variant A,85,15.0,1,2026-04-08
CUST-03868,29,50878,Paid Social,Whole Life,Control,73,15.0,1,2026-02-20
CUST-03869,42,49549,Paid Social,Whole Life,Variant A,87,15.0,1,2026-04-21
CUST-03870,29,86132,Paid Search,Term Life,Variant A,46,0.0,0,2026-01-09
CUST-03871,18,42850,Paid Search,Accidental Death,Variant A,90,0.0,0,2026-04-04
CUST-03872,50,25000,Paid Search,Term Life,Variant A,92,0.0,0,2026-01-29
CUST-03873,48,25000,Paid Search,Whole Life,Control,78,15.0,1,2026-04-03
CUST-03874,47,28240,Email,Term Life,Control,6,0.0,0,2026-04-20
CUST-03875,57,99038,Paid Search,Accidental Death,Control,32,0.0,0,2026-03-24
CUST-03876,34,65405,Paid Social,Term Life,Control,21,0.0,0,2026-01-08
CUST-03877,24,77531,Paid Search,Term Life,Variant A,74,15.0,1,2026-04-18
CUST-03878,41,78412,Email,Term Life,Control,73,15.0,1,2026-03-22
CUST-03879,37,66404,Paid Social,Term Life,Control,43,0.0,0,2026-03-17
CUST-03880,31,63130,Paid Search,Term Life,Variant A,11,0.0,0,2026-01-15
CUST-03881,41,91113,Paid Social,Whole Life,Control,36,0.0,0,2026-03-10
CUST-03882,34,68649,Paid Social,Term Life,Control,8,0.0,0,2026-02-03
CUST-03883,19,99977,Email,Term Life,Variant A,25,0.0,0,2026-02-21
CUST-03884,36,80520,Paid Search,Term Life,Control,36,0.0,0,2026-02-19
CUST-03885,28,49555,Email,Accidental Death,Variant A,86,15.0,1,2026-03-08
CUST-03886,44,52571,Email,Whole Life,Variant A,18,0.0,0,2026-01-05
CUST-03887,34,46813,Email,Whole Life,Variant A,74,0.0,0,2026-04-08
CUST-03888,55,95438,Paid Social,Whole Life,Control,79,0.0,0,2026-01-09
CUST-03889,61,54873,Paid Social,Term Life,Control,50,0.0,0,2026-03-29
CUST-03890,50,45038,Paid Social,Term Life,Variant A,24,0.0,0,2026-01-05
CUST-03891,23,72994,Paid Social,Term Life,Control,97,0.0,0,2026-01-27
CUST-03892,60,62570,Paid Social,Accidental Death,Control,62,15.0,1,2026-04-23
CUST-03893,60,72364,Paid Social,Accidental Death,Control,84,15.0,1,2026-04-27
CUST-03894,42,112245,Paid Social,Term Life,Variant A,52,15.0,1,2026-03-25
CUST-03895,57,87826,Paid Social,Term Life,Variant A,11,0.0,0,2026-02-16
CUST-03896,35,65675,Email,Term Life,Variant A,44,0.0,0,2026-03-03
CUST-03897,19,29789,Paid Search,Term Life,Variant A,63,0.0,0,2026-02-14
CUST-03898,32,52500,Email,Whole Life,Control,40,15.0,1,2026-04-15
CUST-03899,62,82776,Paid Social,Term Life,Variant A,48,0.0,0,2026-03-07
CUST-03900,24,35723,Email,Accidental Death,Control,35,0.0,0,2026-01-23
CUST-03901,41,118524,Paid Social,Term Life,Variant A,46,15.0,1,2026-04-08
CUST-03902,42,65360,Paid Search,Accidental Death,Variant A,48,15.0,1,2026-03-02
CUST-03903,35,66221,Email,Whole Life,Variant A,47,0.0,0,2026-04-03
CUST-03904,36,48333,Paid Search,Whole Life,Variant A,47,0.0,0,2026-02-12
CUST-03905,42,77418,Email,Whole Life,Variant A,51,0.0,0,2026-02-04
CUST-03906,35,36049,Paid Social,Whole Life,Variant A,10,0.0,0,2026-01-30
CUST-03907,24,119122,Paid Social,Whole Life,Variant A,97,19.8,1,2026-03-08
CUST-03908,44,97933,Paid Search,Whole Life,Variant A,95,15.29,1,2026-01-10
CUST-03909,54,89607,Paid Social,Whole Life,Variant A,70,0.0,0,2026-02-25
CUST-03910,52,30239,Paid Search,Accidental Death,Variant A,90,0.0,0,2026-02-03
CUST-03911,32,70135,Paid Search,Whole Life,Variant A,13,15.0,1,2026-03-06
CUST-03912,26,95227,Paid Search,Whole Life,Control,15,0.0,0,2026-01-06
CUST-03913,38,79827,Paid Search,Accidental Death,Control,84,15.0,1,2026-03-11
CUST-03914,60,39947,Email,Term Life,Control,81,15.0,1,2026-02-12
CUST-03915,49,48747,Email,Term Life,Control,22,0.0,0,2026-01-16
CUST-03916,50,53701,Paid Search,Term Life,Control,29,0.0,0,2026-03-04
CUST-03917,52,49914,Paid Social,Whole Life,Variant A,78,0.0,0,2026-03-06
CUST-03918,47,103219,Paid Search,Accidental Death,Control,62,15.0,1,2026-01-05
CUST-03919,43,25000,Paid Social,Term Life,Variant A,34,15.0,1,2026-01-25
CUST-03920,49,81397,Email,Whole Life,Control,5,0.0,0,2026-01-27
CUST-03921,35,32692,Email,Whole Life,Variant A,67,0.0,0,2026-02-11
CUST-03922,25,40968,Paid Social,Term Life,Control,83,0.0,0,2026-04-27
CUST-03923,50,25000,Paid Social,Whole Life,Variant A,33,0.0,0,2026-02-24
CUST-03924,56,51273,Paid Search,Accidental Death,Variant A,70,15.0,1,2026-04-12
CUST-03925,28,102768,Email,Term Life,Variant A,79,15.0,1,2026-04-17
CUST-03926,51,71620,Paid Search,Whole Life,Variant A,57,0.0,0,2026-01-26
CUST-03927,62,35040,Paid Social,Whole Life,Control,23,0.0,0,2026-01-16
CUST-03928,41,90428,Paid Social,Term Life,Control,70,0.0,0,2026-04-26
CUST-03929,32,95782,Paid Social,Term Life,Control,88,0.0,0,2026-04-19
CUST-03930,43,67601,Paid Search,Accidental Death,Control,56,15.0,1,2026-04-18
CUST-03931,35,115868,Email,Term Life,Variant A,35,0.0,0,2026-04-24
CUST-03932,34,85539,Paid Search,Term Life,Variant A,64,0.0,0,2026-03-31
CUST-03933,47,82066,Paid Social,Term Life,Variant A,72,15.0,1,2026-04-19
CUST-03934,22,44915,Paid Search,Whole Life,Variant A,97,15.0,1,2026-04-11
CUST-03935,24,80684,Paid Search,Whole Life,Control,34,0.0,0,2026-01-28
CUST-03936,42,70419,Paid Social,Whole Life,Control,17,0.0,0,2026-04-02
CUST-03937,41,77995,Paid Social,Term Life,Variant A,19,0.0,0,2026-01-30
CUST-03938,46,47885,Paid Search,Accidental Death,Control,24,15.0,1,2026-03-18
CUST-03939,64,68202,Paid Search,Term Life,Variant A,38,15.0,1,2026-03-30
CUST-03940,43,44578,Paid Social,Term Life,Variant A,96,15.0,1,2026-02-14
CUST-03941,49,25000,Paid Social,Term Life,Variant A,24,15.0,1,2026-04-25
CUST-03942,30,89957,Email,Term Life,Variant A,54,0.0,0,2026-01-19
CUST-03943,51,27440,Paid Search,Accidental Death,Variant A,93,0.0,0,2026-01-13
CUST-03944,35,67679,Paid Search,Accidental Death,Variant A,31,0.0,0,2026-03-16
CUST-03945,42,73325,Paid Search,Term Life,Variant A,34,0.0,0,2026-04-22
CUST-03946,40,73164,Paid Search,Accidental Death,Variant A,60,0.0,0,2026-01-23
CUST-03947,54,57923,Paid Social,Whole Life,Control,88,0.0,0,2026-01-14
CUST-03948,26,71780,Paid Social,Accidental Death,Variant A,69,0.0,0,2026-03-15
CUST-03949,18,76774,Paid Search,Term Life,Control,59,0.0,0,2026-04-08
CUST-03950,39,83374,Paid Search,Whole Life,Variant A,28,17.53,1,2026-04-14
CUST-03951,47,108336,Paid Search,Term Life,Control,29,0.0,0,2026-01-23
CUST-03952,43,70854,Email,Accidental Death,Control,57,0.0,0,2026-02-09
CUST-03953,56,66601,Email,Term Life,Control,80,0.0,0,2026-03-05
CUST-03954,47,42331,Paid Search,Whole Life,Control,15,15.0,1,2026-04-28
CUST-03955,35,75898,Paid Search,Term Life,Control,98,0.0,0,2026-03-26
CUST-03956,18,81684,Email,Term Life,Control,64,0.0,0,2026-02-28
CUST-03957,39,60192,Email,Whole Life,Variant A,81,15.0,1,2026-01-20
CUST-03958,54,78615,Paid Social,Accidental Death,Variant A,51,15.0,1,2026-02-01
CUST-03959,37,57687,Paid Search,Whole Life,Variant A,29,0.0,0,2026-03-19
CUST-03960,42,81774,Paid Search,Accidental Death,Variant A,29,0.0,0,2026-01-24
CUST-03961,47,87815,Paid Social,Term Life,Variant A,21,15.0,1,2026-02-15
CUST-03962,29,87465,Paid Search,Whole Life,Variant A,16,15.75,1,2026-01-18
CUST-03963,49,67946,Paid Search,Term Life,Variant A,56,15.0,1,2026-04-21
CUST-03964,61,39000,Paid Social,Term Life,Variant A,15,0.0,0,2026-04-28
CUST-03965,39,49702,Paid Search,Whole Life,Variant A,14,0.0,0,2026-04-04
CUST-03966,28,79878,Paid Social,Whole Life,Control,85,15.74,1,2026-04-02
CUST-03967,41,126220,Paid Search,Whole Life,Control,64,0.0,0,2026-02-17
CUST-03968,18,56481,Paid Search,Whole Life,Variant A,58,0.0,0,2026-01-14
CUST-03969,46,76395,Paid Social,Whole Life,Control,84,0.0,0,2026-04-16
CUST-03970,47,51098,Paid Search,Term Life,Control,67,15.0,1,2026-02-23
CUST-03971,62,40650,Email,Term Life,Control,24,0.0,0,2026-01-21
CUST-03972,39,48092,Paid Social,Whole Life,Variant A,9,0.0,0,2026-04-08
CUST-03973,46,25000,Paid Search,Term Life,Variant A,45,0.0,0,2026-01-05
CUST-03974,31,98835,Paid Social,Term Life,Control,67,0.0,0,2026-01-31
CUST-03975,37,25000,Paid Search,Term Life,Control,60,15.0,1,2026-03-08
CUST-03976,23,58404,Email,Whole Life,Control,36,0.0,0,2026-03-28
CUST-03977,39,35546,Paid Search,Term Life,Variant A,31,0.0,0,2026-04-13
CUST-03978,38,42890,Paid Social,Whole Life,Control,72,15.0,1,2026-04-30
CUST-03979,45,99413,Paid Search,Whole Life,Control,52,0.0,0,2026-02-28
CUST-03980,34,70026,Paid Social,Term Life,Control,11,0.0,0,2026-02-13
CUST-03981,43,40865,Email,Whole Life,Control,50,0.0,0,2026-03-05
CUST-03982,37,50262,Email,Whole Life,Control,82,0.0,0,2026-04-04
CUST-03983,38,45862,Paid Search,Whole Life,Variant A,92,15.0,1,2026-02-11
CUST-03984,42,63911,Paid Search,Whole Life,Control,22,0.0,0,2026-04-17
CUST-03985,42,69322,Email,Term Life,Variant A,42,0.0,0,2026-04-04
CUST-03986,51,112389,Email,Whole Life,Control,69,23.59,1,2026-04-23
CUST-03987,40,25000,Paid Search,Term Life,Control,21,0.0,0,2026-04-10
CUST-03988,37,64129,Paid Social,Accidental Death,Control,94,0.0,0,2026-02-07
CUST-03989,39,57110,Paid Search,Accidental Death,Variant A,90,0.0,0,2026-01-07
CUST-03990,33,88663,Email,Whole Life,Variant A,86,0.0,0,2026-02-28
CUST-03991,37,73870,Paid Search,Term Life,Variant A,42,0.0,0,2026-03-10
CUST-03992,66,79759,Paid Search,Term Life,Control,96,0.0,0,2026-03-11
CUST-03993,31,73627,Paid Social,Term Life,Control,89,15.0,1,2026-02-18
CUST-03994,38,41700,Paid Search,Term Life,Control,67,0.0,0,2026-03-19
CUST-03995,37,95281,Paid Social,Term Life,Control,98,15.0,1,2026-01-11
CUST-03996,39,84962,Paid Social,Whole Life,Control,46,0.0,0,2026-04-11
CUST-03997,38,87888,Paid Search,Term Life,Control,12,0.0,0,2026-01-02
CUST-03998,45,96601,Paid Search,Accidental Death,Control,34,15.0,1,2026-04-05
CUST-03999,21,75441,Paid Social,Term Life,Variant A,68,15.0,1,2026-04-20
CUST-04000,54,102024,Paid Search,Accidental Death,Variant A,13,0.0,0,2026-01-27
CUST-04001,49,74440,Paid Social,Accidental Death,Control,61,0.0,0,2026-01-16
CUST-04002,27,59523,Email,Whole Life,Control,63,15.0,1,2026-03-05
CUST-04003,18,64834,Paid Social,Whole Life,Variant A,97,15.0,1,2026-03-07
CUST-04004,30,64403,Paid Search,Term Life,Control,99,15.0,1,2026-02-18
CUST-04005,39,52015,Paid Search,Whole Life,Variant A,71,15.0,1,2026-03-31
CUST-04006,72,105797,Paid Search,Term Life,Variant A,79,15.0,1,2026-01-16
CUST-04007,48,72407,Paid Search,Term Life,Variant A,9,0.0,0,2026-03-14
CUST-04008,20,67368,Paid Social,Whole Life,Control,99,0.0,0,2026-02-21
CUST-04009,33,74706,Paid Social,Term Life,Variant A,88,0.0,0,2026-04-26
CUST-04010,41,139496,Paid Search,Whole Life,Variant A,8,0.0,0,2026-03-14
CUST-04011,45,36706,Paid Search,Term Life,Control,12,0.0,0,2026-01-05
CUST-04012,26,43874,Paid Search,Term Life,Variant A,46,15.0,1,2026-02-05
CUST-04013,40,30485,Paid Social,Term Life,Control,39,0.0,0,2026-01-07
CUST-04014,33,59185,Paid Search,Term Life,Variant A,17,0.0,0,2026-03-02
CUST-04015,28,71137,Paid Social,Term Life,Control,9,0.0,0,2026-04-06
CUST-04016,45,53366,Paid Search,Term Life,Control,44,0.0,0,2026-01-29
CUST-04017,51,51506,Email,Term Life,Variant A,23,15.0,1,2026-04-11
CUST-04018,52,68560,Email,Accidental Death,Control,86,0.0,0,2026-04-30
CUST-04019,48,52447,Paid Search,Term Life,Control,8,0.0,0,2026-03-08
CUST-04020,36,72754,Paid Search,Whole Life,Control,63,15.0,1,2026-01-30
CUST-04021,50,92855,Paid Social,Term Life,Control,22,15.0,1,2026-02-09
CUST-04022,45,81925,Paid Search,Accidental Death,Variant A,28,0.0,0,2026-01-31
CUST-04023,43,87025,Paid Social,Term Life,Control,97,15.0,1,2026-02-17
CUST-04024,34,92147,Email,Term Life,Control,35,0.0,0,2026-04-01
CUST-04025,36,72070,Paid Social,Whole Life,Control,62,15.0,1,2026-01-06
CUST-04026,42,61033,Email,Term Life,Control,32,0.0,0,2026-03-03
CUST-04027,71,45693,Paid Search,Whole Life,Variant A,13,0.0,0,2026-01-29
CUST-04028,45,55220,Paid Search,Term Life,Control,49,15.0,1,2026-01-09
CUST-04029,34,51907,Paid Social,Accidental Death,Variant A,94,15.0,1,2026-02-23
CUST-04030,32,83291,Paid Search,Term Life,Control,53,0.0,0,2026-03-25
CUST-04031,36,73669,Paid Social,Term Life,Control,6,0.0,0,2026-04-24
CUST-04032,68,82418,Paid Search,Whole Life,Variant A,10,0.0,0,2026-01-11
CUST-04033,37,35991,Paid Search,Term Life,Control,33,0.0,0,2026-01-19
CUST-04034,52,100793,Email,Accidental Death,Control,30,0.0,0,2026-04-13
CUST-04035,37,54325,Paid Search,Term Life,Control,32,15.0,1,2026-03-15
CUST-04036,45,37499,Email,Whole Life,Control,11,0.0,0,2026-01-05
CUST-04037,51,54019,Email,Term Life,Variant A,38,15.0,1,2026-04-13
CUST-04038,35,127094,Paid Social,Accidental Death,Variant A,60,15.0,1,2026-03-28
CUST-04039,34,55307,Paid Social,Whole Life,Control,14,0.0,0,2026-03-11
CUST-04040,61,56872,Paid Social,Term Life,Variant A,61,0.0,0,2026-04-05
CUST-04041,53,60197,Email,Term Life,Variant A,51,0.0,0,2026-01-18
CUST-04042,51,61284,Paid Search,Term Life,Variant A,90,15.0,1,2026-01-21
CUST-04043,51,45463,Paid Social,Accidental Death,Control,31,15.0,1,2026-01-15
CUST-04044,47,68580,Paid Social,Term Life,Control,43,0.0,0,2026-02-28
CUST-04045,66,91889,Paid Social,Term Life,Control,26,0.0,0,2026-04-05
CUST-04046,42,72857,Paid Social,Term Life,Control,23,0.0,0,2026-03-15
CUST-04047,48,37220,Paid Search,Term Life,Control,13,0.0,0,2026-01-06
CUST-04048,24,56391,Paid Social,Whole Life,Control,23,0.0,0,2026-01-24
CUST-04049,32,51211,Email,Accidental Death,Control,6,0.0,0,2026-04-07
CUST-04050,27,66323,Paid Search,Whole Life,Variant A,96,0.0,0,2026-03-01
CUST-04051,57,98261,Email,Accidental Death,Control,65,15.0,1,2026-01-28
CUST-04052,18,61277,Paid Social,Whole Life,Control,63,15.0,1,2026-04-02
CUST-04053,37,62796,Email,Term Life,Control,90,15.0,1,2026-03-15
CUST-04054,18,109441,Paid Social,Term Life,Variant A,74,15.0,1,2026-01-23
CUST-04055,32,86905,Paid Social,Whole Life,Variant A,75,0.0,0,2026-03-20
CUST-04056,36,79352,Paid Search,Accidental Death,Variant A,74,0.0,0,2026-02-15
CUST-04057,58,113953,Email,Accidental Death,Variant A,37,0.0,0,2026-04-22
CUST-04058,46,77245,Paid Search,Term Life,Variant A,82,0.0,0,2026-02-06
CUST-04059,32,25000,Email,Term Life,Variant A,69,0.0,0,2026-01-14
CUST-04060,54,85816,Email,Term Life,Control,29,0.0,0,2026-02-17
CUST-04061,42,25199,Paid Search,Accidental Death,Variant A,74,0.0,0,2026-03-19
CUST-04062,42,76300,Paid Search,Accidental Death,Variant A,32,0.0,0,2026-03-12
CUST-04063,27,25000,Paid Social,Whole Life,Variant A,22,0.0,0,2026-04-25
CUST-04064,30,53328,Paid Search,Term Life,Control,67,0.0,0,2026-02-05
CUST-04065,32,55905,Email,Whole Life,Control,95,15.0,1,2026-03-23
CUST-04066,42,45747,Paid Search,Term Life,Control,53,0.0,0,2026-03-01
CUST-04067,42,56278,Paid Search,Term Life,Variant A,70,0.0,0,2026-02-23
CUST-04068,60,90814,Email,Whole Life,Variant A,44,0.0,0,2026-04-27
CUST-04069,46,47151,Paid Social,Term Life,Control,89,15.0,1,2026-03-20
CUST-04070,18,78628,Email,Term Life,Variant A,91,15.0,1,2026-04-23
CUST-04071,45,40858,Paid Search,Accidental Death,Control,70,15.0,1,2026-03-04
CUST-04072,24,60262,Paid Social,Whole Life,Variant A,84,0.0,0,2026-04-07
CUST-04073,30,73095,Paid Social,Term Life,Variant A,8,0.0,0,2026-04-30
CUST-04074,32,40086,Paid Social,Whole Life,Control,38,15.0,1,2026-04-21
CUST-04075,34,32206,Paid Social,Term Life,Control,9,0.0,0,2026-02-17
CUST-04076,25,77296,Paid Social,Whole Life,Control,26,0.0,0,2026-04-30
CUST-04077,44,93077,Paid Social,Whole Life,Variant A,24,0.0,0,2026-01-22
CUST-04078,25,63023,Paid Search,Whole Life,Control,51,0.0,0,2026-02-12
CUST-04079,46,53567,Paid Social,Whole Life,Variant A,81,0.0,0,2026-02-10
CUST-04080,68,68891,Paid Search,Term Life,Control,38,0.0,0,2026-01-17
CUST-04081,26,66386,Paid Social,Term Life,Variant A,48,0.0,0,2026-03-04
CUST-04082,38,71072,Paid Search,Term Life,Control,10,0.0,0,2026-03-31
CUST-04083,18,25000,Paid Social,Term Life,Control,60,0.0,0,2026-03-20
CUST-04084,38,38272,Paid Social,Whole Life,Control,33,0.0,0,2026-04-14
CUST-04085,49,43869,Paid Search,Term Life,Control,57,15.0,1,2026-01-18
CUST-04086,50,68771,Paid Search,Term Life,Control,5,0.0,0,2026-03-13
CUST-04087,42,69646,Paid Search,Term Life,Variant A,63,15.0,1,2026-01-03
CUST-04088,52,80904,Paid Social,Accidental Death,Control,52,15.0,1,2026-02-23
CUST-04089,72,71439,Email,Term Life,Variant A,11,0.0,0,2026-04-29
CUST-04090,62,32481,Paid Search,Whole Life,Control,90,15.0,1,2026-04-25
CUST-04091,35,101175,Paid Social,Term Life,Control,36,0.0,0,2026-01-14
CUST-04092,24,96797,Paid Search,Term Life,Control,82,15.0,1,2026-02-03
CUST-04093,37,33545,Paid Social,Term Life,Variant A,65,15.0,1,2026-04-07
CUST-04094,30,73317,Email,Whole Life,Control,61,0.0,0,2026-04-11
CUST-04095,47,50114,Paid Search,Whole Life,Control,55,0.0,0,2026-04-23
CUST-04096,27,68471,Paid Social,Accidental Death,Variant A,92,15.0,1,2026-01-01
CUST-04097,41,91332,Paid Search,Term Life,Control,23,0.0,0,2026-04-27
CUST-04098,52,118252,Paid Search,Term Life,Variant A,31,0.0,0,2026-02-17
CUST-04099,40,83781,Paid Search,Accidental Death,Control,67,15.0,1,2026-04-09
CUST-04100,30,72373,Paid Search,Term Life,Control,64,0.0,0,2026-01-10
CUST-04101,56,56504,Paid Social,Whole Life,Variant A,65,15.0,1,2026-03-24
CUST-04102,19,69553,Paid Social,Whole Life,Control,65,0.0,0,2026-01-11
CUST-04103,38,98994,Paid Social,Term Life,Control,91,15.0,1,2026-04-29
CUST-04104,41,63882,Paid Search,Whole Life,Variant A,49,0.0,0,2026-04-09
CUST-04105,42,42847,Paid Search,Term Life,Control,25,0.0,0,2026-03-07
CUST-04106,44,25000,Paid Social,Term Life,Variant A,48,0.0,0,2026-01-03
CUST-04107,49,77826,Email,Term Life,Variant A,97,15.0,1,2026-01-15
CUST-04108,41,71182,Paid Search,Accidental Death,Variant A,5,0.0,0,2026-02-28
CUST-04109,37,48852,Email,Term Life,Control,99,15.0,1,2026-04-26
CUST-04110,37,90650,Paid Social,Whole Life,Variant A,95,15.0,1,2026-04-15
CUST-04111,34,54455,Paid Social,Accidental Death,Control,48,0.0,0,2026-03-05
CUST-04112,51,61633,Paid Social,Whole Life,Control,66,15.0,1,2026-02-16
CUST-04113,34,64583,Paid Search,Whole Life,Variant A,65,15.0,1,2026-04-02
CUST-04114,52,56226,Paid Search,Term Life,Control,95,15.0,1,2026-01-02
CUST-04115,42,70896,Paid Social,Term Life,Control,83,15.0,1,2026-01-30
CUST-04116,35,93787,Paid Search,Term Life,Control,93,15.0,1,2026-02-07
CUST-04117,49,36437,Email,Whole Life,Variant A,83,0.0,0,2026-01-05
CUST-04118,33,77213,Paid Social,Accidental Death,Control,87,0.0,0,2026-01-06
CUST-04119,49,69303,Paid Search,Accidental Death,Control,54,15.0,1,2026-01-05
CUST-04120,44,68844,Paid Social,Accidental Death,Variant A,79,0.0,0,2026-04-28
CUST-04121,34,86796,Paid Search,Accidental Death,Variant A,45,15.0,1,2026-01-12
CUST-04122,48,66232,Paid Social,Term Life,Control,37,15.0,1,2026-01-04
CUST-04123,48,77005,Paid Social,Whole Life,Variant A,91,0.0,0,2026-01-24
CUST-04124,55,82896,Email,Accidental Death,Control,16,0.0,0,2026-01-25
CUST-04125,53,52390,Paid Social,Term Life,Control,6,0.0,0,2026-01-26
CUST-04126,47,72479,Paid Social,Accidental Death,Control,25,0.0,0,2026-02-24
CUST-04127,28,58730,Paid Social,Term Life,Variant A,18,0.0,0,2026-02-15
CUST-04128,71,61682,Email,Whole Life,Control,38,0.0,0,2026-02-15
CUST-04129,25,56948,Paid Search,Whole Life,Variant A,83,15.0,1,2026-02-12
CUST-04130,53,76777,Paid Search,Accidental Death,Variant A,89,15.0,1,2026-03-01
CUST-04131,47,67041,Paid Search,Term Life,Control,68,15.0,1,2026-02-02
CUST-04132,27,74863,Paid Search,Whole Life,Variant A,27,0.0,0,2026-01-21
CUST-04133,40,64562,Paid Social,Whole Life,Control,89,0.0,0,2026-03-28
CUST-04134,41,25000,Paid Social,Term Life,Control,54,0.0,0,2026-04-11
CUST-04135,57,65784,Paid Social,Whole Life,Variant A,18,0.0,0,2026-02-06
CUST-04136,33,66588,Paid Search,Whole Life,Variant A,89,15.0,1,2026-01-12
CUST-04137,38,71064,Paid Social,Whole Life,Variant A,80,0.0,0,2026-04-11
CUST-04138,18,50156,Paid Search,Term Life,Control,50,0.0,0,2026-01-21
CUST-04139,62,35113,Paid Social,Term Life,Variant A,9,0.0,0,2026-01-13
CUST-04140,29,80615,Paid Social,Whole Life,Variant A,70,15.0,1,2026-04-17
CUST-04141,45,58159,Paid Search,Term Life,Control,26,0.0,0,2026-04-27
CUST-04142,40,69281,Paid Search,Term Life,Variant A,74,15.0,1,2026-02-02
CUST-04143,40,57963,Paid Search,Accidental Death,Variant A,6,0.0,0,2026-04-18
CUST-04144,51,64848,Email,Whole Life,Control,33,0.0,0,2026-03-11
CUST-04145,62,53767,Email,Whole Life,Variant A,65,0.0,0,2026-04-17
CUST-04146,45,40797,Paid Social,Term Life,Variant A,75,0.0,0,2026-03-17
CUST-04147,49,76843,Paid Search,Term Life,Variant A,20,0.0,0,2026-03-02
CUST-04148,45,49921,Paid Social,Term Life,Control,68,0.0,0,2026-04-12
CUST-04149,54,69098,Paid Social,Term Life,Variant A,18,0.0,0,2026-04-30
CUST-04150,36,75261,Paid Social,Whole Life,Variant A,47,0.0,0,2026-01-30
CUST-04151,54,50329,Paid Search,Whole Life,Control,80,15.0,1,2026-02-06
CUST-04152,55,34902,Paid Search,Term Life,Variant A,47,15.0,1,2026-03-23
CUST-04153,54,125652,Paid Social,Term Life,Variant A,74,0.0,0,2026-01-16
CUST-04154,34,51805,Paid Search,Term Life,Control,59,15.0,1,2026-02-14
CUST-04155,39,80585,Paid Search,Term Life,Control,80,0.0,0,2026-03-12
CUST-04156,44,113486,Paid Search,Term Life,Variant A,35,15.0,1,2026-04-20
CUST-04157,25,84747,Paid Social,Accidental Death,Control,80,15.0,1,2026-01-01
CUST-04158,61,57488,Email,Whole Life,Control,78,0.0,0,2026-02-22
CUST-04159,41,63322,Email,Whole Life,Control,44,0.0,0,2026-01-28
CUST-04160,45,44184,Paid Social,Term Life,Variant A,31,0.0,0,2026-02-22
CUST-04161,35,87042,Paid Social,Accidental Death,Control,56,15.0,1,2026-02-13
CUST-04162,26,79156,Paid Search,Whole Life,Variant A,11,0.0,0,2026-03-08
CUST-04163,34,52139,Paid Social,Whole Life,Variant A,50,0.0,0,2026-04-24
CUST-04164,44,38945,Paid Search,Term Life,Control,37,0.0,0,2026-04-17
CUST-04165,50,31969,Paid Social,Accidental Death,Variant A,95,0.0,0,2026-04-26
CUST-04166,43,89662,Paid Search,Accidental Death,Variant A,12,0.0,0,2026-02-08
CUST-04167,46,68009,Paid Search,Accidental Death,Control,9,0.0,0,2026-01-10
CUST-04168,37,70374,Paid Search,Term Life,Variant A,65,0.0,0,2026-02-20
CUST-04169,47,44426,Paid Search,Term Life,Control,76,0.0,0,2026-04-19
CUST-04170,59,28412,Paid Search,Term Life,Control,64,0.0,0,2026-01-14
CUST-04171,50,89065,Paid Search,Term Life,Control,89,15.0,1,2026-03-20
CUST-04172,51,66050,Email,Accidental Death,Control,28,15.0,1,2026-01-06
CUST-04173,45,87680,Paid Social,Term Life,Control,11,0.0,0,2026-02-08
CUST-04174,23,55351,Paid Social,Term Life,Control,65,15.0,1,2026-04-19
CUST-04175,29,59079,Email,Term Life,Control,87,15.0,1,2026-03-21
CUST-04176,47,82832,Email,Term Life,Variant A,99,15.0,1,2026-04-21
CUST-04177,41,83308,Paid Social,Term Life,Control,40,15.0,1,2026-03-23
CUST-04178,47,84939,Email,Whole Life,Variant A,31,16.13,1,2026-04-09
CUST-04179,62,57619,Paid Search,Whole Life,Variant A,33,0.0,0,2026-02-17
CUST-04180,50,80363,Paid Search,Term Life,Variant A,91,0.0,0,2026-01-25
CUST-04181,57,92727,Paid Social,Term Life,Variant A,24,0.0,0,2026-04-07
CUST-04182,43,62380,Paid Social,Term Life,Variant A,74,0.0,0,2026-04-30
CUST-04183,32,52162,Paid Social,Term Life,Variant A,80,0.0,0,2026-02-02
CUST-04184,41,98568,Paid Search,Whole Life,Variant A,80,15.0,1,2026-03-24
CUST-04185,32,48638,Paid Search,Whole Life,Control,7,0.0,0,2026-04-12
CUST-04186,60,80736,Paid Social,Whole Life,Control,43,0.0,0,2026-03-16
CUST-04187,51,63539,Paid Search,Whole Life,Variant A,87,0.0,0,2026-04-30
CUST-04188,48,25000,Paid Social,Term Life,Variant A,49,15.0,1,2026-04-13
CUST-04189,56,93214,Paid Social,Accidental Death,Control,72,0.0,0,2026-03-08
CUST-04190,18,25000,Paid Social,Accidental Death,Control,35,0.0,0,2026-04-12
CUST-04191,49,25000,Paid Social,Accidental Death,Control,42,0.0,0,2026-03-06
CUST-04192,26,78183,Email,Term Life,Control,10,0.0,0,2026-02-09
CUST-04193,41,78176,Paid Social,Accidental Death,Variant A,12,15.0,1,2026-01-25
CUST-04194,38,49060,Paid Social,Accidental Death,Control,32,0.0,0,2026-02-26
CUST-04195,49,68695,Paid Social,Accidental Death,Control,19,0.0,0,2026-02-01
CUST-04196,44,25000,Paid Search,Term Life,Control,99,0.0,0,2026-02-15
CUST-04197,58,82674,Paid Search,Whole Life,Control,12,0.0,0,2026-04-10
CUST-04198,34,71243,Paid Search,Accidental Death,Control,58,0.0,0,2026-01-04
CUST-04199,50,63858,Paid Social,Whole Life,Variant A,10,0.0,0,2026-04-29
CUST-04200,43,65521,Paid Social,Whole Life,Variant A,33,0.0,0,2026-01-23
CUST-04201,22,77331,Email,Accidental Death,Variant A,38,15.0,1,2026-03-21
CUST-04202,30,64277,Paid Search,Term Life,Variant A,11,0.0,0,2026-03-16
CUST-04203,40,25000,Paid Search,Whole Life,Variant A,44,0.0,0,2026-01-22
CUST-04204,55,119908,Email,Term Life,Variant A,78,0.0,0,2026-04-13
CUST-04205,47,95020,Paid Search,Accidental Death,Variant A,17,0.0,0,2026-02-02
CUST-04206,27,32876,Paid Social,Term Life,Variant A,66,15.0,1,2026-02-10
CUST-04207,40,56371,Paid Social,Whole Life,Variant A,90,0.0,0,2026-03-03
CUST-04208,66,59099,Paid Social,Whole Life,Variant A,89,15.0,1,2026-02-07
CUST-04209,43,91971,Paid Search,Whole Life,Control,69,16.79,1,2026-02-25
CUST-04210,38,25000,Paid Search,Whole Life,Control,45,0.0,0,2026-03-04
CUST-04211,47,52524,Paid Search,Accidental Death,Variant A,46,0.0,0,2026-03-18
CUST-04212,51,25000,Paid Social,Accidental Death,Variant A,70,0.0,0,2026-03-26
CUST-04213,36,57872,Paid Social,Term Life,Variant A,97,0.0,0,2026-03-17
CUST-04214,48,53187,Paid Search,Term Life,Variant A,15,0.0,0,2026-02-24
CUST-04215,38,66992,Paid Social,Term Life,Variant A,54,15.0,1,2026-02-20
CUST-04216,50,49878,Email,Term Life,Control,75,0.0,0,2026-03-31
CUST-04217,44,46224,Paid Search,Whole Life,Control,39,15.0,1,2026-04-23
CUST-04218,47,80491,Paid Social,Accidental Death,Control,98,0.0,0,2026-04-29
CUST-04219,32,76366,Paid Social,Accidental Death,Control,84,15.0,1,2026-04-27
CUST-04220,32,78784,Paid Search,Term Life,Variant A,83,0.0,0,2026-03-06
CUST-04221,53,60577,Paid Search,Term Life,Control,24,0.0,0,2026-04-15
CUST-04222,41,50706,Paid Social,Whole Life,Control,32,0.0,0,2026-02-26
CUST-04223,45,62028,Email,Whole Life,Control,41,0.0,0,2026-03-27
CUST-04224,38,77529,Email,Term Life,Variant A,7,0.0,0,2026-01-27
CUST-04225,52,25000,Paid Social,Accidental Death,Control,97,0.0,0,2026-02-26
CUST-04226,34,74852,Paid Social,Accidental Death,Variant A,63,15.0,1,2026-02-24
CUST-04227,40,72728,Paid Search,Term Life,Control,77,15.0,1,2026-04-06
CUST-04228,51,66553,Paid Social,Accidental Death,Control,31,0.0,0,2026-03-13
CUST-04229,56,61267,Paid Social,Term Life,Variant A,36,0.0,0,2026-04-08
CUST-04230,35,25000,Paid Search,Whole Life,Variant A,52,15.0,1,2026-03-23
CUST-04231,65,54003,Paid Social,Term Life,Variant A,50,0.0,0,2026-01-04
CUST-04232,45,109735,Paid Social,Term Life,Variant A,99,0.0,0,2026-03-06
CUST-04233,29,65322,Paid Search,Accidental Death,Variant A,51,0.0,0,2026-02-25
CUST-04234,46,57317,Email,Term Life,Variant A,94,0.0,0,2026-02-22
CUST-04235,37,65422,Paid Search,Whole Life,Control,44,0.0,0,2026-02-13
CUST-04236,47,73869,Paid Search,Term Life,Variant A,7,0.0,0,2026-01-16
CUST-04237,41,81470,Paid Search,Term Life,Variant A,79,0.0,0,2026-04-04
CUST-04238,42,59277,Paid Social,Term Life,Variant A,33,0.0,0,2026-01-23
CUST-04239,31,75622,Paid Social,Term Life,Variant A,95,15.0,1,2026-01-31
CUST-04240,53,106916,Paid Search,Whole Life,Control,62,15.79,1,2026-01-28
CUST-04241,28,90156,Paid Social,Term Life,Control,54,0.0,0,2026-02-19
CUST-04242,28,123507,Paid Search,Whole Life,Variant A,14,0.0,0,2026-04-11
CUST-04243,46,48580,Paid Social,Whole Life,Control,65,0.0,0,2026-01-16
CUST-04244,61,106904,Paid Social,Whole Life,Variant A,65,19.95,1,2026-02-10
CUST-04245,37,45233,Paid Social,Term Life,Variant A,27,0.0,0,2026-01-09
CUST-04246,50,73839,Email,Accidental Death,Variant A,10,0.0,0,2026-01-02
CUST-04247,54,83311,Paid Search,Term Life,Variant A,79,15.0,1,2026-04-20
CUST-04248,51,52230,Paid Search,Term Life,Control,64,0.0,0,2026-02-12
CUST-04249,38,67199,Paid Social,Term Life,Variant A,31,0.0,0,2026-03-07
CUST-04250,28,87761,Email,Term Life,Control,59,0.0,0,2026-04-06
CUST-04251,18,47243,Paid Search,Term Life,Control,35,15.0,1,2026-03-21
CUST-04252,38,106734,Paid Search,Whole Life,Variant A,34,0.0,0,2026-04-27
CUST-04253,56,30385,Paid Search,Term Life,Control,71,15.0,1,2026-04-25
CUST-04254,28,113492,Paid Social,Term Life,Variant A,17,0.0,0,2026-03-18
CUST-04255,50,90033,Paid Search,Whole Life,Control,63,0.0,0,2026-02-18
CUST-04256,30,62756,Paid Social,Term Life,Variant A,58,15.0,1,2026-04-01
CUST-04257,43,54933,Email,Term Life,Control,25,15.0,1,2026-04-05
CUST-04258,50,52324,Paid Social,Term Life,Variant A,47,0.0,0,2026-04-07
CUST-04259,34,61605,Paid Search,Whole Life,Variant A,15,0.0,0,2026-01-21
CUST-04260,44,63787,Paid Social,Term Life,Variant A,71,15.0,1,2026-01-19
CUST-04261,37,96380,Paid Search,Term Life,Control,42,15.0,1,2026-04-22
CUST-04262,50,114216,Email,Whole Life,Variant A,99,24.62,1,2026-02-26
CUST-04263,44,69984,Paid Social,Whole Life,Control,28,15.0,1,2026-03-18
CUST-04264,42,43859,Paid Search,Whole Life,Variant A,55,0.0,0,2026-03-01
CUST-04265,60,51356,Paid Social,Accidental Death,Variant A,80,15.0,1,2026-01-19
CUST-04266,49,60422,Paid Social,Term Life,Control,65,0.0,0,2026-04-09
CUST-04267,33,39246,Paid Social,Term Life,Control,50,0.0,0,2026-03-05
CUST-04268,40,35526,Paid Search,Term Life,Control,47,0.0,0,2026-02-04
CUST-04269,41,117428,Email,Term Life,Variant A,31,0.0,0,2026-02-02
CUST-04270,42,72565,Email,Term Life,Variant A,89,15.0,1,2026-03-08
CUST-04271,72,44171,Paid Social,Term Life,Variant A,93,0.0,0,2026-04-22
CUST-04272,46,85415,Email,Whole Life,Variant A,34,0.0,0,2026-03-26
CUST-04273,18,35541,Paid Search,Whole Life,Variant A,98,15.0,1,2026-04-14
CUST-04274,35,37599,Paid Social,Term Life,Control,67,0.0,0,2026-03-28
CUST-04275,18,44923,Paid Social,Whole Life,Control,14,0.0,0,2026-02-17
CUST-04276,38,106362,Paid Social,Term Life,Variant A,7,0.0,0,2026-03-01
CUST-04277,18,58677,Paid Social,Term Life,Variant A,81,0.0,0,2026-04-19
CUST-04278,31,25000,Paid Search,Whole Life,Variant A,64,15.0,1,2026-02-14
CUST-04279,23,95251,Paid Search,Term Life,Control,31,0.0,0,2026-03-16
CUST-04280,46,57340,Paid Search,Term Life,Control,86,15.0,1,2026-03-09
CUST-04281,42,25000,Paid Search,Term Life,Control,49,15.0,1,2026-03-09
CUST-04282,45,57082,Paid Social,Accidental Death,Variant A,66,0.0,0,2026-01-15
CUST-04283,40,78025,Paid Search,Whole Life,Variant A,28,0.0,0,2026-04-02
CUST-04284,25,75101,Paid Search,Term Life,Control,50,15.0,1,2026-04-10
CUST-04285,48,109960,Paid Social,Accidental Death,Variant A,82,0.0,0,2026-03-13
CUST-04286,65,43680,Paid Social,Whole Life,Control,48,0.0,0,2026-03-29
CUST-04287,46,66168,Email,Whole Life,Variant A,67,15.0,1,2026-04-08
CUST-04288,36,47510,Paid Social,Accidental Death,Variant A,8,0.0,0,2026-01-15
CUST-04289,24,26445,Paid Search,Term Life,Control,20,0.0,0,2026-01-23
CUST-04290,31,87138,Email,Term Life,Control,55,0.0,0,2026-03-01
CUST-04291,47,76581,Paid Social,Whole Life,Control,78,15.0,1,2026-04-01
CUST-04292,54,72091,Paid Search,Whole Life,Variant A,95,15.0,1,2026-01-14
CUST-04293,45,75669,Paid Social,Whole Life,Variant A,52,15.0,1,2026-04-27
CUST-04294,51,47863,Email,Whole Life,Control,69,0.0,0,2026-01-02
CUST-04295,50,39857,Paid Search,Accidental Death,Control,73,0.0,0,2026-04-09
CUST-04296,48,65941,Paid Search,Accidental Death,Variant A,81,0.0,0,2026-02-12
CUST-04297,34,94030,Paid Search,Accidental Death,Variant A,49,0.0,0,2026-03-12
CUST-04298,44,105201,Paid Search,Accidental Death,Control,7,0.0,0,2026-01-16
CUST-04299,31,84885,Paid Social,Accidental Death,Control,21,15.0,1,2026-03-27
CUST-04300,42,65729,Paid Social,Term Life,Variant A,87,0.0,0,2026-04-28
CUST-04301,45,71744,Paid Search,Term Life,Control,41,0.0,0,2026-01-28
CUST-04302,62,65289,Email,Term Life,Control,9,0.0,0,2026-02-01
CUST-04303,26,39351,Paid Social,Accidental Death,Variant A,51,0.0,0,2026-03-12
CUST-04304,47,65616,Paid Social,Whole Life,Variant A,48,0.0,0,2026-03-27
CUST-04305,59,31629,Email,Whole Life,Variant A,92,0.0,0,2026-04-17
CUST-04306,51,61898,Paid Search,Term Life,Control,37,0.0,0,2026-01-02
CUST-04307,51,105902,Paid Social,Term Life,Control,25,0.0,0,2026-03-13
CUST-04308,49,85571,Paid Social,Whole Life,Control,71,0.0,0,2026-01-07
CUST-04309,57,41922,Email,Term Life,Variant A,72,15.0,1,2026-02-07
CUST-04310,28,63189,Paid Social,Term Life,Variant A,36,15.0,1,2026-02-17
CUST-04311,25,44140,Paid Search,Term Life,Variant A,28,0.0,0,2026-03-26
CUST-04312,41,63437,Email,Term Life,Variant A,39,0.0,0,2026-04-17
CUST-04313,18,91027,Paid Search,Whole Life,Variant A,22,0.0,0,2026-03-27
CUST-04314,56,81325,Email,Term Life,Control,71,0.0,0,2026-04-09
CUST-04315,56,127103,Email,Whole Life,Control,58,19.25,1,2026-03-23
CUST-04316,36,94811,Paid Search,Term Life,Control,30,0.0,0,2026-03-14
CUST-04317,37,70100,Paid Social,Accidental Death,Control,64,15.0,1,2026-04-23
CUST-04318,41,81928,Paid Search,Term Life,Control,92,15.0,1,2026-01-02
CUST-04319,42,59938,Paid Social,Whole Life,Variant A,69,0.0,0,2026-02-11
CUST-04320,43,36812,Paid Social,Whole Life,Control,55,0.0,0,2026-02-11
CUST-04321,48,97644,Paid Social,Term Life,Variant A,64,0.0,0,2026-03-22
CUST-04322,39,90224,Email,Accidental Death,Variant A,63,15.0,1,2026-04-14
CUST-04323,53,58973,Paid Social,Whole Life,Control,80,15.0,1,2026-01-20
CUST-04324,47,71848,Paid Social,Term Life,Control,21,0.0,0,2026-01-06
CUST-04325,34,96023,Email,Term Life,Control,89,0.0,0,2026-01-11
CUST-04326,58,86158,Email,Accidental Death,Control,25,0.0,0,2026-03-10
CUST-04327,25,28422,Paid Search,Whole Life,Variant A,71,0.0,0,2026-04-30
CUST-04328,40,71090,Email,Term Life,Variant A,32,15.0,1,2026-03-15
CUST-04329,53,60809,Paid Search,Term Life,Variant A,93,15.0,1,2026-03-28
CUST-04330,33,92825,Email,Accidental Death,Control,48,0.0,0,2026-04-07
CUST-04331,45,90776,Paid Search,Whole Life,Control,74,0.0,0,2026-02-09
CUST-04332,48,97965,Paid Search,Whole Life,Variant A,66,15.0,1,2026-02-05
CUST-04333,31,37052,Paid Social,Term Life,Control,46,15.0,1,2026-04-13
CUST-04334,41,45397,Paid Social,Whole Life,Control,98,0.0,0,2026-02-20
CUST-04335,40,92852,Paid Search,Term Life,Variant A,26,15.0,1,2026-02-16
CUST-04336,35,50208,Paid Search,Term Life,Control,42,0.0,0,2026-04-08
CUST-04337,69,26964,Paid Social,Whole Life,Variant A,18,0.0,0,2026-01-17
CUST-04338,32,78314,Email,Accidental Death,Control,30,0.0,0,2026-01-26
CUST-04339,54,51319,Paid Search,Term Life,Control,44,15.0,1,2026-02-22
CUST-04340,37,109744,Paid Search,Term Life,Variant A,58,0.0,0,2026-02-17
CUST-04341,28,72404,Paid Social,Whole Life,Variant A,17,0.0,0,2026-01-27
CUST-04342,43,69006,Paid Search,Whole Life,Variant A,98,0.0,0,2026-02-15
CUST-04343,49,55768,Email,Accidental Death,Control,23,0.0,0,2026-03-08
CUST-04344,53,104770,Email,Whole Life,Variant A,46,15.59,1,2026-01-19
CUST-04345,60,73963,Paid Social,Term Life,Control,45,0.0,0,2026-03-13
CUST-04346,75,54787,Paid Search,Accidental Death,Control,54,15.0,1,2026-03-22
CUST-04347,45,45147,Paid Social,Whole Life,Control,7,0.0,0,2026-04-24
CUST-04348,34,63163,Paid Social,Accidental Death,Control,35,0.0,0,2026-03-06
CUST-04349,47,40558,Email,Whole Life,Variant A,80,15.0,1,2026-03-12
CUST-04350,38,90721,Paid Social,Accidental Death,Control,19,0.0,0,2026-02-05
CUST-04351,53,25000,Paid Social,Term Life,Variant A,58,15.0,1,2026-03-08
CUST-04352,26,61512,Paid Social,Term Life,Variant A,57,0.0,0,2026-03-24
CUST-04353,70,80253,Paid Social,Accidental Death,Variant A,49,0.0,0,2026-02-11
CUST-04354,52,73552,Email,Term Life,Variant A,42,0.0,0,2026-04-01
CUST-04355,21,47067,Paid Social,Term Life,Variant A,82,15.0,1,2026-03-08
CUST-04356,33,81506,Paid Social,Whole Life,Control,84,15.0,1,2026-04-08
CUST-04357,51,42849,Paid Search,Accidental Death,Variant A,54,0.0,0,2026-03-10
CUST-04358,56,64440,Paid Social,Term Life,Variant A,28,0.0,0,2026-02-18
CUST-04359,26,81296,Paid Social,Accidental Death,Variant A,21,0.0,0,2026-02-06
CUST-04360,50,76572,Paid Search,Whole Life,Control,22,15.44,1,2026-02-15
CUST-04361,18,48124,Paid Search,Whole Life,Control,46,0.0,0,2026-03-21
CUST-04362,40,94937,Paid Social,Accidental Death,Variant A,21,0.0,0,2026-02-25
CUST-04363,55,67167,Paid Social,Term Life,Control,20,0.0,0,2026-04-29
CUST-04364,35,83574,Paid Social,Term Life,Variant A,89,0.0,0,2026-03-04
CUST-04365,23,103227,Paid Search,Term Life,Control,92,15.0,1,2026-03-19
CUST-04366,43,92938,Paid Social,Whole Life,Control,56,0.0,0,2026-01-30
CUST-04367,34,93003,Paid Search,Whole Life,Variant A,40,0.0,0,2026-04-06
CUST-04368,49,69816,Paid Social,Accidental Death,Control,95,15.0,1,2026-03-04
CUST-04369,31,84848,Paid Search,Whole Life,Control,43,0.0,0,2026-04-25
CUST-04370,32,70339,Paid Search,Whole Life,Control,85,0.0,0,2026-04-19
CUST-04371,18,34766,Paid Search,Whole Life,Variant A,29,0.0,0,2026-03-17
CUST-04372,44,72568,Paid Search,Term Life,Control,46,15.0,1,2026-04-01
CUST-04373,40,71409,Paid Search,Term Life,Control,25,15.0,1,2026-01-26
CUST-04374,27,79593,Paid Search,Accidental Death,Variant A,72,15.0,1,2026-04-22
CUST-04375,44,61800,Paid Social,Term Life,Control,93,0.0,0,2026-04-03
CUST-04376,54,45963,Paid Social,Term Life,Control,63,0.0,0,2026-01-23
CUST-04377,39,81412,Paid Search,Whole Life,Variant A,34,0.0,0,2026-04-23
CUST-04378,45,32168,Email,Term Life,Variant A,61,0.0,0,2026-03-27
CUST-04379,45,101470,Paid Search,Accidental Death,Control,37,0.0,0,2026-01-20
CUST-04380,27,59214,Paid Social,Term Life,Variant A,94,15.0,1,2026-04-12
CUST-04381,66,71138,Paid Search,Term Life,Variant A,93,15.0,1,2026-02-15
CUST-04382,36,78963,Paid Search,Term Life,Control,57,0.0,0,2026-03-21
CUST-04383,49,79767,Paid Social,Whole Life,Variant A,20,0.0,0,2026-01-31
CUST-04384,51,29775,Paid Social,Term Life,Control,53,0.0,0,2026-03-08
CUST-04385,40,85602,Email,Whole Life,Control,92,18.66,1,2026-01-21
CUST-04386,49,72578,Paid Social,Accidental Death,Variant A,9,0.0,0,2026-02-20
CUST-04387,44,49118,Email,Accidental Death,Control,81,0.0,0,2026-02-08
CUST-04388,24,46258,Paid Search,Term Life,Variant A,98,0.0,0,2026-03-04
CUST-04389,38,56648,Paid Search,Term Life,Control,64,15.0,1,2026-03-10
CUST-04390,34,32531,Paid Search,Whole Life,Control,75,0.0,0,2026-01-20
CUST-04391,36,108056,Paid Search,Accidental Death,Control,85,0.0,0,2026-04-29
CUST-04392,26,102153,Paid Social,Accidental Death,Control,59,0.0,0,2026-01-23
CUST-04393,55,76292,Paid Social,Term Life,Variant A,95,15.0,1,2026-04-06
CUST-04394,61,59415,Paid Search,Whole Life,Variant A,39,0.0,0,2026-02-11
CUST-04395,53,60072,Email,Term Life,Variant A,73,0.0,0,2026-03-14
CUST-04396,57,83951,Email,Term Life,Variant A,46,15.0,1,2026-01-03
CUST-04397,37,108945,Paid Search,Term Life,Variant A,73,0.0,0,2026-01-27
CUST-04398,34,50740,Paid Search,Term Life,Variant A,28,0.0,0,2026-04-01
CUST-04399,32,37060,Paid Search,Term Life,Control,75,15.0,1,2026-03-15
CUST-04400,49,103691,Paid Search,Term Life,Variant A,75,15.0,1,2026-03-21
CUST-04401,44,25000,Paid Search,Whole Life,Control,59,0.0,0,2026-01-24
CUST-04402,41,39786,Paid Social,Term Life,Variant A,18,0.0,0,2026-03-28
CUST-04403,57,58828,Paid Search,Whole Life,Variant A,59,0.0,0,2026-01-09
CUST-04404,46,25989,Paid Search,Term Life,Control,19,15.0,1,2026-01-02
CUST-04405,31,92803,Email,Term Life,Variant A,9,15.0,1,2026-01-06
CUST-04406,33,86422,Paid Social,Term Life,Variant A,8,0.0,0,2026-04-11
CUST-04407,50,50630,Email,Term Life,Control,34,0.0,0,2026-04-09
CUST-04408,54,96990,Paid Search,Whole Life,Variant A,88,16.75,1,2026-03-12
CUST-04409,48,101232,Paid Search,Term Life,Control,57,0.0,0,2026-03-20
CUST-04410,64,62170,Paid Social,Whole Life,Variant A,94,15.0,1,2026-01-21
CUST-04411,61,53733,Paid Search,Term Life,Variant A,77,15.0,1,2026-04-12
CUST-04412,47,121490,Paid Search,Whole Life,Control,34,0.0,0,2026-04-10
CUST-04413,31,83029,Paid Social,Whole Life,Control,90,0.0,0,2026-03-28
CUST-04414,26,71408,Paid Social,Term Life,Control,98,0.0,0,2026-01-29
CUST-04415,37,99088,Paid Social,Term Life,Control,88,15.0,1,2026-01-13
CUST-04416,51,72548,Paid Social,Term Life,Control,96,0.0,0,2026-04-29
CUST-04417,63,52359,Paid Social,Whole Life,Variant A,65,15.0,1,2026-03-10
CUST-04418,47,67003,Paid Search,Term Life,Variant A,75,15.0,1,2026-04-21
CUST-04419,56,90966,Paid Search,Whole Life,Variant A,72,0.0,0,2026-04-13
CUST-04420,39,25000,Paid Search,Whole Life,Variant A,96,15.0,1,2026-04-13
CUST-04421,49,57799,Paid Search,Accidental Death,Variant A,59,0.0,0,2026-02-11
CUST-04422,51,99576,Email,Whole Life,Variant A,75,17.44,1,2026-04-19
CUST-04423,18,52203,Paid Social,Whole Life,Variant A,77,15.0,1,2026-04-30
CUST-04424,37,103652,Paid Social,Term Life,Variant A,46,15.0,1,2026-04-17
CUST-04425,53,100368,Paid Search,Accidental Death,Control,81,0.0,0,2026-01-01
CUST-04426,45,63361,Paid Search,Whole Life,Control,33,0.0,0,2026-01-20
CUST-04427,27,50786,Paid Search,Term Life,Variant A,39,0.0,0,2026-02-12
CUST-04428,18,57816,Paid Search,Accidental Death,Control,49,0.0,0,2026-01-01
CUST-04429,37,131615,Paid Search,Term Life,Control,78,15.0,1,2026-04-09
CUST-04430,41,111860,Paid Social,Accidental Death,Variant A,98,15.0,1,2026-02-09
CUST-04431,31,68134,Paid Social,Accidental Death,Variant A,94,0.0,0,2026-04-19
CUST-04432,43,49796,Paid Social,Term Life,Variant A,96,15.0,1,2026-01-07
CUST-04433,48,67926,Paid Social,Whole Life,Control,33,0.0,0,2026-02-04
CUST-04434,50,71095,Email,Term Life,Variant A,74,0.0,0,2026-02-21
CUST-04435,18,33916,Paid Search,Term Life,Variant A,7,0.0,0,2026-02-03
CUST-04436,26,67001,Paid Search,Term Life,Variant A,97,0.0,0,2026-02-19
CUST-04437,38,98060,Paid Search,Whole Life,Control,61,21.38,1,2026-03-10
CUST-04438,48,25000,Paid Social,Term Life,Variant A,70,0.0,0,2026-01-29
CUST-04439,47,85664,Email,Term Life,Control,26,0.0,0,2026-04-24
CUST-04440,47,99369,Paid Search,Whole Life,Variant A,31,15.65,1,2026-04-22
CUST-04441,37,50986,Email,Term Life,Variant A,26,0.0,0,2026-04-01
CUST-04442,38,107354,Email,Term Life,Variant A,78,0.0,0,2026-03-12
CUST-04443,33,47741,Paid Search,Term Life,Variant A,53,0.0,0,2026-01-01
CUST-04444,51,76027,Paid Search,Term Life,Variant A,87,0.0,0,2026-03-14
CUST-04445,30,57330,Paid Social,Term Life,Control,28,0.0,0,2026-04-21
CUST-04446,52,57325,Email,Term Life,Control,31,15.0,1,2026-02-27
CUST-04447,44,49567,Paid Search,Accidental Death,Control,40,0.0,0,2026-03-06
CUST-04448,41,82464,Paid Social,Whole Life,Variant A,21,0.0,0,2026-04-01
CUST-04449,34,86220,Paid Search,Term Life,Variant A,60,15.0,1,2026-01-17
CUST-04450,25,63389,Paid Social,Term Life,Variant A,14,0.0,0,2026-03-03
CUST-04451,34,31000,Paid Social,Term Life,Variant A,58,15.0,1,2026-04-06
CUST-04452,38,75079,Paid Social,Whole Life,Control,85,15.0,1,2026-04-15
CUST-04453,18,75550,Email,Term Life,Control,78,0.0,0,2026-04-29
CUST-04454,39,59582,Email,Term Life,Control,78,15.0,1,2026-04-04
CUST-04455,53,111680,Email,Accidental Death,Variant A,42,0.0,0,2026-03-20
CUST-04456,48,25901,Paid Search,Term Life,Variant A,85,0.0,0,2026-02-11
CUST-04457,36,25000,Paid Social,Term Life,Variant A,94,15.0,1,2026-01-28
CUST-04458,42,46729,Paid Search,Accidental Death,Control,94,0.0,0,2026-04-26
CUST-04459,35,82760,Paid Social,Whole Life,Control,8,0.0,0,2026-01-03
CUST-04460,43,38603,Paid Social,Term Life,Variant A,54,0.0,0,2026-04-02
CUST-04461,60,40475,Paid Social,Whole Life,Control,95,15.0,1,2026-01-05
CUST-04462,53,88775,Paid Social,Term Life,Control,65,15.0,1,2026-03-07
CUST-04463,48,76563,Email,Whole Life,Control,25,15.0,1,2026-02-23
CUST-04464,36,74426,Paid Search,Term Life,Variant A,40,0.0,0,2026-02-07
CUST-04465,50,84535,Paid Social,Accidental Death,Control,50,0.0,0,2026-03-21
CUST-04466,21,54370,Paid Search,Accidental Death,Control,99,15.0,1,2026-02-13
CUST-04467,38,55525,Paid Search,Accidental Death,Variant A,75,15.0,1,2026-03-22
CUST-04468,49,85244,Paid Search,Accidental Death,Control,48,0.0,0,2026-03-17
CUST-04469,50,31377,Email,Whole Life,Control,68,0.0,0,2026-03-31
CUST-04470,50,25000,Email,Term Life,Variant A,22,0.0,0,2026-02-26
CUST-04471,45,54167,Email,Term Life,Variant A,92,15.0,1,2026-04-23
CUST-04472,39,88271,Email,Whole Life,Control,17,0.0,0,2026-04-28
CUST-04473,48,71388,Paid Search,Accidental Death,Control,17,0.0,0,2026-03-12
CUST-04474,30,86432,Paid Search,Term Life,Control,29,0.0,0,2026-01-24
CUST-04475,31,25000,Paid Social,Accidental Death,Variant A,9,0.0,0,2026-03-21
CUST-04476,42,72887,Paid Social,Accidental Death,Variant A,43,0.0,0,2026-03-23
CUST-04477,44,81346,Paid Social,Accidental Death,Control,33,0.0,0,2026-02-28
CUST-04478,20,31230,Paid Search,Accidental Death,Control,61,0.0,0,2026-01-08
CUST-04479,47,86551,Paid Social,Term Life,Control,50,0.0,0,2026-04-01
CUST-04480,51,62212,Paid Social,Term Life,Control,37,15.0,1,2026-03-31
CUST-04481,41,141783,Paid Search,Term Life,Control,92,15.0,1,2026-04-05
CUST-04482,70,25000,Paid Social,Term Life,Variant A,14,15.0,1,2026-03-23
CUST-04483,33,99227,Paid Social,Whole Life,Variant A,62,15.67,1,2026-01-02
CUST-04484,37,55146,Paid Social,Accidental Death,Control,29,0.0,0,2026-02-10
CUST-04485,37,25000,Paid Search,Accidental Death,Variant A,78,15.0,1,2026-03-28
CUST-04486,41,51826,Paid Social,Whole Life,Control,43,15.0,1,2026-02-25
CUST-04487,38,71936,Paid Search,Term Life,Control,20,0.0,0,2026-02-17
CUST-04488,25,90936,Paid Search,Term Life,Variant A,64,15.0,1,2026-04-23
CUST-04489,35,108049,Paid Social,Term Life,Control,32,0.0,0,2026-04-16
CUST-04490,40,100547,Paid Social,Term Life,Variant A,80,0.0,0,2026-01-22
CUST-04491,56,40865,Paid Search,Whole Life,Variant A,48,15.0,1,2026-04-07
CUST-04492,68,93254,Paid Social,Term Life,Variant A,62,0.0,0,2026-04-27
CUST-04493,58,74782,Paid Social,Term Life,Variant A,36,15.0,1,2026-01-18
CUST-04494,32,48634,Paid Social,Term Life,Control,67,0.0,0,2026-03-20
CUST-04495,33,59702,Paid Social,Whole Life,Variant A,97,15.0,1,2026-02-10
CUST-04496,40,47253,Paid Social,Term Life,Control,49,0.0,0,2026-03-08
CUST-04497,63,65927,Paid Social,Term Life,Variant A,57,0.0,0,2026-02-17
CUST-04498,40,46758,Paid Search,Term Life,Variant A,65,0.0,0,2026-01-23
CUST-04499,26,39300,Paid Search,Accidental Death,Variant A,54,0.0,0,2026-04-21
CUST-04500,35,76977,Paid Social,Term Life,Variant A,31,0.0,0,2026-01-02
CUST-04501,51,80718,Paid Social,Whole Life,Variant A,30,0.0,0,2026-04-16
CUST-04502,50,60310,Paid Social,Whole Life,Variant A,7,0.0,0,2026-01-04
CUST-04503,39,99191,Paid Search,Whole Life,Variant A,94,15.0,1,2026-01-26
CUST-04504,50,58489,Paid Search,Accidental Death,Control,43,15.0,1,2026-01-19
CUST-04505,18,57430,Paid Social,Term Life,Variant A,69,15.0,1,2026-02-18
CUST-04506,43,81512,Paid Search,Term Life,Variant A,39,15.0,1,2026-03-15
CUST-04507,52,61689,Paid Social,Term Life,Variant A,57,0.0,0,2026-03-27
CUST-04508,32,67119,Paid Search,Whole Life,Variant A,95,15.0,1,2026-02-22
CUST-04509,31,25000,Paid Social,Term Life,Control,50,0.0,0,2026-01-06
CUST-04510,19,65417,Email,Term Life,Control,72,15.0,1,2026-03-03
CUST-04511,61,25000,Paid Search,Whole Life,Variant A,87,0.0,0,2026-01-01
CUST-04512,33,34476,Paid Social,Whole Life,Control,26,15.0,1,2026-04-17
CUST-04513,44,31616,Paid Search,Term Life,Variant A,64,0.0,0,2026-01-16
CUST-04514,49,38935,Paid Social,Whole Life,Variant A,10,0.0,0,2026-04-30
CUST-04515,60,51278,Paid Social,Whole Life,Control,56,15.0,1,2026-02-21
CUST-04516,40,52837,Paid Social,Term Life,Variant A,77,0.0,0,2026-01-07
CUST-04517,35,81606,Paid Social,Term Life,Variant A,79,15.0,1,2026-03-29
CUST-04518,44,70559,Email,Whole Life,Control,90,15.0,1,2026-02-04
CUST-04519,57,25000,Paid Search,Whole Life,Variant A,77,0.0,0,2026-03-19
CUST-04520,39,67082,Paid Search,Term Life,Control,33,0.0,0,2026-03-09
CUST-04521,30,72956,Email,Term Life,Variant A,47,15.0,1,2026-04-15
CUST-04522,23,56785,Paid Social,Whole Life,Control,78,15.0,1,2026-01-15
CUST-04523,27,63477,Email,Accidental Death,Variant A,38,0.0,0,2026-04-18
CUST-04524,52,69757,Paid Social,Whole Life,Control,35,0.0,0,2026-02-26
CUST-04525,38,84114,Email,Term Life,Variant A,90,15.0,1,2026-04-22
CUST-04526,34,25628,Paid Social,Term Life,Variant A,50,0.0,0,2026-01-23
CUST-04527,33,58892,Paid Social,Accidental Death,Control,8,0.0,0,2026-03-24
CUST-04528,43,102708,Email,Term Life,Variant A,6,0.0,0,2026-03-19
CUST-04529,39,100416,Paid Social,Accidental Death,Variant A,9,0.0,0,2026-04-01
CUST-04530,38,86273,Paid Search,Accidental Death,Variant A,50,0.0,0,2026-04-10
CUST-04531,58,78420,Paid Search,Term Life,Variant A,83,15.0,1,2026-04-29
CUST-04532,60,106365,Paid Search,Accidental Death,Variant A,23,0.0,0,2026-04-12
CUST-04533,22,112946,Paid Search,Term Life,Variant A,42,0.0,0,2026-03-27
CUST-04534,45,61773,Paid Search,Accidental Death,Control,63,0.0,0,2026-01-11
CUST-04535,32,40764,Paid Social,Term Life,Variant A,83,15.0,1,2026-01-04
CUST-04536,39,58242,Paid Social,Term Life,Variant A,76,0.0,0,2026-02-27
CUST-04537,45,142417,Paid Social,Whole Life,Variant A,24,0.0,0,2026-04-06
CUST-04538,39,25766,Paid Social,Whole Life,Control,80,0.0,0,2026-02-09
CUST-04539,44,53236,Paid Search,Term Life,Control,72,0.0,0,2026-04-15
CUST-04540,50,29682,Paid Search,Whole Life,Variant A,57,0.0,0,2026-02-27
CUST-04541,45,68119,Paid Search,Term Life,Control,59,15.0,1,2026-04-29
CUST-04542,34,34932,Paid Social,Term Life,Control,43,15.0,1,2026-03-29
CUST-04543,34,62281,Paid Search,Term Life,Control,40,15.0,1,2026-04-08
CUST-04544,24,25000,Paid Search,Term Life,Variant A,62,15.0,1,2026-04-26
CUST-04545,31,80440,Paid Social,Term Life,Variant A,19,0.0,0,2026-03-08
CUST-04546,65,95558,Email,Term Life,Variant A,5,0.0,0,2026-02-07
CUST-04547,32,55401,Paid Search,Term Life,Control,99,15.0,1,2026-01-02
CUST-04548,27,61621,Paid Social,Term Life,Control,13,15.0,1,2026-03-28
CUST-04549,45,60914,Paid Social,Term Life,Variant A,27,0.0,0,2026-02-09
CUST-04550,40,69522,Paid Social,Accidental Death,Variant A,56,0.0,0,2026-03-25
CUST-04551,39,64045,Email,Term Life,Control,30,0.0,0,2026-02-25
CUST-04552,58,84202,Paid Search,Accidental Death,Variant A,64,0.0,0,2026-03-13
CUST-04553,48,95825,Paid Search,Whole Life,Control,22,0.0,0,2026-02-04
CUST-04554,35,44648,Email,Whole Life,Variant A,82,0.0,0,2026-02-18
CUST-04555,36,57266,Paid Social,Whole Life,Control,62,15.0,1,2026-04-17
CUST-04556,35,87540,Paid Social,Accidental Death,Variant A,69,0.0,0,2026-03-08
CUST-04557,52,29458,Paid Social,Term Life,Variant A,81,15.0,1,2026-04-06
CUST-04558,38,25000,Paid Social,Whole Life,Control,83,15.0,1,2026-04-05
CUST-04559,20,70657,Email,Whole Life,Variant A,73,15.0,1,2026-02-13
CUST-04560,41,77408,Email,Whole Life,Control,18,0.0,0,2026-04-20
CUST-04561,23,46942,Paid Social,Accidental Death,Control,82,15.0,1,2026-01-31
CUST-04562,68,50533,Paid Search,Term Life,Control,50,0.0,0,2026-03-06
CUST-04563,30,45995,Email,Whole Life,Variant A,73,15.0,1,2026-03-17
CUST-04564,40,43326,Paid Search,Whole Life,Control,79,15.0,1,2026-01-18
CUST-04565,45,82337,Paid Search,Term Life,Variant A,36,15.0,1,2026-03-29
CUST-04566,38,35487,Email,Term Life,Variant A,55,15.0,1,2026-02-05
CUST-04567,38,58361,Paid Search,Whole Life,Variant A,73,15.0,1,2026-03-03
CUST-04568,47,42366,Paid Search,Accidental Death,Control,19,0.0,0,2026-01-29
CUST-04569,60,28617,Paid Search,Term Life,Control,57,15.0,1,2026-03-30
CUST-04570,51,86754,Email,Accidental Death,Control,75,0.0,0,2026-01-23
CUST-04571,59,52004,Paid Social,Term Life,Control,73,15.0,1,2026-01-03
CUST-04572,29,69711,Paid Social,Term Life,Variant A,98,0.0,0,2026-01-30
CUST-04573,45,27298,Paid Search,Term Life,Variant A,19,0.0,0,2026-03-22
CUST-04574,43,46451,Paid Social,Term Life,Control,34,15.0,1,2026-02-14
CUST-04575,46,83902,Paid Social,Term Life,Variant A,82,0.0,0,2026-02-18
CUST-04576,58,129681,Paid Search,Term Life,Control,28,0.0,0,2026-04-04
CUST-04577,39,25000,Paid Social,Whole Life,Control,92,0.0,0,2026-04-23
CUST-04578,37,59972,Paid Search,Whole Life,Variant A,39,0.0,0,2026-01-19
CUST-04579,48,75307,Email,Term Life,Variant A,73,15.0,1,2026-03-05
CUST-04580,20,49597,Paid Social,Term Life,Variant A,16,0.0,0,2026-01-05
CUST-04581,39,86238,Email,Term Life,Variant A,88,15.0,1,2026-04-14
CUST-04582,40,43331,Paid Search,Whole Life,Control,50,15.0,1,2026-02-25
CUST-04583,30,68846,Paid Social,Term Life,Variant A,73,0.0,0,2026-02-03
CUST-04584,54,51948,Paid Social,Term Life,Variant A,40,15.0,1,2026-03-14
CUST-04585,29,95485,Paid Social,Accidental Death,Variant A,89,15.0,1,2026-04-13
CUST-04586,40,48090,Email,Accidental Death,Variant A,52,15.0,1,2026-02-17
CUST-04587,45,56203,Paid Search,Term Life,Control,71,0.0,0,2026-04-18
CUST-04588,58,88642,Paid Search,Term Life,Variant A,97,15.0,1,2026-01-26
CUST-04589,41,39299,Paid Social,Term Life,Control,58,0.0,0,2026-04-27
CUST-04590,53,66718,Paid Social,Whole Life,Variant A,93,15.0,1,2026-01-05
CUST-04591,50,25000,Paid Social,Whole Life,Variant A,95,0.0,0,2026-03-29
CUST-04592,43,37801,Paid Search,Term Life,Control,40,0.0,0,2026-01-31
CUST-04593,28,74553,Paid Social,Whole Life,Variant A,56,0.0,0,2026-01-24
CUST-04594,24,40232,Paid Search,Term Life,Control,26,0.0,0,2026-03-26
CUST-04595,43,51385,Paid Social,Term Life,Control,42,0.0,0,2026-01-22
CUST-04596,35,77327,Paid Social,Term Life,Variant A,66,0.0,0,2026-04-12
CUST-04597,53,50520,Paid Social,Term Life,Control,69,0.0,0,2026-01-22
CUST-04598,50,85571,Paid Search,Term Life,Control,7,0.0,0,2026-03-26
CUST-04599,39,70391,Paid Social,Term Life,Variant A,92,15.0,1,2026-02-26
CUST-04600,28,75892,Paid Search,Term Life,Variant A,12,15.0,1,2026-01-30
CUST-04601,48,96024,Paid Search,Term Life,Variant A,43,15.0,1,2026-04-23
CUST-04602,29,72995,Paid Social,Whole Life,Variant A,22,0.0,0,2026-02-16
CUST-04603,32,103471,Email,Term Life,Variant A,7,0.0,0,2026-03-15
CUST-04604,30,87781,Paid Search,Term Life,Variant A,22,0.0,0,2026-03-08
CUST-04605,40,51913,Paid Social,Whole Life,Variant A,84,0.0,0,2026-02-08
CUST-04606,56,97328,Email,Whole Life,Control,5,0.0,0,2026-04-03
CUST-04607,41,71596,Email,Accidental Death,Variant A,30,0.0,0,2026-03-30
CUST-04608,36,55133,Paid Search,Term Life,Control,56,15.0,1,2026-03-07
CUST-04609,23,71959,Email,Term Life,Control,16,0.0,0,2026-03-18
CUST-04610,48,92808,Paid Search,Whole Life,Variant A,42,15.0,1,2026-04-01
CUST-04611,32,76376,Paid Search,Whole Life,Variant A,89,15.0,1,2026-01-29
CUST-04612,43,110559,Paid Search,Term Life,Control,45,0.0,0,2026-01-14
CUST-04613,37,92163,Paid Social,Accidental Death,Control,57,15.0,1,2026-01-04
CUST-04614,52,78079,Paid Search,Term Life,Control,17,0.0,0,2026-03-13
CUST-04615,40,39348,Paid Search,Accidental Death,Control,80,15.0,1,2026-01-05
CUST-04616,41,60506,Paid Search,Accidental Death,Control,17,15.0,1,2026-02-13
CUST-04617,47,66791,Email,Whole Life,Variant A,22,0.0,0,2026-04-01
CUST-04618,67,82415,Email,Accidental Death,Control,23,0.0,0,2026-01-24
CUST-04619,52,80933,Paid Search,Whole Life,Control,23,0.0,0,2026-04-18
CUST-04620,40,69238,Email,Term Life,Variant A,74,15.0,1,2026-04-17
CUST-04621,42,68008,Email,Term Life,Variant A,52,15.0,1,2026-04-08
CUST-04622,35,83011,Paid Social,Term Life,Control,75,0.0,0,2026-01-28
CUST-04623,30,43535,Paid Search,Term Life,Variant A,75,0.0,0,2026-01-24
CUST-04624,35,107387,Paid Social,Whole Life,Control,32,0.0,0,2026-04-28
CUST-04625,32,25000,Email,Term Life,Variant A,96,15.0,1,2026-01-05
CUST-04626,49,101385,Paid Social,Term Life,Control,23,0.0,0,2026-01-13
CUST-04627,29,63870,Paid Search,Whole Life,Variant A,84,15.0,1,2026-03-23
CUST-04628,57,90064,Paid Social,Accidental Death,Variant A,85,0.0,0,2026-02-24
CUST-04629,51,74096,Paid Social,Term Life,Variant A,90,15.0,1,2026-03-22
CUST-04630,42,73650,Paid Social,Term Life,Control,87,15.0,1,2026-01-30
CUST-04631,42,78856,Paid Search,Term Life,Variant A,52,0.0,0,2026-04-12
CUST-04632,35,85226,Paid Search,Whole Life,Control,33,0.0,0,2026-03-24
CUST-04633,45,56779,Email,Term Life,Control,52,15.0,1,2026-03-27
CUST-04634,55,90869,Email,Whole Life,Control,23,0.0,0,2026-02-18
CUST-04635,33,37888,Paid Search,Term Life,Variant A,51,0.0,0,2026-04-23
CUST-04636,23,64866,Email,Term Life,Control,93,15.0,1,2026-03-23
CUST-04637,50,85899,Paid Search,Accidental Death,Variant A,64,0.0,0,2026-03-31
CUST-04638,45,89875,Paid Social,Term Life,Control,52,0.0,0,2026-01-15
CUST-04639,28,76519,Paid Social,Term Life,Variant A,24,0.0,0,2026-04-29
CUST-04640,33,55165,Email,Term Life,Control,23,0.0,0,2026-04-02
CUST-04641,31,87417,Email,Term Life,Control,46,0.0,0,2026-01-30
CUST-04642,33,48265,Paid Search,Whole Life,Control,81,15.0,1,2026-01-28
CUST-04643,38,108785,Email,Term Life,Variant A,80,0.0,0,2026-03-25
CUST-04644,38,62883,Paid Search,Term Life,Control,53,15.0,1,2026-01-04
CUST-04645,34,26509,Paid Social,Term Life,Variant A,19,0.0,0,2026-03-09
CUST-04646,32,35132,Paid Social,Whole Life,Control,64,0.0,0,2026-04-11
CUST-04647,39,66091,Paid Social,Whole Life,Variant A,72,15.0,1,2026-01-15
CUST-04648,44,68495,Paid Search,Whole Life,Control,83,0.0,0,2026-02-03
CUST-04649,38,114241,Email,Whole Life,Control,85,0.0,0,2026-03-16
CUST-04650,55,39037,Paid Search,Term Life,Variant A,31,0.0,0,2026-03-28
CUST-04651,48,65986,Paid Search,Term Life,Control,79,15.0,1,2026-04-09
CUST-04652,22,38514,Paid Social,Term Life,Control,59,15.0,1,2026-02-12
CUST-04653,48,52683,Paid Social,Term Life,Control,91,0.0,0,2026-04-09
CUST-04654,49,107099,Email,Term Life,Variant A,19,0.0,0,2026-03-16
CUST-04655,36,36591,Paid Search,Whole Life,Control,56,15.0,1,2026-03-02
CUST-04656,24,79676,Paid Search,Whole Life,Control,35,0.0,0,2026-03-04
CUST-04657,42,74822,Email,Accidental Death,Variant A,94,15.0,1,2026-01-02
CUST-04658,41,64395,Paid Social,Term Life,Control,11,0.0,0,2026-04-28
CUST-04659,28,77985,Paid Search,Whole Life,Variant A,17,0.0,0,2026-02-21
CUST-04660,24,35999,Paid Social,Accidental Death,Variant A,58,15.0,1,2026-02-21
CUST-04661,40,106408,Paid Social,Whole Life,Variant A,17,0.0,0,2026-01-15
CUST-04662,39,113121,Paid Social,Term Life,Control,24,0.0,0,2026-02-09
CUST-04663,36,66177,Paid Social,Term Life,Variant A,14,0.0,0,2026-01-28
CUST-04664,40,125577,Email,Term Life,Control,56,15.0,1,2026-04-05
CUST-04665,28,55024,Email,Term Life,Control,41,0.0,0,2026-04-06
CUST-04666,36,75010,Paid Social,Whole Life,Variant A,56,0.0,0,2026-04-08
CUST-04667,48,100797,Paid Search,Term Life,Control,31,0.0,0,2026-02-24
CUST-04668,37,53524,Email,Term Life,Control,38,0.0,0,2026-02-19
CUST-04669,21,30461,Paid Social,Whole Life,Variant A,66,15.0,1,2026-01-22
CUST-04670,36,25000,Paid Social,Whole Life,Control,20,0.0,0,2026-01-29
CUST-04671,29,116520,Paid Search,Term Life,Control,63,0.0,0,2026-04-27
CUST-04672,45,51774,Email,Whole Life,Control,25,0.0,0,2026-03-13
CUST-04673,45,60356,Paid Social,Term Life,Control,20,0.0,0,2026-03-27
CUST-04674,22,37180,Paid Search,Term Life,Control,85,15.0,1,2026-01-12
CUST-04675,51,88708,Paid Social,Term Life,Control,83,15.0,1,2026-03-28
CUST-04676,28,45461,Email,Whole Life,Control,17,0.0,0,2026-02-07
CUST-04677,60,52718,Paid Search,Accidental Death,Variant A,37,15.0,1,2026-04-30
CUST-04678,41,72488,Email,Term Life,Control,58,15.0,1,2026-01-02
CUST-04679,27,38398,Paid Social,Whole Life,Variant A,73,0.0,0,2026-01-12
CUST-04680,28,60535,Paid Social,Term Life,Variant A,31,0.0,0,2026-02-24
CUST-04681,46,100055,Paid Search,Whole Life,Control,56,0.0,0,2026-03-26
CUST-04682,37,75706,Paid Search,Term Life,Control,69,15.0,1,2026-01-12
CUST-04683,40,68263,Email,Term Life,Variant A,48,0.0,0,2026-04-19
CUST-04684,61,70371,Paid Search,Accidental Death,Control,34,0.0,0,2026-04-05
CUST-04685,33,55271,Paid Social,Whole Life,Variant A,27,0.0,0,2026-01-09
CUST-04686,42,114903,Paid Search,Term Life,Control,83,15.0,1,2026-03-20
CUST-04687,59,44696,Paid Search,Term Life,Control,87,0.0,0,2026-02-01
CUST-04688,45,70273,Paid Search,Term Life,Control,98,15.0,1,2026-04-17
CUST-04689,22,67875,Paid Social,Term Life,Control,20,0.0,0,2026-03-14
CUST-04690,48,90219,Email,Accidental Death,Control,59,15.0,1,2026-03-29
CUST-04691,28,92579,Paid Search,Accidental Death,Control,22,0.0,0,2026-01-08
CUST-04692,58,64199,Paid Search,Term Life,Control,94,15.0,1,2026-04-26
CUST-04693,32,72266,Paid Search,Term Life,Variant A,21,0.0,0,2026-01-28
CUST-04694,75,73213,Paid Social,Accidental Death,Control,79,15.0,1,2026-02-25
CUST-04695,59,25000,Paid Social,Term Life,Variant A,56,0.0,0,2026-03-23
CUST-04696,32,25275,Email,Whole Life,Control,49,0.0,0,2026-04-17
CUST-04697,42,49873,Paid Social,Term Life,Control,60,15.0,1,2026-04-11
CUST-04698,51,50960,Paid Social,Whole Life,Control,97,0.0,0,2026-02-05
CUST-04699,51,35017,Paid Search,Whole Life,Variant A,58,15.0,1,2026-04-27
CUST-04700,47,83739,Email,Accidental Death,Variant A,13,0.0,0,2026-02-06
CUST-04701,57,65052,Paid Search,Whole Life,Control,21,15.0,1,2026-02-01
CUST-04702,40,59632,Paid Search,Term Life,Control,31,0.0,0,2026-03-26
CUST-04703,37,33596,Paid Social,Whole Life,Variant A,41,0.0,0,2026-02-08
CUST-04704,37,63886,Paid Social,Accidental Death,Variant A,26,0.0,0,2026-02-18
CUST-04705,52,25000,Paid Social,Term Life,Control,76,0.0,0,2026-04-03
CUST-04706,46,60926,Paid Social,Term Life,Variant A,71,15.0,1,2026-01-18
CUST-04707,45,66579,Paid Social,Term Life,Control,42,0.0,0,2026-01-23
CUST-04708,51,71047,Paid Search,Term Life,Control,76,0.0,0,2026-02-02
CUST-04709,18,25897,Email,Term Life,Variant A,48,0.0,0,2026-04-22
CUST-04710,45,70620,Paid Social,Whole Life,Variant A,95,15.0,1,2026-03-14
CUST-04711,44,38964,Paid Social,Term Life,Control,40,0.0,0,2026-04-18
CUST-04712,62,44688,Paid Social,Accidental Death,Variant A,29,15.0,1,2026-02-20
CUST-04713,23,82948,Paid Search,Term Life,Variant A,99,15.0,1,2026-02-12
CUST-04714,60,115352,Paid Social,Term Life,Control,46,15.0,1,2026-04-12
CUST-04715,42,66283,Paid Social,Term Life,Control,17,15.0,1,2026-01-04
CUST-04716,47,44572,Paid Search,Term Life,Control,60,0.0,0,2026-03-21
CUST-04717,62,69716,Paid Social,Term Life,Control,83,0.0,0,2026-03-08
CUST-04718,48,88475,Email,Term Life,Variant A,55,0.0,0,2026-03-13
CUST-04719,46,80524,Paid Social,Term Life,Control,54,0.0,0,2026-03-21
CUST-04720,44,133577,Email,Whole Life,Control,81,28.44,1,2026-01-02
CUST-04721,36,47116,Paid Search,Whole Life,Variant A,56,15.0,1,2026-02-14
CUST-04722,41,71305,Paid Search,Term Life,Variant A,37,0.0,0,2026-03-24
CUST-04723,33,103722,Paid Search,Whole Life,Variant A,99,21.6,1,2026-03-29
CUST-04724,41,102153,Paid Social,Whole Life,Variant A,29,0.0,0,2026-03-21
CUST-04725,18,25000,Paid Search,Term Life,Variant A,62,0.0,0,2026-04-25
CUST-04726,47,64916,Paid Search,Accidental Death,Variant A,44,0.0,0,2026-02-09
CUST-04727,40,102113,Email,Accidental Death,Control,91,0.0,0,2026-04-29
CUST-04728,37,137266,Email,Term Life,Control,42,0.0,0,2026-01-02
CUST-04729,44,82594,Paid Social,Term Life,Variant A,7,0.0,0,2026-02-01
CUST-04730,24,55803,Paid Search,Term Life,Control,20,0.0,0,2026-01-01
CUST-04731,65,39769,Paid Search,Term Life,Control,6,0.0,0,2026-04-23
CUST-04732,40,120468,Paid Search,Whole Life,Variant A,27,0.0,0,2026-01-18
CUST-04733,40,83218,Paid Social,Term Life,Control,34,0.0,0,2026-04-13
CUST-04734,30,43798,Email,Whole Life,Control,14,0.0,0,2026-03-05
CUST-04735,42,59921,Paid Social,Whole Life,Control,69,0.0,0,2026-02-01
CUST-04736,58,72754,Paid Search,Whole Life,Control,26,0.0,0,2026-01-09
CUST-04737,54,78595,Paid Social,Whole Life,Variant A,56,15.0,1,2026-02-24
CUST-04738,52,42509,Paid Search,Term Life,Variant A,60,0.0,0,2026-03-08
CUST-04739,48,49645,Paid Search,Term Life,Variant A,37,0.0,0,2026-04-30
CUST-04740,37,25000,Paid Social,Whole Life,Control,93,15.0,1,2026-01-24
CUST-04741,24,90994,Paid Social,Term Life,Variant A,90,15.0,1,2026-01-11
CUST-04742,39,56459,Paid Search,Term Life,Variant A,84,15.0,1,2026-01-28
CUST-04743,39,76658,Paid Search,Accidental Death,Control,34,0.0,0,2026-01-16
CUST-04744,54,100556,Email,Whole Life,Control,86,20.63,1,2026-04-03
CUST-04745,45,70496,Paid Search,Term Life,Variant A,28,0.0,0,2026-04-15
CUST-04746,61,62175,Paid Search,Whole Life,Variant A,9,0.0,0,2026-01-12
CUST-04747,56,69848,Paid Search,Whole Life,Variant A,57,0.0,0,2026-04-20
CUST-04748,36,66579,Paid Search,Term Life,Control,59,0.0,0,2026-03-09
CUST-04749,20,96154,Paid Search,Term Life,Control,27,0.0,0,2026-03-31
CUST-04750,58,72770,Email,Accidental Death,Variant A,95,0.0,0,2026-01-04
CUST-04751,58,51389,Paid Search,Term Life,Control,80,15.0,1,2026-03-16
CUST-04752,25,91196,Paid Social,Term Life,Control,14,15.0,1,2026-03-07
CUST-04753,60,95762,Paid Social,Term Life,Control,37,0.0,0,2026-01-31
CUST-04754,46,31541,Paid Social,Whole Life,Control,84,15.0,1,2026-02-25
CUST-04755,43,103319,Email,Term Life,Control,97,0.0,0,2026-02-19
CUST-04756,61,74117,Email,Term Life,Variant A,66,0.0,0,2026-03-08
CUST-04757,58,72081,Paid Search,Term Life,Variant A,86,15.0,1,2026-03-30
CUST-04758,49,90165,Paid Social,Accidental Death,Control,31,0.0,0,2026-04-08
CUST-04759,47,50825,Paid Social,Term Life,Control,11,0.0,0,2026-01-01
CUST-04760,49,88854,Email,Whole Life,Variant A,31,0.0,0,2026-03-10
CUST-04761,37,55580,Paid Social,Accidental Death,Control,78,15.0,1,2026-02-08
CUST-04762,41,28126,Email,Term Life,Variant A,14,0.0,0,2026-02-21
CUST-04763,31,40056,Paid Social,Accidental Death,Control,79,0.0,0,2026-04-05
CUST-04764,38,79175,Paid Search,Accidental Death,Variant A,61,0.0,0,2026-02-05
CUST-04765,37,41363,Paid Social,Accidental Death,Control,34,15.0,1,2026-03-08
CUST-04766,34,105251,Email,Term Life,Variant A,7,0.0,0,2026-04-12
CUST-04767,43,94732,Email,Whole Life,Variant A,33,0.0,0,2026-01-12
CUST-04768,38,98335,Paid Search,Whole Life,Variant A,18,17.65,1,2026-03-02
CUST-04769,48,68119,Paid Social,Accidental Death,Variant A,81,15.0,1,2026-03-21
CUST-04770,22,71446,Paid Search,Term Life,Variant A,87,0.0,0,2026-03-13
CUST-04771,40,35157,Paid Search,Whole Life,Variant A,29,0.0,0,2026-01-11
CUST-04772,43,89894,Paid Social,Term Life,Variant A,14,0.0,0,2026-04-19
CUST-04773,38,74495,Paid Search,Term Life,Variant A,83,0.0,0,2026-01-14
CUST-04774,39,79182,Email,Term Life,Control,96,15.0,1,2026-04-01
CUST-04775,22,107207,Paid Search,Whole Life,Control,53,20.48,1,2026-03-23
CUST-04776,46,49850,Email,Term Life,Control,42,15.0,1,2026-02-23
CUST-04777,49,61846,Paid Search,Whole Life,Control,75,15.0,1,2026-01-08
CUST-04778,47,73166,Paid Search,Accidental Death,Variant A,18,0.0,0,2026-02-02
CUST-04779,54,41614,Paid Search,Term Life,Control,34,0.0,0,2026-01-04
CUST-04780,44,60310,Paid Search,Whole Life,Variant A,44,0.0,0,2026-04-23
CUST-04781,47,77323,Paid Search,Term Life,Variant A,16,0.0,0,2026-01-30
CUST-04782,43,56864,Paid Search,Term Life,Variant A,96,0.0,0,2026-03-25
CUST-04783,50,97724,Paid Social,Whole Life,Variant A,18,0.0,0,2026-04-04
CUST-04784,23,27226,Paid Search,Accidental Death,Control,5,0.0,0,2026-04-01
CUST-04785,31,93069,Paid Social,Whole Life,Variant A,72,17.3,1,2026-03-30
CUST-04786,61,81529,Paid Search,Whole Life,Control,53,0.0,0,2026-02-23
CUST-04787,18,50779,Email,Term Life,Variant A,22,15.0,1,2026-01-06
CUST-04788,40,41889,Email,Term Life,Control,40,0.0,0,2026-01-05
CUST-04789,56,25000,Paid Social,Whole Life,Control,68,0.0,0,2026-03-19
CUST-04790,40,45120,Paid Search,Term Life,Variant A,32,0.0,0,2026-02-20
CUST-04791,37,91179,Paid Search,Term Life,Variant A,96,15.0,1,2026-01-14
CUST-04792,43,63597,Email,Whole Life,Control,36,0.0,0,2026-02-03
CUST-04793,37,94074,Paid Search,Term Life,Variant A,76,0.0,0,2026-02-10
CUST-04794,42,49503,Paid Search,Term Life,Control,29,15.0,1,2026-03-30
CUST-04795,33,82677,Paid Search,Whole Life,Control,51,0.0,0,2026-02-08
CUST-04796,55,47062,Paid Search,Whole Life,Variant A,24,0.0,0,2026-01-18
CUST-04797,59,40860,Paid Search,Accidental Death,Variant A,37,15.0,1,2026-01-20
CUST-04798,40,62321,Paid Social,Whole Life,Variant A,34,15.0,1,2026-04-17
CUST-04799,25,48375,Paid Search,Term Life,Variant A,41,15.0,1,2026-01-08
CUST-04800,35,26429,Paid Social,Accidental Death,Variant A,84,15.0,1,2026-01-26
CUST-04801,39,60442,Paid Search,Whole Life,Control,57,0.0,0,2026-04-28
CUST-04802,48,67660,Paid Search,Term Life,Control,93,15.0,1,2026-03-26
CUST-04803,29,96708,Email,Term Life,Control,78,15.0,1,2026-01-27
CUST-04804,32,88420,Paid Search,Whole Life,Variant A,73,15.0,1,2026-02-01
CUST-04805,48,95498,Email,Whole Life,Control,12,16.09,1,2026-02-11
CUST-04806,53,83008,Paid Social,Whole Life,Control,5,0.0,0,2026-02-19
CUST-04807,34,73315,Paid Search,Whole Life,Variant A,99,15.35,1,2026-03-22
CUST-04808,26,34276,Email,Whole Life,Control,11,0.0,0,2026-02-18
CUST-04809,75,68746,Paid Search,Accidental Death,Variant A,66,0.0,0,2026-03-06
CUST-04810,51,79919,Email,Whole Life,Control,91,16.33,1,2026-03-04
CUST-04811,38,101435,Paid Search,Term Life,Variant A,62,0.0,0,2026-01-27
CUST-04812,52,82157,Email,Accidental Death,Control,92,15.0,1,2026-04-28
CUST-04813,40,96009,Paid Search,Term Life,Control,82,15.0,1,2026-04-10
CUST-04814,52,39200,Paid Social,Whole Life,Variant A,91,0.0,0,2026-03-16
CUST-04815,43,56839,Paid Social,Accidental Death,Variant A,77,15.0,1,2026-04-15
CUST-04816,43,75733,Email,Whole Life,Control,12,0.0,0,2026-04-15
CUST-04817,40,94023,Email,Whole Life,Control,68,17.44,1,2026-02-04
CUST-04818,24,61369,Email,Term Life,Control,12,0.0,0,2026-02-07
CUST-04819,65,62938,Email,Term Life,Control,7,0.0,0,2026-02-07
CUST-04820,30,82178,Paid Search,Term Life,Control,62,15.0,1,2026-02-11
CUST-04821,25,36853,Paid Search,Whole Life,Variant A,36,0.0,0,2026-02-11
CUST-04822,39,105185,Paid Search,Whole Life,Control,72,17.2,1,2026-02-18
CUST-04823,30,43021,Paid Search,Whole Life,Control,53,15.0,1,2026-04-21
CUST-04824,41,25000,Paid Search,Term Life,Variant A,42,15.0,1,2026-02-26
CUST-04825,50,65251,Paid Social,Term Life,Control,6,0.0,0,2026-04-10
CUST-04826,53,107461,Paid Search,Whole Life,Variant A,13,17.6,1,2026-02-23
CUST-04827,51,79661,Paid Social,Term Life,Variant A,50,0.0,0,2026-01-10
CUST-04828,38,83777,Paid Search,Whole Life,Control,69,15.0,1,2026-03-01
CUST-04829,42,66034,Paid Search,Whole Life,Control,53,0.0,0,2026-02-09
CUST-04830,46,61190,Paid Social,Whole Life,Control,79,15.0,1,2026-01-01
CUST-04831,20,26377,Paid Social,Term Life,Variant A,33,0.0,0,2026-04-30
CUST-04832,48,25000,Paid Social,Accidental Death,Variant A,94,0.0,0,2026-03-27
CUST-04833,24,69906,Paid Social,Term Life,Variant A,95,0.0,0,2026-03-05
CUST-04834,66,97813,Paid Search,Accidental Death,Variant A,33,15.0,1,2026-03-22
CUST-04835,37,73603,Paid Social,Term Life,Variant A,37,0.0,0,2026-01-12
CUST-04836,39,80589,Paid Search,Term Life,Variant A,32,0.0,0,2026-04-18
CUST-04837,32,104592,Paid Search,Accidental Death,Control,99,15.0,1,2026-02-26
CUST-04838,34,73219,Paid Social,Term Life,Control,87,15.0,1,2026-03-18
CUST-04839,69,61933,Paid Search,Whole Life,Control,30,0.0,0,2026-03-30
CUST-04840,53,44536,Paid Search,Accidental Death,Variant A,33,0.0,0,2026-01-26
CUST-04841,23,115555,Email,Accidental Death,Control,15,0.0,0,2026-04-20
CUST-04842,60,78163,Email,Accidental Death,Variant A,89,15.0,1,2026-02-09
CUST-04843,56,41409,Paid Search,Term Life,Variant A,38,0.0,0,2026-04-20
CUST-04844,38,35720,Paid Search,Whole Life,Control,90,0.0,0,2026-04-13
CUST-04845,45,96326,Paid Search,Term Life,Variant A,52,0.0,0,2026-04-23
CUST-04846,41,39063,Paid Search,Term Life,Control,31,0.0,0,2026-02-12
CUST-04847,65,111345,Email,Accidental Death,Control,76,15.0,1,2026-04-07
CUST-04848,32,25000,Paid Search,Term Life,Variant A,44,15.0,1,2026-03-13
CUST-04849,43,100564,Paid Social,Whole Life,Variant A,35,0.0,0,2026-01-13
CUST-04850,36,77172,Paid Search,Whole Life,Control,69,0.0,0,2026-03-31
CUST-04851,24,67964,Email,Whole Life,Control,43,0.0,0,2026-02-25
CUST-04852,68,60613,Paid Search,Accidental Death,Control,28,15.0,1,2026-01-17
CUST-04853,27,112268,Paid Social,Term Life,Control,96,15.0,1,2026-03-29
CUST-04854,44,82676,Paid Search,Whole Life,Variant A,72,0.0,0,2026-01-24
CUST-04855,21,42419,Paid Social,Accidental Death,Control,86,0.0,0,2026-03-17
CUST-04856,37,25000,Paid Search,Term Life,Variant A,97,15.0,1,2026-04-05
CUST-04857,47,69432,Paid Search,Term Life,Variant A,27,0.0,0,2026-02-27
CUST-04858,32,64973,Email,Whole Life,Control,65,0.0,0,2026-03-21
CUST-04859,49,27003,Email,Term Life,Control,31,0.0,0,2026-04-16
CUST-04860,38,63615,Email,Term Life,Variant A,20,15.0,1,2026-03-02
CUST-04861,55,50651,Paid Social,Accidental Death,Control,49,0.0,0,2026-03-21
CUST-04862,58,65232,Email,Whole Life,Variant A,31,15.0,1,2026-04-04
CUST-04863,34,83148,Paid Search,Accidental Death,Control,77,15.0,1,2026-01-28
CUST-04864,42,102315,Paid Search,Accidental Death,Control,9,0.0,0,2026-03-08
CUST-04865,44,87722,Paid Search,Whole Life,Control,63,0.0,0,2026-04-07
CUST-04866,49,46963,Paid Social,Term Life,Control,76,15.0,1,2026-02-20
CUST-04867,42,74222,Paid Search,Term Life,Variant A,86,0.0,0,2026-03-29
CUST-04868,44,66577,Paid Search,Term Life,Variant A,39,0.0,0,2026-04-04
CUST-04869,39,31696,Paid Social,Accidental Death,Control,74,15.0,1,2026-04-14
CUST-04870,43,74955,Email,Term Life,Control,91,0.0,0,2026-04-22
CUST-04871,57,111416,Paid Search,Term Life,Control,50,0.0,0,2026-04-02
CUST-04872,49,65810,Paid Search,Whole Life,Control,94,0.0,0,2026-04-21
CUST-04873,50,25145,Paid Search,Term Life,Variant A,60,0.0,0,2026-02-08
CUST-04874,50,65756,Paid Search,Term Life,Variant A,28,15.0,1,2026-03-07
CUST-04875,40,34657,Paid Search,Whole Life,Control,14,0.0,0,2026-03-18
CUST-04876,45,86590,Paid Social,Term Life,Variant A,83,15.0,1,2026-04-11
CUST-04877,28,78121,Paid Social,Term Life,Variant A,42,0.0,0,2026-03-15
CUST-04878,57,60727,Paid Social,Term Life,Control,88,0.0,0,2026-02-09
CUST-04879,18,56720,Paid Search,Whole Life,Variant A,97,15.0,1,2026-01-13
CUST-04880,40,59694,Email,Whole Life,Control,74,15.0,1,2026-01-19
CUST-04881,55,65206,Paid Search,Term Life,Variant A,52,15.0,1,2026-01-06
CUST-04882,25,45694,Paid Social,Whole Life,Control,13,0.0,0,2026-01-18
CUST-04883,46,30306,Email,Term Life,Control,54,0.0,0,2026-04-14
CUST-04884,33,93467,Paid Search,Accidental Death,Variant A,73,15.0,1,2026-01-09
CUST-04885,37,55364,Paid Search,Term Life,Variant A,52,0.0,0,2026-03-22
CUST-04886,53,69176,Email,Whole Life,Variant A,43,15.0,1,2026-03-09
CUST-04887,44,72132,Paid Search,Accidental Death,Control,87,15.0,1,2026-02-23
CUST-04888,18,73050,Paid Social,Accidental Death,Variant A,9,15.0,1,2026-02-19
CUST-04889,30,35654,Paid Search,Term Life,Control,88,0.0,0,2026-03-11
CUST-04890,53,25000,Paid Social,Term Life,Variant A,15,15.0,1,2026-01-11
CUST-04891,47,50282,Paid Search,Whole Life,Variant A,64,0.0,0,2026-02-24
CUST-04892,62,74892,Paid Search,Term Life,Control,31,0.0,0,2026-04-28
CUST-04893,62,46801,Paid Social,Accidental Death,Control,97,15.0,1,2026-02-11
CUST-04894,37,56126,Paid Search,Whole Life,Variant A,11,0.0,0,2026-03-31
CUST-04895,72,118182,Paid Search,Whole Life,Variant A,64,22.25,1,2026-01-11
CUST-04896,42,25000,Paid Search,Term Life,Variant A,54,15.0,1,2026-03-13
CUST-04897,30,46124,Paid Search,Whole Life,Control,71,0.0,0,2026-04-27
CUST-04898,34,112415,Paid Search,Whole Life,Variant A,73,21.13,1,2026-03-08
CUST-04899,18,63885,Paid Search,Accidental Death,Variant A,59,0.0,0,2026-01-02
CUST-04900,61,47350,Email,Term Life,Variant A,81,15.0,1,2026-03-23
CUST-04901,61,94219,Paid Search,Term Life,Variant A,20,0.0,0,2026-03-07
CUST-04902,29,66380,Paid Social,Term Life,Control,16,0.0,0,2026-01-26
CUST-04903,39,56292,Paid Search,Term Life,Variant A,31,15.0,1,2026-03-17
CUST-04904,43,69809,Paid Search,Whole Life,Variant A,37,0.0,0,2026-02-06
CUST-04905,30,48547,Email,Accidental Death,Control,83,0.0,0,2026-03-31
CUST-04906,20,39562,Paid Search,Term Life,Control,89,15.0,1,2026-02-05
CUST-04907,39,62160,Email,Accidental Death,Variant A,85,0.0,0,2026-01-16
CUST-04908,38,39725,Paid Search,Term Life,Control,59,15.0,1,2026-03-19
CUST-04909,37,65267,Paid Social,Term Life,Control,56,0.0,0,2026-03-07
CUST-04910,44,73860,Paid Social,Term Life,Variant A,41,0.0,0,2026-01-21
CUST-04911,59,86326,Email,Term Life,Control,19,0.0,0,2026-01-07
CUST-04912,38,93198,Paid Social,Accidental Death,Control,88,15.0,1,2026-04-27
CUST-04913,44,54856,Paid Social,Term Life,Variant A,87,15.0,1,2026-01-11
CUST-04914,50,77485,Paid Search,Whole Life,Control,69,0.0,0,2026-02-25
CUST-04915,48,77313,Paid Search,Term Life,Variant A,72,15.0,1,2026-02-13
CUST-04916,34,73195,Email,Accidental Death,Control,7,0.0,0,2026-02-23
CUST-04917,43,53013,Paid Search,Term Life,Variant A,76,0.0,0,2026-04-03
CUST-04918,48,39298,Paid Search,Term Life,Control,9,0.0,0,2026-02-26
CUST-04919,28,77550,Paid Social,Term Life,Control,13,0.0,0,2026-02-27
CUST-04920,57,25000,Paid Search,Term Life,Variant A,5,0.0,0,2026-02-06
CUST-04921,59,58304,Email,Term Life,Control,34,0.0,0,2026-04-30
CUST-04922,33,25000,Paid Social,Accidental Death,Variant A,75,15.0,1,2026-02-17
CUST-04923,44,31589,Paid Social,Whole Life,Variant A,90,0.0,0,2026-03-03
CUST-04924,49,43071,Email,Whole Life,Variant A,24,0.0,0,2026-04-28
CUST-04925,35,92418,Paid Search,Whole Life,Control,97,0.0,0,2026-02-08
CUST-04926,47,82202,Paid Search,Term Life,Variant A,31,0.0,0,2026-04-02
CUST-04927,43,51151,Paid Social,Term Life,Control,93,0.0,0,2026-03-05
CUST-04928,24,83234,Paid Search,Accidental Death,Control,95,15.0,1,2026-04-14
CUST-04929,47,87190,Paid Social,Accidental Death,Control,67,0.0,0,2026-03-09
CUST-04930,28,60983,Email,Accidental Death,Variant A,79,0.0,0,2026-03-09
CUST-04931,53,30390,Paid Social,Accidental Death,Variant A,85,15.0,1,2026-01-27
CUST-04932,33,59802,Paid Search,Term Life,Control,35,0.0,0,2026-03-11
CUST-04933,40,62552,Email,Term Life,Variant A,86,0.0,0,2026-04-08
CUST-04934,58,34188,Paid Social,Term Life,Variant A,23,0.0,0,2026-04-15
CUST-04935,47,74176,Paid Social,Term Life,Control,97,15.0,1,2026-04-14
CUST-04936,29,71995,Paid Search,Term Life,Variant A,83,15.0,1,2026-03-23
CUST-04937,29,76126,Email,Term Life,Control,66,0.0,0,2026-03-01
CUST-04938,34,71973,Paid Social,Whole Life,Variant A,11,0.0,0,2026-02-13
CUST-04939,46,83246,Paid Social,Accidental Death,Variant A,41,0.0,0,2026-04-22
CUST-04940,46,60516,Email,Whole Life,Control,75,15.0,1,2026-01-30
CUST-04941,31,70044,Paid Search,Accidental Death,Variant A,90,15.0,1,2026-04-07
CUST-04942,27,55056,Paid Social,Term Life,Control,80,15.0,1,2026-02-27
CUST-04943,45,50387,Email,Term Life,Variant A,12,0.0,0,2026-03-25
CUST-04944,39,98456,Paid Search,Whole Life,Control,61,15.0,1,2026-02-05
CUST-04945,67,25000,Paid Social,Term Life,Variant A,86,0.0,0,2026-04-20
CUST-04946,42,86918,Email,Term Life,Variant A,32,0.0,0,2026-04-24
CUST-04947,63,49486,Paid Social,Term Life,Variant A,86,15.0,1,2026-01-05
CUST-04948,27,46249,Paid Social,Term Life,Control,99,0.0,0,2026-04-09
CUST-04949,23,71539,Email,Whole Life,Variant A,21,0.0,0,2026-01-19
CUST-04950,28,27759,Email,Term Life,Control,91,15.0,1,2026-01-12
CUST-04951,56,44599,Paid Search,Whole Life,Control,15,0.0,0,2026-03-31
CUST-04952,63,43771,Paid Search,Whole Life,Control,19,0.0,0,2026-03-01
CUST-04953,32,59465,Paid Social,Term Life,Variant A,34,15.0,1,2026-03-24
CUST-04954,36,44896,Paid Social,Term Life,Control,99,0.0,0,2026-04-26
CUST-04955,27,105027,Paid Social,Term Life,Variant A,10,0.0,0,2026-01-11
CUST-04956,20,109925,Paid Social,Term Life,Variant A,16,15.0,1,2026-02-22
CUST-04957,50,25000,Paid Search,Whole Life,Variant A,91,15.0,1,2026-01-20
CUST-04958,44,78608,Paid Social,Whole Life,Control,65,15.0,1,2026-03-14
CUST-04959,42,86466,Paid Search,Whole Life,Variant A,40,0.0,0,2026-03-25
CUST-04960,25,78574,Paid Social,Term Life,Control,39,0.0,0,2026-01-27
CUST-04961,61,48547,Paid Social,Whole Life,Variant A,71,0.0,0,2026-04-29
CUST-04962,35,58897,Paid Search,Whole Life,Variant A,96,0.0,0,2026-02-27
CUST-04963,48,46293,Paid Search,Term Life,Variant A,83,15.0,1,2026-01-05
CUST-04964,24,54493,Paid Social,Whole Life,Variant A,81,0.0,0,2026-03-15
CUST-04965,39,34750,Paid Social,Term Life,Control,67,0.0,0,2026-01-09
CUST-04966,45,62130,Paid Search,Whole Life,Control,87,15.0,1,2026-03-30
CUST-04967,45,27429,Email,Whole Life,Control,44,15.0,1,2026-03-18
CUST-04968,43,59996,Paid Social,Term Life,Control,86,15.0,1,2026-02-01
CUST-04969,47,33785,Email,Whole Life,Variant A,35,0.0,0,2026-03-13
CUST-04970,28,70170,Paid Social,Term Life,Control,41,15.0,1,2026-02-23
CUST-04971,44,48014,Paid Social,Term Life,Variant A,89,15.0,1,2026-02-14
CUST-04972,43,72264,Email,Accidental Death,Variant A,9,0.0,0,2026-01-27
CUST-04973,44,92039,Paid Social,Accidental Death,Variant A,85,15.0,1,2026-03-27
CUST-04974,42,104736,Paid Social,Term Life,Variant A,87,15.0,1,2026-01-28
CUST-04975,26,25000,Paid Search,Term Life,Control,8,0.0,0,2026-01-18
CUST-04976,26,44145,Paid Social,Term Life,Control,30,15.0,1,2026-03-28
CUST-04977,18,57422,Paid Search,Term Life,Variant A,28,0.0,0,2026-04-15
CUST-04978,51,76508,Paid Search,Accidental Death,Control,43,0.0,0,2026-01-31
CUST-04979,51,25000,Paid Search,Accidental Death,Control,60,0.0,0,2026-02-10
CUST-04980,52,40447,Paid Search,Whole Life,Variant A,58,0.0,0,2026-02-03
CUST-04981,45,68258,Email,Term Life,Variant A,42,0.0,0,2026-01-07
CUST-04982,18,67122,Paid Search,Whole Life,Variant A,58,15.0,1,2026-01-05
CUST-04983,29,74440,Paid Social,Term Life,Control,23,0.0,0,2026-01-21
CUST-04984,44,76091,Email,Accidental Death,Variant A,98,15.0,1,2026-01-06
CUST-04985,43,73464,Paid Social,Accidental Death,Variant A,30,15.0,1,2026-02-14
CUST-04986,39,69841,Paid Search,Whole Life,Variant A,56,0.0,0,2026-04-30
CUST-04987,46,66393,Paid Social,Term Life,Control,79,15.0,1,2026-04-24
CUST-04988,42,81619,Paid Social,Term Life,Variant A,65,0.0,0,2026-02-04
CUST-04989,43,25000,Paid Social,Term Life,Variant A,71,0.0,0,2026-04-16
CUST-04990,34,103608,Paid Social,Accidental Death,Variant A,26,0.0,0,2026-03-28
CUST-04991,53,25000,Email,Term Life,Control,21,0.0,0,2026-01-03
CUST-04992,36,38020,Paid Social,Term Life,Variant A,15,0.0,0,2026-02-02
CUST-04993,26,59330,Paid Search,Term Life,Variant A,43,0.0,0,2026-02-07
CUST-04994,32,81815,Paid Social,Accidental Death,Variant A,65,0.0,0,2026-03-28
CUST-04995,37,25000,Paid Search,Term Life,Control,95,15.0,1,2026-03-21
CUST-04996,53,64296,Email,Accidental Death,Control,53,15.0,1,2026-03-30
CUST-04997,41,84809,Paid Search,Accidental Death,Control,97,0.0,0,2026-04-23
CUST-04998,39,89862,Paid Search,Accidental Death,Variant A,65,0.0,0,2026-01-16
CUST-04999,27,47566,Email,Term Life,Variant A,16,0.0,0,2026-03-30
CUST-05000,51,57479,Paid Social,Term Life,Control,17,0.0,0,2026-04-16
